Catalog,HIP,Proxy,RAhms,DEdms,Vmag,VarFlag,r_Vmag,RAdeg,DEdeg,AstroRef,Plx,pmRA,pmDE,e_RAdeg,e_DEdeg,e_Plx,e_pmRA,e_pmDE,DE:RA,Plx:RA,Plx:DE,pmRA:RA,pmRA:DE,pmRA:Plx,pmDE:RA,pmDE:DE,pmDE:Plx,pmDE:pmRA,F1,F2,---,BTmag,e_BTmag,VTmag,e_VTmag,m_BTmag,B-V,e_B-V,r_B-V,V-I,e_V-I,r_V-I,CombMag,Hpmag,e_Hpmag,Hpscat,o_Hpmag,m_Hpmag,Hpmax,HPmin,Period,HvarType,moreVar,morePhoto,CCDM,n_CCDM,Nsys,Ncomp,MultFlag,Source,Qual,m_HIP,theta,rho,e_rho,dHp,e_dHp,Survey,Chart,Notes,HD,BD,CoD,CPD,(V-I)red,SpType,r_SpType,Distance,AbsoluteMag,Temperature
H,1,,00 00 00.22,+01 05 20.4,9.1,,H,0.00091185,1.08901332,,3.54,-5.2,-1.88,1.32,0.74,1.39,1.36,0.81,0.32,-0.07,-0.11,-0.24,0.09,-0.01,0.1,-0.01,0.01,0.34,0.0,0.74,1,9.643,0.02,9.13,0.019,,0.482,0.025,T,0.55,0.03,L,,9.2043,0.002,0.017,87.0,,9.17,9.24,,,,,,,,1.0,,,,,,,,,,S,,,224700.0,B+00 5077,,,0.66,F5,S,282.4858757062147,1.8450163101289387,6471.667826414407
H,2,,00 00 00.91,-19 29 55.8,9.27,,G,0.00379737,-19.49883745,+,21.9,181.21,-0.93,1.28,0.7,3.1,1.74,0.92,0.12,-0.14,-0.24,-0.29,0.01,0.21,-0.02,-0.19,-0.28,0.14,2.0,1.45,2,10.519,0.033,9.378,0.021,,0.999,0.002,G,1.04,0.0,I,,9.4017,0.0017,0.015,120.0,,9.37,9.44,,C,,,,,,1.0,O,,,,,,,,,,,,224690.0,B-20 6688,,,1.04,K3V,4,45.66210045662101,5.972220574200591,4745.1404245925805
H,3,,00 00 01.20,+38 51 33.4,6.61,,G,0.00500795,38.85928608,,2.81,5.24,-2.91,0.53,0.4,0.63,0.57,0.47,0.06,0.09,0.04,0.43,-0.01,-0.06,0.03,0.24,0.07,0.21,0.0,-0.45,3,6.576,0.004,6.621,0.005,,-0.019,0.004,G,0.0,0.0,H,,6.6081,0.0007,0.008,127.0,,6.6,6.62,,C,,,00000+3852,I,1.0,1.0,,,,,,,,,,S,,,224699.0,B+38 5108,,,0.0,B9,S,355.87188612099646,-1.1464684004746006,10368.595587759473
H,4,,00 00 02.01,-51 53 36.8,8.06,,H,0.0083817,-51.89354612,,7.75,62.85,0.16,0.53,0.59,0.97,0.65,0.65,-0.22,-0.09,-0.03,0.24,0.2,0.08,0.18,0.08,-0.31,-0.18,0.0,-1.46,4,8.471,0.007,8.092,0.007,,0.37,0.009,T,0.43,0.01,L,,8.1498,0.0011,0.015,201.0,,8.12,8.18,,,,,,,,1.0,,,,,,,,,,S,,,224707.0,,,P-52 12237,0.43,F0V,2,129.03225806451613,2.5065085125315525,7044.130880250591
H,5,,00 00 02.39,-40 35 28.4,8.55,,H,0.00996534,-40.5912244,,2.87,2.53,9.07,0.64,0.61,1.11,0.67,0.74,0.1,0.24,0.06,0.26,-0.1,0.2,-0.16,-0.3,-0.19,0.06,0.0,-1.24,5,9.693,0.014,8.656,0.01,,0.902,0.013,T,0.9,0.01,L,,8.7077,0.0018,0.019,161.0,,8.68,8.74,,,,,,,,1.0,,,,,,,,,,,,,224705.0,,C-41 15372,P-41  9991,0.95,G8III,2,348.4320557491289,0.8394094836699626,4991.060700472375
H,6,,00 00 04.35,+03 56 47.4,12.31,,G,0.01814144,3.94648893,,18.8,226.29,-12.84,4.03,2.18,4.99,6.15,3.2,0.35,-0.01,0.03,-0.11,-0.02,0.47,-0.02,0.03,0.31,0.35,4.0,2.95,6,,,,,,1.336,0.02,G,1.55,0.03,I,,12.4488,0.0085,0.091,87.0,,12.3,12.6,,,,,,,,1.0,,,,,,,,,,,G,,,,,,1.55,M0V:,S,53.191489361702125,8.6807892463184,4058.1073480583973
H,7,,00 00 05.41,+20 02 11.8,9.64,,G,0.02254891,20.03660216,,17.74,-208.12,-200.79,1.01,0.79,1.3,1.13,0.82,0.32,0.08,-0.02,-0.04,0.12,0.06,0.11,0.0,0.16,0.43,0.0,0.21,7,10.542,0.039,9.679,0.03,,0.74,0.02,G,0.79,0.02,H,,9.6795,0.0021,0.017,104.0,,9.65,9.72,,C,,,,,,1.0,,,,,,,,,,,,,,B+19 5185,,,0.79,G0,S,56.369785794813986,5.8847680774785385,5468.4090187676065
H,8,,00 00 06.55,+25 53 11.3,9.05,3.0,H,0.0272916,25.88647445,,5.17,19.09,-5.66,1.7,0.93,1.95,1.54,0.88,0.27,-0.66,-0.36,-0.38,-0.12,0.36,-0.21,-0.24,0.32,0.18,0.0,0.98,8,10.433,0.055,9.151,0.029,,1.102,0.051,T,3.92,0.39,O,,8.5522,0.1671,1.46,77.0,,7.15,11.25,327.5,P,1.0,B,,,,1.0,,,S,,,,,,,,G,P,224709.0,B+25 5054,,,4.82,M6e-M8.5e Tc,G,193.42359767891685,2.617452715469713,4510.468346988966
H,9,,00 00 08.48,+36 35 09.4,8.59,,H,0.03534189,36.58593777,,4.81,-6.3,8.42,0.86,0.55,0.99,1.02,0.65,0.03,0.16,-0.01,0.0,0.07,-0.02,0.08,0.04,0.1,0.13,3.0,-1.26,9,9.962,0.025,8.711,0.015,,1.067,0.023,T,1.03,0.02,L,,8.7534,0.0018,0.014,107.0,,8.73,8.78,,C,,,,,,1.0,,,,,,,,,,,,,224708.0,B+35 5149,,,1.0,G5,S,207.9002079002079,2.0007253818691586,4587.424349968789
H,10,,00 00 08.70,-50 52 01.5,8.59,,H,0.03625309,-50.8670736,,10.76,42.23,40.02,0.77,0.73,1.1,0.98,0.82,-0.13,-0.24,0.11,0.01,-0.07,0.06,0.0,-0.18,-0.22,-0.13,0.0,0.82,10,9.14,0.011,8.63,0.01,,0.489,0.011,T,0.56,0.01,L,,8.6994,0.002,0.019,156.0,,8.66,8.75,,,,,,,,1.0,,,,,,,,,,S,,,224717.0,,C-51 13738,P-51 12065,0.51,F6V,2,92.9368029739777,3.7490613566518514,6439.201919103254
H,11,,00 00 08.95,+46 56 24.0,7.34,,H,0.03729695,46.94000154,,4.29,11.09,-2.02,0.52,0.51,0.84,0.53,0.54,0.09,0.2,0.31,-0.3,0.0,-0.11,0.06,0.21,0.26,0.05,0.0,-0.23,11,7.446,0.005,7.364,0.005,,0.081,0.007,T,0.09,0.01,L,,7.3777,0.001,0.012,153.0,,7.36,7.4,,C,,,,,,1.0,,,,,,,,,,S,,,224720.0,B+46 4231,,,0.07,A2,S,233.10023310023308,0.5022864609236208,9215.52968587499
H,12,,00 00 09.82,-35 57 36.8,8.43,,H,0.04091756,-35.96022482,,4.06,-5.99,-0.1,0.81,0.58,1.16,1.02,0.72,0.13,-0.09,-0.17,-0.36,0.0,0.16,-0.01,-0.41,0.29,0.02,2.0,0.76,12,10.369,0.023,8.588,0.01,,1.484,0.02,T,1.5,0.03,L,,8.5598,0.0012,0.017,177.0,,8.53,8.59,,,,,,,,1.0,,,,,,,,,,,,,224715.0,,C-36 16128,P-36  9818,1.41,K4III,3,246.30541871921184,1.4726301678859697,3817.732081562202
H,13,,00 00 10.00,-22 35 40.9,8.8,,H,0.0416797,-22.5946806,,3.49,8.45,-10.07,1.21,0.67,1.48,1.44,0.59,0.15,0.23,0.24,0.09,0.09,0.24,-0.05,-0.37,-0.04,-0.1,0.0,-0.46,13,10.216,0.026,8.887,0.014,,1.128,0.023,T,1.09,0.02,L,,8.9707,0.0017,0.015,117.0,,8.94,9.0,,,,,,,,1.0,,,,,,,,,,,,,224728.0,,C-23 18112,P-23  8368,1.04,K0III,4,286.5329512893983,1.5141271347959,4455.034400111444
H,14,,00 00 11.59,-00 21 37.5,7.25,,G,0.04827189,-0.36042119,,5.11,61.75,-11.67,0.88,0.54,0.99,1.12,0.59,0.34,0.01,-0.21,0.23,-0.03,0.11,0.01,-0.24,0.27,0.4,0.0,-0.31,14,8.812,0.013,7.396,0.008,,1.2,0.015,G,1.16,0.01,H,,7.4195,0.0009,0.009,97.0,,7.41,7.43,,C,,,,,,1.0,,,,,,,,,,S,,,224726.0,B-01 4515,,,1.16,K0,S,195.69471624266143,0.7921045006735641,4308.727009145039
H,15,,00 00 12.07,+50 47 28.2,8.6,,H,0.0503089,50.79117384,,2.45,13.88,5.47,0.66,0.7,1.16,0.78,0.7,-0.27,0.08,0.27,0.22,0.05,0.09,0.06,-0.06,0.14,-0.19,0.0,0.35,15,10.117,0.02,8.739,0.011,,1.166,0.018,T,1.13,0.02,L,,8.7669,0.0018,0.022,192.0,,8.73,8.8,,,,,,,,1.0,,,,,,,,,,,,,236267.0,B+49 4303,,,1.23,K2,S,408.1632653061224,0.5458304218226608,4376.540476528758
H,17,,00 00 12.26,-40 11 32.4,8.15,,H,0.05109957,-40.19232842,,6.15,-34.46,-26.37,0.57,0.55,1.0,0.61,0.65,0.18,0.24,0.13,0.29,-0.07,0.11,-0.15,-0.35,-0.18,0.11,0.0,-0.62,17,8.642,0.008,8.187,0.008,,0.425,0.007,G,0.49,0.01,H,,8.2405,0.0011,0.015,180.0,,8.22,8.27,,,,,,,,1.0,,,,,,,,,,S,,,224732.0,,C-40 15306,P-40  9904,0.49,F3V,2,162.60162601626016,2.0943755788770844,6749.854896000522
H,16,,00 00 12.34,-54 54 50.9,11.71,,G,0.05140852,-54.91412819,,0.53,257.39,-96.63,1.49,1.67,2.63,1.81,1.95,-0.27,-0.07,-0.13,0.02,0.03,0.04,0.05,-0.08,-0.09,-0.22,0.0,0.76,16,,,,,,0.421,0.015,G,0.49,0.02,H,,11.8279,0.0062,0.072,196.0,,11.66,11.94,,,,,,,,1.0,,,S,,,,,,,,G,,,,,P-55 10131,0.49,,,1886.7924528301885,0.33137934800394575,6770.355529079559
H,18,,00 00 12.75,-04 03 13.5,11.03,,G,0.05313923,-4.05373813,,19.93,-127.22,23.78,2.18,1.2,2.36,2.69,1.15,0.24,0.19,0.04,-0.08,0.03,0.15,0.03,-0.3,0.26,0.18,3.0,0.05,18,,,,,,1.567,0.197,G,1.49,0.02,A,,11.0625,0.0035,0.035,114.0,,10.98,11.12,,C,,,,,,1.0,,,,,,,,,,,G,,,B-04 6001,,,1.49,K5,S,50.17561465127948,7.527536493502437,3695.4367966963955
H,19,,00 00 12.80,+38 18 14.7,6.53,,H,0.05331696,38.30408636,,4.12,-2.5,-15.07,0.55,0.4,0.64,0.6,0.45,0.09,-0.05,0.03,0.53,-0.08,-0.1,-0.04,0.21,0.08,0.23,0.0,-0.84,19,7.739,0.006,6.63,0.004,,0.955,0.005,G,0.94,0.0,H,,6.689,0.0007,0.007,144.0,,6.68,6.7,,C,,,,,,1.0,,,,,,,,,,S,,,224721.0,B+37 4912,,,0.94,G5,S,242.71844660194176,-0.39551391983432715,4853.4453144401205
H,20,,00 00 15.11,+23 31 45.4,8.51,,G,0.0629505,23.52928397,,10.76,36.0,-22.98,0.88,0.59,1.06,0.92,0.59,0.3,0.39,0.19,0.1,0.02,0.08,0.09,-0.05,0.2,0.32,0.0,0.5,20,9.074,0.015,8.549,0.014,,0.516,0.015,G,0.59,0.02,H,,8.6208,0.0015,0.011,94.0,,8.6,8.64,,,,,,,,1.0,,,,,,,,,,S,,,224723.0,B+22 4939,,,0.59,G0,S,92.9368029739777,3.6690613566518513,6317.202555142311
H,21,,00 00 15.90,+08 00 26.0,7.55,,H,0.06623569,8.00723437,,5.84,61.89,-0.22,0.84,0.51,0.95,0.84,0.56,0.2,0.13,-0.09,-0.1,0.01,0.03,0.06,-0.16,0.3,0.36,2.0,2.05,21,9.413,0.019,7.689,0.009,,1.438,0.017,T,1.43,0.03,L,,7.6923,0.0012,0.01,97.0,,7.67,7.71,,C,,,,,,1.0,,,,,,,,,,S,,,224724.0,B+07 5113,,,1.36,K2,S,171.23287671232876,1.3820642355619972,3889.209072231671
H,22,,00 00 16.83,-49 21 08.2,8.69,,H,0.07013593,-49.35226686,,4.47,-7.9,0.46,0.63,0.79,1.15,0.71,0.93,-0.06,-0.01,-0.1,-0.16,-0.14,0.08,-0.12,-0.26,-0.06,0.07,0.0,-0.4,22,9.919,0.015,8.803,0.01,,0.962,0.014,T,0.95,0.01,L,,8.8563,0.0017,0.024,212.0,,8.82,8.9,,,,,,,,1.0,,,,,,,,,,,,,224735.0,,C-50 14096,P-50 11892,0.98,G8/K0III/IV,2,223.7136465324385,1.9415376156596817,4835.866735501824
H,23,,00 00 17.86,+13 18 44.0,7.57,,G,0.0744293,13.31221083,,12.21,54.15,9.65,0.9,0.52,0.95,0.91,0.55,0.17,0.1,0.12,-0.23,0.19,0.09,0.15,-0.01,0.1,0.36,0.0,0.32,23,8.044,0.008,7.606,0.008,,0.456,0.015,G,0.53,0.02,H,,7.6626,0.0015,0.011,93.0,,7.63,7.68,,C,,,,,,1.0,,,,,,,,,,S,,,224742.0,B+12 5056,,,0.53,F2V,X,81.9000819000819,3.0035783197244132,6595.421995871784
H,24,,00 00 18.25,-23 27 09.9,9.05,,H,0.07604979,-23.45274913,,9.73,127.15,22.22,1.0,0.61,1.21,1.21,0.55,0.03,-0.12,0.21,-0.1,0.12,0.27,0.01,-0.37,-0.02,-0.13,1.0,0.24,24,9.662,0.015,9.103,0.014,,0.528,0.015,T,0.6,0.02,L,,9.1657,0.0015,0.017,139.0,,9.13,9.2,,C,,,,,,1.0,,,S,,,,,,,,,,224746.0,,C-24 17941,P-24  7502,0.49,G0V,4,102.77492291880782,3.99056420134176,6264.565874307395
H,25,H,00 00 19.05,-44 17 25.1,6.28,,G,0.07936537,-44.29029741,A,13.74,58.36,-108.64,0.88,0.81,0.98,0.73,0.68,-0.32,0.18,-0.07,0.02,-0.14,0.02,-0.1,-0.25,0.1,-0.02,2.0,-0.52,25,7.238,0.004,6.375,0.003,*,0.763,0.003,G,0.8,0.0,H,*,6.4211,0.0006,0.008,197.0,*,6.41,6.44,,D,,,00003-4417,I,1.0,2.0,C,,A,AB,316.0,0.463,0.002,0.66,0.01,S,,,224750.0,,C-44 15420,P-44 10394,0.8,G3IV,X,72.78020378457059,1.9699336636176588,5394.78435092707
H,26,,00 00 20.24,-13 23 35.9,9.13,,H,0.08434579,-13.39329686,,9.19,-103.33,-33.35,1.0,0.83,1.34,1.42,0.75,0.42,-0.13,-0.12,-0.12,-0.16,0.33,-0.24,-0.55,0.25,0.31,0.0,-0.56,26,9.747,0.02,9.179,0.019,,0.535,0.02,T,0.61,0.02,L,,9.2438,0.0018,0.02,131.0,,9.21,9.29,,,,,,,,1.0,,,,,,,,,,S,,,224744.0,B-14 6597,,,0.65,F7V,4,108.8139281828074,3.9465775569305563,6234.295462976162
H,27,,00 00 20.51,-41 17 51.1,9.32,,H,0.08546976,-41.29753696,,9.66,135.96,-113.67,0.82,0.73,1.38,0.95,0.94,-0.02,-0.06,0.07,0.19,-0.03,0.06,-0.04,-0.34,-0.15,-0.04,2.0,-0.07,27,10.14,0.017,9.389,0.015,,0.671,0.017,T,0.73,0.01,L,,9.4598,0.0026,0.026,184.0,,9.41,9.5,,,,,,,,1.0,,,,,,,,,,S,,,224748.0,,C-41 15375,P-41  9992,0.7,G5V,2,103.51966873706003,4.244885632077468,5702.764173000684
H,28,,00 00 20.94,-43 21 42.5,8.83,,H,0.08724871,-43.36179962,,5.64,-10.96,-8.69,0.71,0.6,1.05,0.83,0.78,0.05,-0.03,-0.11,0.17,-0.15,0.26,-0.14,-0.45,0.08,0.08,0.0,-0.76,28,9.376,0.012,8.892,0.012,,0.468,0.013,T,0.54,0.01,L,,8.9386,0.0014,0.016,171.0,,8.92,8.97,,,,,,,,1.0,,,,,,,,,,S,,,224749.0,,C-44 15421,P-44 10395,0.51,F3/F5V,2,177.3049645390071,2.586395519916711,6537.6738922951345
H,29,,00 00 22.11,-49 06 28.6,9.14,,H,0.09213106,-49.10795505,,2.85,26.86,4.05,0.75,0.92,1.4,0.79,1.09,-0.09,-0.11,-0.18,-0.24,-0.08,-0.03,-0.11,-0.24,0.08,0.0,0.0,-0.23,29,10.502,0.022,9.284,0.013,,1.041,0.02,T,1.01,0.02,L,,9.3109,0.0019,0.024,199.0,,9.26,9.36,,,,,,,,1.0,,,S,,,,,,,,,,224751.0,,C-49 14311,P-49 11836,0.94,G8III,2,350.8771929824561,1.4142243000425516,4646.406583192409
H,30,,00 00 23.07,+42 08 29.4,8.26,,H,0.09613563,42.14149882,,3.79,-8.44,-10.14,0.53,0.53,0.88,0.72,0.54,0.07,0.11,0.26,-0.09,-0.05,-0.14,0.02,0.14,0.16,-0.08,0.0,0.03,30,8.414,0.007,8.266,0.008,,0.142,0.01,T,0.16,0.01,L,,8.3069,0.0011,0.012,151.0,,8.29,8.33,,C,,,,,,1.0,,,,,,,,,,S,,,224757.0,B+41 4916,,,0.12,A0,S,263.85224274406335,1.1531960498403615,8640.886432797874
H,31,,00 00 23.54,+02 40 31.7,7.63,,H,0.0980939,2.67547768,,1.84,-4.88,-0.2,1.06,0.61,1.05,1.49,0.69,0.19,0.17,-0.04,-0.33,0.14,-0.02,0.22,0.1,0.07,-0.07,0.0,-0.07,31,9.534,0.021,7.791,0.01,,1.453,0.018,T,1.46,0.03,L,,7.7648,0.002,0.014,80.0,,7.75,7.79,,C,,,,,,1.0,,,,,,,,,,S,,,224760.0,B+01 4814,,,1.12,K2,S,543.4782608695651,-1.0459108849523178,3865.5971560208836
H,32,,00 00 23.66,+51 56 22.2,9.09,,H,0.09858375,51.9394905,,3.1,-0.39,-1.38,0.78,0.74,1.29,0.94,0.79,-0.18,0.07,0.18,0.04,0.08,0.08,0.08,0.02,0.19,-0.12,2.0,0.61,32,9.108,0.011,9.07,0.015,,0.04,0.017,T,0.06,0.01,L,,9.1043,0.0022,0.024,161.0,,9.06,9.15,,,,,,,,1.0,,,,,,,,,,,,,224756.0,B+51 3756,,,0.05,B8,S,322.5806451612903,1.5468084691713635,9652.203136124454
H,33,,00 00 23.80,-10 27 44.8,8.1,,H,0.09918083,-10.46245445,,8.94,-3.62,28.71,0.9,0.48,1.09,1.39,0.47,0.3,-0.31,-0.06,-0.25,0.02,0.33,-0.14,-0.38,0.3,0.23,0.0,0.26,33,8.616,0.009,8.152,0.009,,0.466,0.015,G,0.54,0.02,H,,8.2076,0.0011,0.01,150.0,,8.19,8.23,,C,,,,,,1.0,,,,,,,,,,S,,,224743.0,B-11 6175,,,0.54,F2,S,111.85682326621925,2.856687593979588,6547.222484879559
H,34,,00 00 23.87,+26 55 05.7,6.43,,H,0.09946973,26.91823821,,12.71,42.2,-53.47,0.61,0.43,0.74,0.64,0.43,0.15,0.32,0.13,0.0,0.04,0.02,0.07,-0.07,0.15,0.09,0.0,1.99,34,7.04,0.004,6.491,0.004,,0.514,0.005,T,0.59,0.01,L,,6.5466,0.0009,0.007,105.0,,6.53,6.56,,,,,00004+2655,I,1.0,1.0,,,,,,,,,,S,,,224758.0,B+26 4727,,,0.58,F7.5IV-V,S,78.67820613690007,1.9507277527700406,6326.068295373748
H,35,,00 00 24.61,-14 29 25.7,9.07,,H,0.10256052,-14.49048072,,5.96,162.25,-1.47,1.13,0.69,1.45,1.66,0.62,0.29,-0.34,-0.22,-0.22,-0.07,0.44,-0.14,-0.47,0.26,0.19,2.0,1.25,35,10.214,0.029,9.181,0.019,,0.916,0.004,G,0.96,0.0,I,,9.2353,0.0016,0.02,125.0,,9.21,9.27,,C,,,,,,1.0,,,,,,,,,,,,,224745.0,B-15 6528,,,0.96,G8/K0III/IV,4,167.78523489932886,2.946231298701182,4953.9124101907955
H,36,,00 00 24.79,+12 16 01.5,7.68,,H,0.1032755,12.26709303,,6.3,49.71,14.27,0.82,0.53,0.96,0.85,0.6,0.26,0.15,-0.05,-0.12,0.03,-0.01,0.07,-0.11,0.23,0.5,0.0,0.34,36,9.159,0.015,7.801,0.009,,1.15,0.014,T,1.11,0.01,L,,7.8503,0.0015,0.009,87.0,,7.83,7.87,,C,,,,,,1.0,,,,,,,,,,S,,,224759.0,B+11 5085,,,1.06,K0,S,158.73015873015873,1.6767027472679086,4409.234032365268
H,37,H,00 00 25.28,-47 10 46.5,10.44,,H,0.1053519,-47.17958382,*,3.74,-6.92,7.03,3.67,2.5,2.72,2.23,2.14,0.1,-0.14,-0.08,-0.13,-0.09,0.12,-0.09,-0.26,0.11,-0.04,2.0,-0.24,37,10.857,0.036,10.457,0.04,*,0.391,0.045,T,0.46,0.05,L,*,10.5345,0.0037,0.035,131.0,*,10.44,10.61,,D,,,00004-4711,H,1.0,2.0,C,,A,AB,332.0,0.233,0.017,0.78,0.28,,,,224764.0,,C-47 14771,P-47 10072,0.39,F0V,2,267.37967914438497,3.3043580110024013,6928.532308056115
H,38,,00 00 26.65,-79 03 42.6,8.65,,H,0.11104694,-79.06183133,,23.84,162.3,-62.4,0.64,0.68,0.78,0.74,0.64,0.1,-0.04,-0.14,0.05,0.09,-0.05,0.07,-0.04,0.03,0.13,0.0,-1.56,38,9.614,0.016,8.723,0.012,,0.778,0.015,T,0.81,0.01,L,,8.7855,0.0019,0.02,127.0,,8.76,8.81,,C,,,,,,1.0,,,,,,,,,,,,,224752.0,,,P-79  1245,0.84,G6V,1,41.946308724832214,5.536531255340995,5347.895072184639
H,39,,00 00 26.85,-16 41 48.9,7.46,,G,0.11186148,-16.6969302,,10.98,169.72,-32.54,0.95,0.61,1.18,1.4,0.57,0.3,-0.02,-0.02,-0.32,-0.06,0.17,-0.12,-0.47,0.14,0.11,2.0,-0.03,39,7.986,0.008,7.493,0.008,,0.475,0.009,T,0.55,0.01,L,,7.5669,0.001,0.01,102.0,,7.55,7.58,,C,,,,,,1.0,,,,,,,,,,S,,,224763.0,B-17 6860,,,0.5,F3V,4,91.07468123861565,2.663011700570366,6504.489755441917
H,41,,00 00 27.98,+54 18 08.1,8.7,,H,0.11656351,54.30223774,,3.42,1.78,-0.47,0.66,0.67,1.04,0.78,0.71,-0.24,0.26,0.13,0.24,0.01,0.08,0.05,-0.04,0.06,-0.15,0.0,-1.53,41,8.699,0.009,8.676,0.011,,0.026,0.013,T,0.04,0.01,L,,8.7202,0.0018,0.021,172.0,,8.68,8.76,,,,,,,,1.0,,,,,,,,,,,,,224768.0,B+53 3270,,,0.04,A0,S,292.39766081871346,1.370130530280675,9812.081842374097
H,42,,00 00 30.09,+25 50 41.2,8.2,,G,0.12538666,25.84478059,,6.38,20.7,-6.51,0.77,0.54,0.91,0.87,0.56,0.13,0.17,0.11,0.07,-0.07,-0.11,-0.02,-0.09,0.19,0.07,0.0,0.31,42,8.656,0.011,8.238,0.011,,0.387,0.012,G,0.45,0.01,H,,8.2911,0.0011,0.01,102.0,,8.28,8.31,,,,,,,,1.0,,,,,,,,,,S,,,224771.0,B+25 5055,,,0.45,F2,S,156.73981191222572,2.2241033936058106,6950.232159734053
H,43,,00 00 30.98,+59 33 35.1,6.18,,H,0.129089,59.55973786,,7.63,-80.6,-24.07,0.42,0.45,0.6,0.56,0.49,-0.2,0.08,0.08,0.05,-0.02,-0.02,0.01,-0.15,0.18,-0.16,2.0,0.93,43,7.497,0.005,6.29,0.003,,1.032,0.005,T,1.0,0.0,L,,6.3456,0.0006,0.007,147.0,,6.34,6.36,,C,,,,,,1.0,,,,,,,,,,S,,,224784.0,B+58 2685,,,1.0,G9III-IV,X,131.06159895150722,0.5926226897744025,4667.197706522497
H,44,,00 00 31.85,-03 18 22.9,7.91,,H,0.1327223,-3.30636174,,2.41,11.1,16.04,1.11,0.5,1.01,1.37,0.51,0.18,0.15,-0.03,-0.43,0.06,0.03,0.03,-0.26,0.13,0.2,0.0,1.42,44,9.347,0.02,8.048,0.012,,1.104,0.018,T,1.07,0.02,L,,8.0825,0.0012,0.009,114.0,,8.07,8.1,,C,,,,,,1.0,,,,,,,,,,S,,,224776.0,B-04 6003,,,1.07,K2,S,414.93775933609953,-0.17991478712565723,4506.152751227316
H,45,H,00 00 32.21,-72 12 09.8,9.59,,H,0.13420453,-72.20271031,A,15.1,-37.2,-2.78,1.82,1.68,1.92,1.95,1.64,0.05,0.15,-0.14,0.08,0.14,0.0,0.14,0.06,0.0,0.08,1.0,0.92,45,10.618,0.033,9.808,0.026,A,,,,,,T,*,9.7391,0.0025,0.028,130.0,*,9.69,9.79,,D,,,00005-7212,I,1.0,2.0,C,,A,AB,242.0,2.829,0.019,2.06,0.09,,,,224766.0,,,P-72  2794,0.83,G6/G8V:,1,66.22516556291392,5.484884736465847,
H,46,,00 00 32.29,-25 37 20.1,8.57,,H,0.13454429,-25.62225277,,1.19,15.17,-13.39,0.99,0.58,1.2,1.34,0.57,0.07,-0.09,-0.09,-0.25,0.08,0.01,0.0,-0.45,0.28,-0.19,0.0,1.22,46,9.9,0.017,8.69,0.011,,1.035,0.016,T,1.01,0.01,L,,8.735,0.0013,0.017,167.0,,8.7,8.76,,C,,,,,,1.0,,,,,,,,,,,,,224778.0,,C-26 16868,P-26  7539,0.95,K1III,3,840.3361344537815,-1.0522651930373463,4660.245577327604
H,47,,00 00 32.45,-56 50 06.9,10.78,,G,0.13519236,-56.83524773,,24.45,-44.21,-145.9,1.29,1.35,1.97,1.49,1.57,-0.11,-0.09,-0.02,0.02,0.07,-0.02,0.1,-0.13,-0.09,0.06,4.0,1.58,47,12.125,0.127,10.909,0.072,,1.15,0.02,G,1.25,0.04,I,,10.8416,0.0044,0.044,162.0,,10.73,10.91,,,,,,,,1.0,,,S,,,,,,,,G,,,,,P-57 10399,1.25,K3V,S,40.899795501022496,7.721394317298195,4409.234032365268
H,48,,00 00 32.45,-40 41 25.6,7.31,,H,0.13522264,-40.69044664,,1.86,4.08,-11.28,0.56,0.46,0.87,0.62,0.57,0.11,0.14,0.08,0.38,-0.06,0.12,-0.08,-0.33,-0.05,0.09,2.0,-1.59,48,8.813,0.009,7.438,0.005,,1.164,0.008,T,1.13,0.01,L,,7.4752,0.0008,0.009,162.0,,7.46,7.49,,C,,,,,,1.0,,,,,,,,,,S,,,224780.0,,C-41 15378,P-41  9995,1.09,K0/K1III,2,537.6344086021505,-1.3424352789104192,4380.599327414104
H,49,,00 00 33.48,+16 40 08.5,9.53,,H,0.13950066,16.66903183,,1.59,26.66,6.95,1.02,0.67,1.28,1.06,0.67,0.4,0.06,0.08,0.05,0.07,0.08,0.07,0.01,0.11,0.46,0.0,-2.08,49,10.053,0.023,9.575,0.024,,0.45,0.03,T,0.52,0.03,L,,9.631,0.002,0.018,114.0,,9.6,9.66,,C,,,,,,1.0,,,,,,,,,,,,,,B+15 4920,,,0.51,F5,S,628.9308176100628,0.5369856216022573,6624.712472253686
H,50,H,00 00 34.29,-53 05 51.6,6.49,,G,0.14287059,-53.09766277,A,16.89,52.98,-20.52,0.52,0.56,0.8,0.56,0.55,-0.3,-0.25,0.09,0.17,0.11,0.01,0.12,-0.07,-0.16,-0.32,1.0,-0.72,50,7.256,0.004,6.579,0.003,A,0.616,0.005,G,0.68,0.0,H,*,6.6231,0.0007,0.01,258.0,*,6.61,6.64,,D,,,00006-5306,I,1.0,2.0,C,,A,AB,325.0,1.699,0.014,3.29,0.06,S,,,224782.0,,,P-53 10565,0.68,G1IV,1,59.20663114268798,2.6281482478550435,5905.594296749442
H,51,,00 00 34.41,+01 03 58.3,8.94,,H,0.14339044,1.06619726,,0.41,10.19,6.33,1.32,0.71,1.3,1.44,0.71,0.19,-0.05,-0.17,-0.41,0.18,0.02,0.13,-0.02,0.14,0.24,0.0,-0.37,51,10.082,0.027,9.039,0.018,,0.906,0.024,T,0.91,0.02,L,,9.105,0.0022,0.014,86.0,,9.07,9.14,,,,,,,,1.0,,,,,,,,,,,,,224774.0,B+00 5080,,,0.9,K0,S,2439.0243902439024,-2.9960807164013232,4980.386823978706
H,52,,00 00 35.20,-77 01 12.5,8.56,,H,0.14665879,-77.0201405,,3.95,21.46,9.91,0.65,0.62,0.77,0.76,0.64,-0.04,0.14,-0.24,0.05,0.08,-0.02,0.06,-0.01,-0.08,0.1,0.0,1.25,52,8.807,0.015,8.595,0.018,,0.196,0.023,T,0.21,0.03,L,,8.6228,0.002,0.016,131.0,,8.59,8.66,,,,,,,,1.0,,,,,,,,,,S,,,224767.0,,,P-77  1594,0.22,A4V,1,253.16455696202527,1.5429854781323025,8194.093023103896
H,54,,00 00 36.40,+17 58 08.2,10.57,,G,0.15165558,17.96895579,,20.97,367.14,-19.49,1.26,1.04,1.71,1.41,1.02,0.4,-0.01,-0.02,-0.03,-0.11,0.17,-0.1,-0.22,0.17,0.42,0.0,0.68,54,11.685,0.102,10.679,0.065,,1.03,0.015,G,1.08,0.02,I,,10.6972,0.0035,0.029,108.0,,10.65,10.74,,C,,,,,,1.0,,,,,,,,,,,G,,,,,,1.08,M:,S,47.68717215069147,7.177992152326719,4671.844617825824
H,55,H,00 00 37.88,-66 40 59.2,7.4,,G,0.15783323,-66.68310336,A,14.66,162.88,-28.82,0.86,0.85,0.98,0.82,0.82,-0.14,0.12,-0.24,-0.16,0.07,-0.08,0.03,0.08,-0.11,-0.05,2.0,0.24,55,7.946,0.016,7.381,0.015,*,0.551,0.015,G,0.62,0.01,H,*,7.5159,0.001,0.012,135.0,*,7.5,7.54,,D,,,00006-6641,I,1.0,2.0,C,,A,AB,274.0,3.809,0.007,1.79,0.02,S,,,224783.0,,,P-67  3997,0.62,G2IV/V,1,68.21282401091405,3.230669851525546,6166.275261730199
H,56,,00 00 39.08,+00 13 22.6,8.12,,H,0.16283175,0.22293899,,3.47,39.02,-3.09,1.2,0.62,1.27,1.71,0.67,0.11,0.19,-0.24,-0.29,0.01,0.23,0.07,-0.24,0.29,0.27,0.0,0.91,56,9.861,0.021,8.276,0.011,,1.329,0.019,T,1.29,0.02,L,,8.2798,0.0014,0.013,97.0,,8.26,8.3,,C,,,00007+0013,I,1.0,1.0,,,,,,,,,,S,,,224785.0,B-00 4603,,,1.24,K0,S,288.1844380403458,0.8216473739543684,4070.261920875253
H,57,,00 00 40.39,-69 40 32.9,8.27,1.0,H,0.16828557,-69.67580068,,33.89,-40.97,-67.59,0.63,0.64,0.79,0.66,0.64,-0.08,0.0,-0.29,-0.13,-0.05,0.11,-0.01,-0.18,0.05,0.02,1.0,0.31,57,9.353,0.013,8.353,0.009,,0.863,0.012,T,0.88,0.01,L,,8.4078,0.0023,0.026,161.0,,8.37,8.46,,U,,,,,,1.0,,,,,,,,,,,,,224789.0,,,P-70  3034,0.88,K2V,1,29.507229271171436,5.92035784418689,5097.730697693218
H,58,,00 00 41.70,+62 10 33.6,7.05,,H,0.17376341,62.17600484,,26.06,-46.95,-43.9,0.48,0.51,0.67,0.54,0.57,-0.17,0.16,0.18,0.21,-0.05,-0.05,-0.01,-0.02,0.24,-0.21,0.0,-1.05,58,7.665,0.006,7.11,0.005,,0.52,0.007,T,0.59,0.01,L,,7.1625,0.0008,0.01,147.0,,7.15,7.18,,,,,,,,1.0,,,,,,,,,,S,,,224792.0,B+61 2580,,,0.59,G0,S,38.37298541826554,4.12987205688283,6299.551258613002
H,60,,00 00 42.10,-64 27 57.0,8.34,,H,0.17542318,-64.46582516,,6.18,1.75,10.74,0.63,0.6,0.83,0.7,0.63,-0.06,-0.03,-0.27,-0.03,0.11,-0.01,0.12,-0.09,-0.17,0.03,0.0,0.06,60,8.789,0.011,8.381,0.011,,0.386,0.014,T,0.45,0.01,L,,8.4337,0.0016,0.019,143.0,,8.4,8.47,,C,,,,,,1.0,,,,,,,,,,S,,,224788.0,,,P-65  4190,0.44,F2IV,1,161.81229773462786,2.294942375444079,6955.680236822806
H,61,,00 00 42.28,+53 49 19.9,8.86,,H,0.17615726,53.82218625,,5.6,32.68,-16.7,0.64,0.68,1.11,0.89,0.82,-0.32,0.19,0.12,0.01,0.01,0.12,-0.01,0.01,-0.02,-0.13,1.0,0.67,61,10.275,0.022,9.006,0.013,,1.081,0.02,T,1.04,0.02,L,,9.0314,0.0019,0.022,194.0,,8.99,9.07,,R,,,,,,1.0,,,,,,,,,,,,,236269.0,B+53 3271,,,1.64,K5,S,178.57142857142858,2.600940135031002,4556.312641761511
H,62,,00 00 43.19,-45 25 21.8,8.27,,H,0.17996123,-45.42272731,,5.28,4.02,-4.78,0.89,0.87,1.15,1.17,1.19,0.24,0.08,-0.2,-0.11,-0.52,0.12,-0.39,-0.71,0.2,0.45,1.0,1.71,62,9.545,0.013,8.387,0.009,,0.994,0.012,T,0.97,0.01,L,,8.4354,0.0017,0.02,159.0,,8.4,8.47,,,,,,,,1.0,G,,,,,,,,,S,,,224800.0,,C-46 14833,P-46 10614,1.0,G8III,2,189.3939393939394,1.883169612669061,4757.190284138469
H,63,,00 00 43.62,+45 15 12.0,6.36,1.0,H,0.1817495,45.25333305,,4.81,17.38,0.22,0.41,0.43,0.71,0.43,0.44,0.08,0.06,0.2,-0.14,-0.05,-0.1,-0.03,0.16,0.14,0.06,1.0,-0.2,63,6.291,0.003,6.348,0.004,,-0.047,0.005,T,-0.03,0.01,L,,6.3485,0.0012,0.019,155.0,,6.31,6.37,3.74,P,1.0,A,,,,1.0,,,,,,,,,,S,,P,224801.0,B+44 4538,,,-0.02,B9p SiEu,G,207.9002079002079,-0.22927461813084093,10752.091303165967
H,64,,00 00 44.30,-27 54 27.2,8.08,,H,0.18458893,-27.90754614,,3.45,-5.93,-14.59,0.88,0.48,0.94,1.22,0.51,0.03,-0.03,0.09,0.16,0.05,0.22,-0.07,-0.26,0.01,-0.23,0.0,-0.1,64,9.567,0.015,8.202,0.009,,1.156,0.014,T,1.12,0.01,L,,8.2463,0.0016,0.017,172.0,,8.22,8.27,,,,,,,,1.0,,,,,,,,,,S,,,224798.0,,C-28 18431,P-28  7744,1.1,K2III,3,289.8550724637681,0.7690954753663712,4396.914042075454
H,65,,00 00 45.11,-54 49 49.2,11.0,,G,0.18797532,-54.83034057,,16.98,-205.14,-75.34,1.34,1.54,2.43,1.65,1.83,-0.25,-0.07,-0.15,-0.01,0.05,0.13,0.08,-0.04,-0.13,-0.27,1.0,1.98,65,12.193,0.135,10.953,0.067,,1.147,0.005,G,1.24,0.01,I,,11.1289,0.0045,0.058,198.0,,11.01,11.22,,,,,,,,1.0,,,,,,,,,,,G,,,,,P-55 10134,1.24,,,58.89281507656065,7.14968842953967,4415.421246537349
H,66,,00 00 45.25,-72 19 05.7,8.55,,H,0.18854917,-72.31824913,,8.18,-15.61,11.88,0.77,0.68,0.88,0.89,0.67,-0.11,0.25,-0.19,0.18,0.11,-0.01,0.09,-0.13,-0.05,-0.02,0.0,0.64,66,9.004,0.011,8.587,0.011,,0.401,0.023,G,0.47,0.03,H,,8.6404,0.002,0.02,140.0,,8.61,8.69,,,,,,,,1.0,,,,,,,,,,S,,,224790.0,,,P-73  2339,0.47,F2V,1,122.24938875305624,3.1137665183566154,6874.921300446744
H,67,,00 00 47.78,+23 32 17.7,7.83,,G,0.19910132,23.53824873,,7.48,91.05,-12.35,0.76,0.55,0.93,0.81,0.51,0.28,0.27,0.11,0.14,0.01,0.12,0.05,-0.18,0.15,0.33,2.0,-1.32,67,8.353,0.01,7.875,0.009,,0.495,0.015,G,0.57,0.02,H,,7.9346,0.0013,0.012,98.0,,7.92,7.96,,C,,,,,,1.0,,,,,,,,,,S,,,224806.0,B+22 4940,,,0.57,F5,S,133.68983957219248,2.199507989322308,6411.652778824934
H,68,,00 00 48.15,+16 59 20.3,8.79,,H,0.20063628,16.98896499,,31.8,-99.69,-315.9,0.94,0.63,1.17,1.14,0.82,0.35,0.03,-0.12,0.12,0.03,-0.03,0.03,0.14,-0.07,0.25,0.0,-0.62,68,10.017,0.024,8.903,0.016,,0.94,0.015,G,0.99,0.02,I,,8.9324,0.0021,0.014,110.0,,8.91,8.97,,C,,,,,,1.0,G,,,,,,,,,,,,224808.0,B+16 5027,,,0.99,K0,S,31.446540880503143,6.302135599922163,4891.572509518791
H,69,,00 00 48.33,+30 23 45.2,8.33,,H,0.20137175,30.39589283,,6.35,16.48,-1.3,0.97,0.58,1.12,1.37,0.61,-0.02,0.17,-0.01,-0.29,0.17,0.28,0.17,-0.09,0.24,0.04,0.0,0.22,69,8.475,0.012,8.335,0.014,,0.135,0.017,T,0.15,0.02,L,,8.3785,0.0011,0.011,80.0,,8.37,8.4,,C,,,,,,1.0,,,,,,,,,,S,,,224804.0,B+29 5042,,,0.13,A0,S,157.48031496062993,2.3438686264598783,8702.787431221577
H,70,,00 00 48.67,+36 46 39.5,10.42,,H,0.20280014,36.77763945,B,5.25,-46.78,-0.88,19.36,13.02,13.87,16.42,11.24,0.04,0.27,0.09,-0.04,0.06,-0.18,0.14,0.06,0.19,0.04,17.0,2.51,70,11.153,0.073,10.377,0.057,B,0.706,0.072,T,0.76,0.06,L,,10.587,0.043,,,B,,,,D,,,00008+3647,I,2.0,1.0,C,I,A,,,,,,,,,,,,,,0.73,,,190.47619047619045,4.020796517029785,5581.263433546334
H,71,,00 00 49.70,+36 46 48.6,8.26,,H,0.20709981,36.78015328,A,9.13,-24.5,-19.47,2.11,1.35,1.84,2.05,1.4,-0.01,0.25,0.06,-0.06,0.09,-0.15,0.14,0.15,0.16,0.02,17.0,2.51,71,9.319,0.017,8.357,0.013,A,0.846,0.016,T,0.86,0.01,L,,8.4175,0.0069,0.032,110.0,A,8.38,8.48,,D,,,00008+3647,I,2.0,1.0,C,P,A,,,,,,,S,,,224803.0,B+35 5153,,,0.86,G5,S,109.52902519167579,3.0623538876714953,5145.757945046592
H,72,,00 00 52.67,-12 49 43.2,8.97,,H,0.21946989,-12.82867015,,10.63,185.34,-119.65,1.11,0.63,1.25,1.32,0.59,0.26,-0.1,-0.07,-0.41,-0.09,0.3,-0.13,-0.49,0.3,0.29,3.0,0.93,72,9.766,0.019,9.057,0.016,,0.671,0.002,G,0.73,0.0,H,,9.1074,0.0016,0.016,135.0,,9.08,9.14,,C,,,,,,1.0,,,,,,,,,,,,,224810.0,B-13 6504,,,0.73,G3/G5V,4,94.07337723424271,4.102666322616484,5702.764173000684
H,73,,00 00 52.91,+66 50 52.7,6.9,,H,0.22045719,66.84796687,,3.97,-20.78,18.19,0.53,0.51,0.69,0.67,0.55,-0.13,0.04,0.23,0.08,-0.02,-0.11,0.01,0.02,0.17,-0.11,1.0,-0.33,73,8.787,0.011,7.054,0.006,,1.446,0.01,T,1.44,0.02,L,,7.0364,0.0011,0.01,130.0,,7.02,7.05,,,,,,,,1.0,,,,,,,,,,S,,,224826.0,B+66 1670,,,1.43,K2,S,251.88916876574308,-0.10604746618442462,3876.5788079969375
H,74,,00 00 53.25,+35 45 09.8,9.93,,H,0.22187281,35.75272213,,24.22,157.73,-40.31,1.12,0.82,1.36,1.53,0.94,0.18,0.03,0.09,-0.12,0.01,0.19,-0.03,0.03,0.15,0.31,2.0,-1.43,74,11.364,0.075,10.112,0.038,,1.068,0.066,T,1.03,0.05,L,,10.0824,0.0032,0.03,103.0,,10.04,10.15,,R,,,,,,1.0,,,,,,,,,,,G,,,B+34 5045,,,2.56,K5,S,41.28819157720892,6.850870694035167,4585.187259968924
H,75,,00 00 53.56,-50 26 47.3,7.42,,H,0.22316216,-50.446465,,1.6,29.01,2.56,0.55,0.53,0.79,0.69,0.59,-0.08,0.0,-0.09,-0.03,-0.11,0.02,-0.09,-0.07,-0.05,-0.01,0.0,1.2,75,9.441,0.013,7.588,0.006,,1.524,0.02,G,1.59,0.02,A,,7.5402,0.0013,0.015,172.0,,7.52,7.56,,,,,,,,1.0,,,,,,,,,,S,,,224821.0,,C-51 13741,P-51 12067,1.59,K4III,2,625.0,-1.5594000867203768,3757.7612724328865
H,76,,00 00 54.77,+32 49 32.4,9.03,2.0,H,0.22821959,32.82567452,,2.29,-1.98,-8.45,1.02,0.67,1.19,1.17,0.71,0.07,0.12,-0.04,0.4,0.03,-0.25,0.06,0.19,0.08,0.14,4.0,-0.31,76,11.229,0.058,9.258,0.018,,1.67,0.05,T,2.29,0.09,O,,9.0913,0.0032,0.034,103.0,,9.04,9.14,,U,2.0,,,,,1.0,,,,,,,,,,,,,,B+32 4750,,,1.74,M0,S,436.6812227074236,0.8291774116994386,3554.5172824397937
H,77,,00 00 55.33,-30 03 51.0,8.41,,G,0.23052169,-30.06417333,,3.53,18.83,2.83,0.9,0.49,1.12,1.24,0.61,0.04,-0.21,0.03,-0.11,0.07,0.31,0.0,-0.39,-0.01,-0.15,1.0,1.3,77,8.44,0.01,8.411,0.013,,0.022,0.009,G,0.04,0.01,H,,8.4315,0.0009,0.013,161.0,,8.41,8.46,,,,,,,,1.0,,,,,,,,,,S,,,224820.0,,C-30 19776,P-30  6823,0.04,A0V,3,283.28611898017,1.1488735269391128,9858.851179889065
H,78,,00 00 55.76,+17 52 04.2,8.06,,H,0.23231307,17.86784193,,1.17,-0.51,3.68,0.72,0.56,0.96,0.81,0.54,0.41,0.13,0.1,0.1,0.06,0.06,0.05,-0.04,0.01,0.41,0.0,1.09,78,9.625,0.019,8.2,0.011,,1.203,0.017,T,1.16,0.02,L,,8.2267,0.0015,0.012,106.0,,8.21,8.25,,C,,,,,,1.0,,,,,,,,,,,,,224816.0,B+17 5023,,,1.13,K0,S,854.7008547008547,-1.5990706912691905,4302.849035976294
H,79,,00 00 56.57,+35 19 00.3,8.69,,H,0.23572286,35.31675386,,4.57,16.45,-13.81,0.87,0.56,0.99,1.06,0.62,0.1,0.02,0.02,-0.16,-0.02,0.14,-0.04,0.07,0.23,0.22,0.0,-0.28,79,9.3,0.016,8.735,0.015,,0.529,0.02,T,0.6,0.02,L,,8.8073,0.0017,0.014,100.0,,8.78,8.83,,C,,,,,,1.0,,,,,,,,,,,,,,B+34 5046,,,0.61,F5,S,218.8183807439825,1.9895810003492507,6260.222136267419
H,80,,00 00 58.03,-11 49 24.7,8.4,,G,0.24179216,-11.82353722,,15.59,419.04,-82.83,1.0,0.6,1.43,1.53,0.56,0.36,-0.17,-0.06,-0.33,-0.05,0.51,-0.17,-0.42,0.35,0.37,0.0,-0.94,80,9.086,0.011,8.472,0.01,,0.566,0.015,G,0.64,0.01,H,,8.5253,0.0013,0.016,159.0,,8.5,8.55,,,,,,,,1.0,,,,,,,,,,S,,,224817.0,B-12 6598,,,0.64,G2V,4,64.14368184733804,4.364230575944209,6103.941117972312
H,81,,00 00 58.53,-04 55 55.6,8.57,,G,0.24386443,-4.93211471,,23.43,-184.7,-172.67,1.25,0.59,1.28,1.6,0.58,0.26,0.0,-0.19,-0.03,0.0,0.1,0.0,-0.38,0.27,0.31,2.0,0.73,81,9.377,0.015,8.656,0.013,,0.642,0.002,G,0.71,0.0,H,,8.7088,0.0015,0.015,118.0,,8.68,8.73,,C,,,,,,1.0,,,,,,,,,,S,,,224828.0,B-05 6097,,,0.71,G5,S,42.680324370465215,5.418861442984814,5807.8155524491185
H,82,,00 00 59.53,-10 56 08.9,9.5,,G,0.24803173,-10.9358054,,1.82,-6.01,-65.06,1.15,0.69,1.37,1.59,0.64,0.31,-0.09,-0.07,-0.03,0.03,-0.01,-0.09,-0.41,0.3,0.19,0.0,-0.17,82,10.822,0.037,9.582,0.02,,1.107,0.015,G,1.07,0.02,I,,9.6307,0.0023,0.025,152.0,,9.6,9.67,,C,,,,,,1.0,,,,,,,,,,,,,,B-11 6177,,,1.07,G5,S,549.4505494505494,0.8003569399253738,4499.6956104745705
H,83,,00 00 59.54,+52 04 50.0,8.85,,H,0.248081,52.08056444,,2.28,-2.1,-0.99,0.77,0.79,1.3,0.9,0.83,-0.29,0.16,0.13,0.15,-0.03,0.1,0.0,0.06,0.24,-0.26,0.0,-0.04,83,11.067,0.043,9.028,0.014,,1.726,0.037,T,1.83,0.1,O,,8.9461,0.0021,0.027,160.0,,8.91,8.98,,,,,,,,1.0,,,,,,,,,,,,,236274.0,B+51 3758,,,1.81,M0,S,438.5964912280702,0.6396742350022677,3482.4696235592487
H,84,,00 01 00.43,+27 53 10.8,9.61,,H,0.25180722,27.88634368,,18.9,225.55,-5.46,1.2,0.77,1.33,1.54,0.76,-0.03,-0.04,0.19,-0.05,0.01,-0.11,0.01,-0.13,0.17,-0.12,0.0,-0.22,84,10.686,0.05,9.7,0.032,,0.852,0.046,T,0.9,0.05,L,,9.7504,0.0027,0.022,80.0,,9.71,9.8,,C,,,,,,1.0,,,,,,,,,,,,,,B+27 4663,,,1.15,K0,S,52.91005291005291,5.99230902086622,5128.697833958958
H,85,,00 01 01.44,-24 42 50.6,10.62,,G,0.2560073,-24.71404902,,3.9,48.48,0.49,1.69,0.95,2.06,2.56,0.95,0.1,0.16,-0.09,0.34,-0.06,0.27,-0.15,-0.4,0.22,-0.12,1.0,0.76,85,11.012,0.043,10.593,0.046,,0.359,0.019,G,0.42,0.02,H,,10.6984,0.0033,0.034,148.0,,10.63,10.75,,,,,,,,1.0,,,,,,,,,,,G,,,,C-25 16747,P-25  7607,0.42,A2,S,256.41025641025647,3.575323035132495,7106.375879090806
H,86,,00 01 02.49,+69 36 12.6,8.05,,H,0.26038262,69.6034983,,3.47,11.53,2.67,0.56,0.58,0.78,0.71,0.58,0.02,-0.04,0.26,-0.07,0.03,0.25,-0.03,-0.13,0.16,0.2,0.0,0.95,86,8.067,0.008,8.053,0.009,,0.018,0.011,T,0.04,0.01,L,,8.0655,0.0014,0.014,117.0,,8.04,8.1,,C,,,00011+6935,I,1.0,1.0,,,,,,,,,,,,,224836.0,B+68 1417,,,0.02,B9,S,288.1844380403458,0.7516473739543699,9906.119746997992
H,87,,00 01 02.76,-05 50 05.9,7.8,,G,0.26151556,-5.83497569,,4.52,-7.83,-10.91,0.87,0.48,1.08,1.17,0.53,0.31,-0.11,-0.07,-0.04,-0.08,0.51,-0.06,-0.35,0.23,0.43,0.0,1.39,87,8.301,0.007,7.843,0.009,,0.43,0.015,G,0.5,0.02,H,,7.9001,0.001,0.009,141.0,,7.89,7.92,,C,,,,,,1.0,,,,,,,,,,S,,,224829.0,B-06 6341,,,0.5,F5,S,221.23893805309734,1.0756921740569103,6724.417656800524
H,88,,00 01 04.60,-48 48 35.5,5.71,,H,0.26915958,-48.80985919,,5.97,-17.92,-6.75,0.44,0.44,0.7,0.5,0.54,-0.17,-0.06,-0.06,-0.15,-0.01,0.08,0.0,-0.19,-0.04,-0.06,0.0,-0.67,88,6.863,0.003,5.807,0.002,,0.911,0.001,G,0.91,0.0,H,,5.869,0.0006,0.007,170.0,,5.86,5.88,,C,,,,,,1.0,,,,,,,,,,S,,,224834.0,,C-49 14316,P-49 11840,0.91,G8III,X,167.50418760469012,-0.41012834435315426,4967.112266336224
H,89,,00 01 06.52,+53 10 01.0,7.87,,H,0.27715178,53.16694253,,2.6,0.68,0.03,0.49,0.58,0.96,0.74,0.6,-0.41,0.04,0.19,0.03,0.04,0.12,0.04,-0.06,0.09,-0.22,0.0,-0.57,89,9.943,0.016,8.058,0.007,,1.566,0.014,T,1.58,0.01,L,,7.985,0.0012,0.016,233.0,,7.96,8.01,,,,,,,,1.0,,,,,,,,,,,,,224837.0,B+52 3581,,,1.64,K2,S,384.6153846153846,-0.0551332601459098,3696.861825624836
H,90,,00 01 07.20,-41 53 14.7,7.64,,H,0.27999988,-41.88742972,,9.35,25.1,-46.98,0.6,0.47,0.92,0.72,0.6,-0.04,0.03,0.07,0.28,0.0,0.23,-0.03,-0.33,-0.02,-0.06,2.0,-0.67,90,8.206,0.006,7.697,0.006,,0.5,0.015,G,0.57,0.02,H,,7.7519,0.0009,0.011,192.0,,7.73,7.77,,C,,,,,,1.0,,,,,,,,,,S,,,224842.0,,C-42 16560,P-42  9652,0.57,F5IV/V,2,106.95187165775401,2.494058054362589,6388.888888888889
H,91,,00 01 07.34,-05 52 27.6,7.66,,H,0.28056847,-5.87433293,,4.21,-15.41,-6.09,0.95,0.5,1.23,1.29,0.56,0.33,0.17,0.04,0.02,0.0,0.52,0.04,-0.27,0.37,0.51,0.0,1.24,91,9.353,0.016,7.804,0.008,,1.3,0.014,T,1.26,0.01,L,,7.8145,0.0011,0.011,140.0,,7.8,7.83,,,,,,,,1.0,,,,,,,,,,S,,,224840.0,B-06 6342,,,1.29,K0,S,237.52969121140143,0.7814104791783416,4121.437437632341
H,92,,00 01 09.75,-20 42 20.1,8.68,,H,0.29062512,-20.70558648,,4.77,27.51,15.15,1.37,0.62,1.44,1.58,0.59,-0.02,0.06,0.09,-0.51,0.14,0.09,0.14,-0.4,0.13,-0.15,0.0,1.48,92,9.866,0.019,8.774,0.013,,0.944,0.018,T,0.93,0.01,L,,8.8386,0.0013,0.014,127.0,,8.81,8.86,,,,,,,,1.0,,,,,,,,,,,,,224841.0,B-21 6516,,,0.95,G8III,4,209.643605870021,2.072591895200569,4881.343448890368
H,93,,00 01 10.13,-00 04 33.3,8.12,,G,0.29222255,-0.07592034,,16.74,54.94,-73.28,1.07,0.61,1.28,1.33,0.71,0.25,0.35,-0.12,0.1,-0.09,0.31,0.08,-0.25,0.36,0.4,0.0,-0.78,93,8.855,0.012,8.202,0.011,,0.619,0.015,G,0.69,0.01,H,,8.2479,0.0014,0.012,98.0,,8.23,8.27,,C,,,,,,1.0,,,,,,,,,,S,,,224839.0,B-00 4605,,,0.69,F8V,X,59.737156511350065,4.238777268286205,5894.132132217435
H,94,,00 01 10.76,-32 45 24.5,10.1,,H,0.29485302,-32.75680569,,10.48,50.32,-12.69,1.04,0.69,1.48,1.24,0.83,0.08,-0.15,0.06,-0.25,0.03,0.17,-0.02,-0.36,0.12,0.0,1.0,1.49,94,10.798,0.033,10.099,0.028,,0.644,0.035,T,0.71,0.03,L,,10.2385,0.0019,0.027,195.0,,10.18,10.29,,C,,,,,,1.0,,,,,,,,,,,,,,,C-33 16806,P-33  6427,0.75,G2,S,95.41984732824427,5.201806413238539,5800.437593085512
H,95,,00 01 12.49,-11 57 50.4,8.67,,H,0.30203883,-11.96400015,,7.85,-9.94,-13.75,0.88,0.57,1.17,1.36,0.55,0.26,-0.07,0.02,-0.1,0.01,0.5,-0.07,-0.4,0.28,0.31,0.0,-1.27,95,9.263,0.012,8.724,0.011,,0.513,0.012,T,0.59,0.01,L,,8.7811,0.0014,0.016,158.0,,8.76,8.82,,C,,,,,,1.0,,,,,,,,,,S,,,224847.0,B-12 6599,,,0.57,F5V,4,127.38853503184713,3.144348283726263,6330.511244265693
H,96,,00 01 13.17,+13 58 29.1,10.46,,G,0.30489357,13.97474826,A,19.83,20.59,139.82,4.63,3.08,5.16,4.67,3.04,0.42,0.02,0.08,0.1,-0.13,0.07,-0.12,-0.18,0.05,0.5,14.0,2.03,96,11.875,0.107,10.693,0.06,A,1.36,0.01,G,1.59,0.02,I,,10.6082,0.0225,0.088,131.0,A,10.53,10.88,,D,,,00012+1358,M,1.0,2.0,C,,A,AB,204.0,11.799,0.013,0.54,0.05,,G,P,,B+13 5195,,,1.59,M0,S,50.42864346949068,6.946613571026513,4017.00351077832
H,98,,00 01 13.72,-52 47 54.9,9.87,,H,0.30717811,-52.79857954,,6.49,-2.09,1.7,0.74,0.95,1.44,0.88,0.95,-0.34,-0.18,0.04,0.23,0.07,0.01,0.07,0.0,-0.11,-0.3,0.0,0.86,98,10.503,0.022,9.914,0.02,,0.551,0.022,T,0.62,0.02,L,,9.989,0.0024,0.035,252.0,,9.93,10.05,,,,,,,,1.0,,,S,,,,,,,,,,224851.0,,,P-53 10570,0.59,F6/F7V,1,154.08320493066256,3.931223484001845,6166.275261730199
H,97,,00 01 13.76,-21 24 14.6,9.48,,H,0.30733362,-21.40404527,,5.52,18.34,1.21,1.39,0.68,1.74,2.05,0.69,0.06,0.23,0.26,-0.31,0.12,-0.08,0.12,-0.29,0.03,-0.23,0.0,0.58,97,10.082,0.023,9.521,0.022,,0.53,0.024,T,0.6,0.03,L,,9.5922,0.0023,0.021,134.0,,9.56,9.63,,C,,,,,,1.0,,,,,,,,,,S,,,224849.0,B-22 6246,C-22 16550,P-22  8428,0.55,F5V,4,181.1594202898551,3.1896953886459958,6255.884888072969
H,99,,00 01 15.84,+60 21 19.1,7.04,2.0,H,0.3160162,60.35529798,,1.27,9.57,-6.49,0.47,0.51,0.7,0.55,0.57,-0.1,0.06,0.15,0.13,0.01,-0.03,0.03,0.03,0.26,-0.1,0.0,0.52,99,11.006,0.055,7.383,0.006,,2.835,0.04,T,2.91,0.04,L,,6.9749,0.0143,0.157,153.0,,6.77,7.21,,U,2.0,B,00013+6021,I,1.0,1.0,,,S,,,,,,,,,,224855.0,B+59 2810,,,2.85,C5p,G,787.4015748031495,-2.4409813952202155,2492.6739956185693
H,100,,00 01 15.95,+19 44 28.7,8.44,,H,0.31645128,19.74131648,,4.49,-29.13,-30.14,0.84,0.61,1.08,0.92,0.63,0.31,0.0,-0.12,-0.04,0.1,0.06,0.09,0.04,0.16,0.4,0.0,0.26,100,9.525,0.019,8.54,0.014,,0.898,0.015,G,0.9,0.01,H,,8.6023,0.0014,0.015,103.0,,8.57,8.63,,D,,,,,,1.0,,,,,,,,,,S,,,224844.0,B+18 5256,,,0.9,G0,S,222.71714922048997,1.7012317050166157,5001.783153331151
H,101,,00 01 16.74,-47 47 37.8,9.88,,H,0.3197615,-47.79382994,,7.35,-14.29,-0.62,1.28,1.09,1.74,1.55,1.22,-0.2,-0.03,-0.11,0.01,-0.04,0.22,-0.01,-0.39,-0.02,-0.21,0.0,3.54,101,10.434,0.027,9.891,0.026,,0.509,0.034,T,0.58,0.04,L,,9.9922,0.0043,0.036,130.0,,9.9,10.06,,,,,,,,1.0,,,,,,,,,,,,,224864.0,,C-48 14666,P-48 10995,0.55,F5IV/V,2,136.0544217687075,4.211436695420976,6348.350606926276
H,102,,00 01 16.90,-41 29 14.5,7.05,,H,0.320432,-41.4873557,,3.0,17.13,-33.61,0.52,0.44,0.82,0.58,0.55,-0.03,-0.1,0.09,0.2,0.0,0.12,-0.03,-0.36,-0.06,-0.06,0.0,0.56,102,9.095,0.009,7.232,0.004,,1.55,0.015,G,1.73,0.05,F,,7.1563,0.0009,0.011,198.0,,7.14,7.17,,,,,,,,1.0,,,,,,,,,,S,,,224850.0,,C-42 16563,P-42  9653,1.73,M1III,2,333.3333333333333,-0.5643937264016872,3719.818455748119
H,103,,00 01 17.31,-68 22 15.7,8.29,,H,0.32214393,-68.37102958,,9.15,-10.45,-40.28,0.61,0.59,0.76,0.7,0.62,-0.04,0.13,-0.26,-0.15,-0.01,-0.07,-0.03,-0.09,0.08,0.04,1.0,-0.46,103,8.919,0.01,8.347,0.01,,0.538,0.01,T,0.61,0.01,L,,8.4078,0.0017,0.015,155.0,,8.38,8.44,,C,,,,,,1.0,,,,,,,,,,S,,,224853.0,,,P-69  3344,0.63,F6V,1,109.2896174863388,3.0971054703322407,6221.418717992989
H,104,,00 01 18.42,-31 53 58.6,9.34,,H,0.32673657,-31.89961642,,8.16,-39.21,-0.87,0.91,0.68,1.21,1.16,0.97,0.12,-0.08,0.03,-0.32,-0.03,0.13,-0.03,-0.46,0.12,0.2,2.0,-0.06,104,9.982,0.018,9.404,0.016,,0.543,0.018,T,0.62,0.02,L,,9.4615,0.0015,0.021,197.0,,9.41,9.5,,,,,,,,1.0,G,,,,,,,,,,,,224863.0,,C-32 17778,P-32  6708,0.51,F7V,3,122.54901960784314,3.8984507937693067,6200.084368063528
H,105,,00 01 18.68,+70 55 44.2,7.73,,H,0.32784438,70.9289578,,4.44,-4.9,-8.21,0.54,0.65,0.75,0.7,0.67,-0.05,-0.08,0.3,-0.03,0.07,0.25,-0.04,-0.36,-0.02,-0.15,0.0,0.49,105,8.237,0.009,7.774,0.009,,0.455,0.003,G,0.52,0.0,H,,7.8284,0.0013,0.015,135.0,,7.8,7.86,,,,,,,,1.0,,,,,,,,,,S,,,224854.0,B+70 1341,,,0.52,F0,S,225.2252252252252,0.9669148505731,6600.28425298352
H,106,,00 01 19.24,+49 58 53.7,6.22,,H,0.33016464,49.98158501,,4.5,13.29,-11.19,0.42,0.48,0.73,0.48,0.47,-0.17,0.16,0.22,0.16,0.05,-0.01,0.06,-0.04,0.17,-0.23,1.0,0.78,106,7.453,0.005,6.326,0.003,,0.97,0.005,T,0.95,0.0,L,,6.3864,0.0007,0.008,151.0,,6.37,6.4,,C,,,,,,1.0,,,,,,,,,,S,,,224870.0,B+49 4309,,,0.95,G7II-III,S,222.2222222222222,-0.5139374311232814,4815.94093466545
H,107,,00 01 20.11,-50 20 14.6,5.53,1.0,H,0.33380226,-50.33739907,,5.84,7.34,10.59,0.44,0.4,0.61,0.54,0.44,-0.08,0.05,-0.15,-0.07,-0.07,0.02,-0.07,-0.05,-0.08,-0.06,1.0,-0.47,107,7.626,0.006,5.722,0.003,,1.615,0.006,T,1.88,0.02,O,,5.6243,0.0012,0.015,162.0,,5.6,5.65,,U,2.0,,,,,1.0,,,,,,,,,,S,,,224865.0,,C-51 13743,P-51 12068,1.88,M2III,2,171.23287671232876,-0.6379357644380024,3628.3503058593997
H,108,,00 01 20.77,-70 07 31.1,8.53,,H,0.33655323,-70.12530771,,0.3,12.75,14.74,0.72,0.72,0.86,0.73,0.71,-0.07,0.05,-0.19,-0.28,0.02,0.06,0.02,-0.19,0.02,0.07,2.0,1.04,108,10.231,0.022,8.664,0.011,,1.315,0.019,T,1.28,0.02,L,,8.6842,0.0016,0.02,158.0,,8.65,8.72,,C,,,,,,1.0,,,S,,,,,,,,,,224866.0,,,P-70  3036,1.22,K3II/III,1,3333.3333333333335,-4.084393726401688,4094.8006135221667
H,109,,00 01 23.18,+06 47 29.4,7.23,1.0,G,0.34660201,6.79149102,,5.33,-3.08,-8.7,0.96,0.49,0.94,1.02,0.51,0.11,-0.21,0.01,-0.42,0.14,0.29,0.08,-0.06,0.16,0.25,0.0,-0.94,109,7.664,0.007,7.252,0.007,,0.388,0.003,G,0.45,0.0,H,,7.3153,0.0019,0.02,96.0,,7.28,7.34,0.17,P,1.0,A,,,,1.0,,,,,,,,,,S,,,224875.0,B+05 5247,,,0.45,F0,S,187.61726078799248,0.8636360451328615,6944.7933531057115
H,110,H,00 01 23.69,+39 36 38.9,8.61,,G,0.34870816,39.61081788,A,20.42,-29.92,-41.34,2.12,1.53,1.91,1.88,1.3,0.13,-0.03,0.03,0.33,-0.02,-0.02,-0.03,0.22,0.04,0.23,2.0,0.53,110,9.831,0.022,8.887,0.016,A,0.787,0.003,G,0.82,0.0,H,*,8.7231,0.0017,0.016,106.0,*,8.7,8.75,,D,,,00014+3937,I,1.0,2.0,C,,A,AB,176.0,1.197,0.007,0.64,0.03,,,,224873.0,B+38 5112,,,0.82,G5,S,48.97159647404505,5.160278688754457,5320.175641469432
H,111,,00 01 23.78,+34 16 54.7,11.28,,G,0.34908697,34.28185977,,27.11,258.31,-4.75,1.92,1.29,2.33,2.24,1.39,0.11,0.04,-0.02,-0.19,-0.07,0.19,-0.06,0.01,0.19,0.12,5.0,0.22,111,,,,,,1.308,0.02,G,1.51,0.03,I,,11.4075,0.0058,0.048,98.0,,11.32,11.47,,,,,,,,1.0,,,,,,,,,,,G,,,,,,1.51,M2,S,36.88675765400221,8.445647587902428,4107.186234101257
H,112,,00 01 25.66,-16 56 52.2,10.76,,G,0.35691658,-16.94782618,,31.35,299.01,-255.05,3.98,2.08,4.17,5.02,1.94,0.19,-0.02,0.02,-0.52,-0.05,0.21,-0.08,-0.52,0.15,0.11,1.0,,112,,,,,,1.384,0.005,G,1.72,0.02,A,,10.8532,0.0032,0.035,128.0,,10.81,10.91,,,,,,,,1.0,X,,,,,,,,,,G,,,B-17 6862,,,1.72,M1.5V:,S,31.897926634768737,8.241187725833676,3976.758858217169
H,113,,00 01 27.75,+49 00 37.5,8.93,,H,0.36562073,49.01041081,,0.27,-0.29,-1.97,0.72,0.67,1.09,0.8,0.68,-0.07,0.18,0.14,-0.08,0.15,0.03,0.16,0.02,0.18,-0.1,2.0,0.47,113,8.955,0.011,8.937,0.014,,0.021,0.016,T,0.04,0.01,L,,8.9466,0.0024,0.021,134.0,,8.91,8.99,,,,,,,,1.0,,,,,,,,,,,,,224881.0,B+48 4218,,,0.0,A0,S,3703.7037037037035,-3.913181179205063,9870.621192509538
H,114,H,00 01 29.20,+30 44 09.2,7.95,,G,0.37167609,30.73587929,A,9.93,-10.28,-38.64,1.79,1.2,1.95,1.97,1.17,0.18,0.36,-0.05,-0.07,0.06,-0.04,0.16,-0.02,0.15,0.03,1.0,-0.38,114,8.83,0.015,8.091,0.012,A,0.654,0.007,G,0.72,0.01,H,*,8.0601,0.0016,0.011,80.0,*,8.04,8.08,,D,,,00015+3044,I,1.0,2.0,C,,A,AB,196.0,1.102,0.009,1.63,0.05,S,,,224882.0,B+29 5046,,,0.72,G0IV,X,100.70493454179255,2.9347462424769066,5763.846987374812
H,115,,00 01 29.42,-62 55 23.4,7.46,,H,0.37259669,-62.9231576,,4.73,-2.22,11.18,0.5,0.48,0.67,0.58,0.53,-0.07,-0.09,-0.16,0.02,0.04,0.02,0.06,0.1,-0.23,-0.06,0.0,-0.29,115,7.638,0.005,7.471,0.007,,0.16,0.008,T,0.18,0.01,L,,7.5117,0.0011,0.011,143.0,,7.49,7.53,,C,,,,,,1.0,,,,,,,,,,S,,,224878.0,,,P-63  4944,0.14,A2IV,1,211.4164904862579,0.8343057036890578,8486.084510400658
H,116,,00 01 30.09,-33 47 33.7,8.6,,H,0.37539303,-33.79270439,,8.29,-23.88,-27.41,0.69,0.48,0.97,0.82,0.61,0.2,-0.07,-0.02,-0.4,0.01,0.1,0.01,-0.37,0.21,0.04,0.0,2.01,116,9.086,0.009,8.639,0.009,,0.435,0.01,T,0.5,0.01,L,,8.6976,0.0011,0.015,249.0,,8.67,8.73,,,,,,,,1.0,,,,,,,,,,S,,,224886.0,,C-34 16269,P-34  9330,0.49,F3V,3,120.62726176115804,3.1927726527513673,6699.1874132057255
H,117,,00 01 31.30,-72 36 21.3,8.55,,H,0.3804081,-72.60590348,,0.36,18.26,1.7,0.75,0.66,0.87,0.88,0.71,-0.01,0.13,-0.07,0.11,0.16,-0.07,0.15,-0.09,-0.14,0.11,0.0,-1.34,117,9.961,0.021,8.677,0.013,,1.093,0.019,T,1.05,0.02,L,,8.7178,0.0017,0.02,131.0,,8.69,8.75,,,,,,,,1.0,,,,,,,,,,,,,224879.0,,,P-73  2341,1.01,G8III,1,2777.777777777778,-3.6684874961635625,4529.9965860761895
H,118,,00 01 32.76,-09 25 48.1,9.2,,H,0.38648579,-9.43003605,,12.08,44.38,1.14,1.01,0.58,1.33,1.46,0.6,0.42,-0.1,-0.02,-0.18,-0.04,0.27,-0.13,-0.36,0.24,0.3,0.0,0.07,118,9.927,0.018,9.274,0.016,,0.606,0.02,T,0.68,0.02,L,,9.3269,0.0016,0.02,190.0,,9.29,9.36,,,,,,,,1.0,,,,,,,,,,S,,,224883.0,B-10 6212,,,0.67,G0,S,82.78145695364239,4.610334671425564,5944.149606353677
H,119,,00 01 33.65,+44 40 31.6,6.82,,H,0.39020229,44.67544581,,7.49,-10.61,-18.37,0.51,0.48,0.83,0.6,0.51,-0.15,0.05,0.12,0.1,-0.08,-0.03,-0.07,0.2,0.1,-0.21,0.0,0.17,119,8.186,0.008,6.929,0.006,,1.071,0.008,T,1.04,0.01,L,,6.9834,0.001,0.008,119.0,,6.97,7.0,,,,,,,,1.0,,,,,,,,,,S,,,224894.0,B+43 4605,,,1.02,K0,S,133.5113484646195,1.1924090884973326,4578.489747573559
H,120,,00 01 35.04,-45 20 40.9,8.29,1.0,H,0.39598898,-45.34468907,,2.83,-19.71,-28.68,0.78,0.69,1.09,0.88,0.87,0.14,0.17,-0.14,-0.07,-0.29,0.12,-0.24,-0.45,0.04,0.31,1.0,0.29,120,9.842,0.016,8.443,0.009,,1.183,0.014,T,1.14,0.01,L,,8.4576,0.0018,0.018,147.0,,8.43,8.49,,U,,,,,,1.0,,,,,,,,,,,,,224902.0,,C-46 14836,P-46 10615,1.13,K1IIICNIV,G,353.35689045936397,0.5489321776214506,4342.35614016503
H,121,,00 01 35.15,+28 25 25.6,6.83,,H,0.39647681,28.42377416,,3.66,-18.88,-34.1,0.67,0.48,0.83,0.66,0.46,0.13,0.34,0.07,0.11,-0.03,-0.06,0.01,-0.12,0.12,0.07,0.0,0.31,121,8.374,0.011,6.967,0.008,,1.197,0.015,G,1.16,0.01,H,,6.9957,0.0011,0.007,82.0,,6.98,7.01,,C,,,,,,1.0,,,,,,,,,,S,,,224895.0,B+27 4664,,,1.16,K2III,X,273.22404371584696,-0.35259457302794583,4314.621838321851
H,122,,00 01 35.85,-77 03 55.1,4.78,,G,0.39937928,-77.06529438,,14.77,-56.52,-176.95,0.4,0.39,0.47,0.46,0.4,0.0,0.11,-0.21,0.07,0.02,0.05,0.03,0.03,-0.05,0.16,0.0,1.99,122,6.43,0.003,4.928,0.002,,1.254,0.039,G,1.26,0.02,A,,4.9354,0.0006,0.005,134.0,,4.93,4.95,,,,,,,,1.0,,,,,,,,,,S,,,224889.0,,,P-77  1596,1.26,K2III,X,67.70480704129993,0.6269024765597484,4205.4316545829715
H,123,,00 01 36.06,+72 14 11.8,7.21,,H,0.4002411,72.23660619,,5.07,-44.73,3.74,0.54,0.59,0.7,0.57,0.53,-0.01,0.21,0.39,0.17,0.02,0.08,-0.06,-0.22,-0.03,-0.22,0.0,-1.85,123,8.722,0.01,7.341,0.006,,1.169,0.009,T,1.13,0.01,L,,7.379,0.0013,0.012,127.0,,7.36,7.4,,C,,,,,,1.0,,,,,,,,,,S,,,224891.0,B+71 1246,,,1.09,K0,S,197.2386587771203,0.7350397966666806,4370.466973686394
H,124,,00 01 37.02,+61 13 22.1,5.58,,H,0.40424537,61.22280406,,0.86,-2.8,-1.34,0.39,0.43,0.56,0.48,0.48,-0.14,0.06,0.12,0.17,-0.05,-0.07,-0.01,-0.08,0.27,-0.11,0.0,0.31,124,6.049,0.003,5.618,0.002,,0.407,0.003,T,0.47,0.0,L,,5.6725,0.0006,0.005,145.0,,5.66,5.68,,C,,,,,,1.0,,,,,,,,,,S,,,224893.0,B+60 2657,,,0.47,F0III,X,1162.7906976744187,-4.74750774378216,6843.184916139754
H,125,,00 01 37.14,-39 20 12.0,8.7,,H,0.40473165,-39.33667992,,5.08,-19.57,-28.13,0.67,0.55,1.06,0.76,0.68,0.17,0.12,0.12,0.29,-0.06,-0.08,-0.08,-0.3,-0.05,0.14,0.0,0.42,125,9.127,0.01,8.752,0.01,,0.366,0.012,T,0.43,0.01,L,,8.7834,0.0012,0.014,183.0,,8.76,8.81,,,,,,,,1.0,,,,,,,,,,S,,,224900.0,,C-40 15310,P-40  9908,0.4,F2V,3,196.85039370078738,2.2293185614195963,7066.627650363904
H,126,,00 01 38.10,+14 37 56.3,8.06,,H,0.40873313,14.63230674,,2.94,37.26,7.11,0.74,0.53,0.95,0.8,0.55,0.52,0.22,0.13,0.28,0.11,0.11,0.13,0.07,0.09,0.55,1.0,-1.19,126,9.29,0.012,8.165,0.008,,0.969,0.011,T,0.95,0.01,L,,8.2251,0.001,0.013,161.0,,8.2,8.25,,,,,,,,1.0,,,,,,,,,,S,,,224896.0,B+13 5196,,,0.94,G5,S,340.1360544217687,0.40173665206078724,4818.422168812224
H,127,,00 01 38.90,-48 56 06.6,10.86,,G,0.41208753,-48.93516169,,11.27,42.86,-188.26,1.21,1.43,2.15,1.25,1.8,-0.07,-0.12,-0.12,-0.3,-0.06,0.17,-0.05,-0.28,-0.15,-0.07,0.0,0.72,127,11.895,0.097,10.866,0.061,,0.942,0.006,G,0.99,0.01,I,,11.0007,0.004,0.053,187.0,,10.91,11.07,,,,,,,,1.0,,,,,,,,,,,G,,,,C-49 14318,P-49 11842,0.99,,,88.73114463176574,6.119619580230532,4886.452318139357
H,128,,00 01 39.30,+73 36 42.8,6.5,,H,0.41376473,73.61187664,,15.2,75.54,-12.36,0.5,0.52,0.63,0.56,0.49,-0.12,-0.07,0.37,-0.24,0.09,0.28,0.01,-0.16,-0.05,-0.25,0.0,0.09,128,6.74,0.004,6.521,0.004,,0.182,0.002,G,0.2,0.0,H,,6.5638,0.0009,0.008,119.0,,6.55,6.58,,C,,,,,,1.0,,,,,,,,,,S,,,224890.0,B+72 1135,,,0.2,Am...,X,65.78947368421052,2.409217939723863,8304.980143006806
H,129,,00 01 39.74,+05 22 21.9,9.32,,H,0.41560234,5.37275092,,6.6,5.33,23.58,1.19,0.72,1.3,1.18,0.81,0.31,-0.06,0.07,-0.17,-0.05,-0.04,-0.03,-0.19,0.07,0.45,4.0,-0.61,129,9.967,0.029,9.395,0.027,,0.559,0.007,G,0.63,0.01,H,,9.446,0.0022,0.015,83.0,,9.42,9.48,,C,,,,,,1.0,,,,,,,,,,,,,224897.0,B+04 5081,,,0.63,F8,S,151.51515151515153,3.417719677709343,6132.8607634715145
H,130,,00 01 40.38,-30 41 33.0,9.14,,G,0.41825279,-30.69250699,,2.93,16.06,-12.27,1.1,0.67,1.38,1.37,0.75,0.03,-0.05,0.01,-0.24,0.06,0.31,0.02,-0.42,-0.1,-0.22,0.0,0.04,130,10.493,0.03,9.243,0.017,,1.08,0.015,G,1.04,0.01,I,,9.2966,0.0019,0.02,150.0,,9.27,9.33,,,,,,,,1.0,,,,,,,,,,,,,224913.0,,C-31 19557,P-31  6881,1.04,K0III,3,341.29692832764505,1.4743381017705488,4558.520175773521
H,131,,00 01 40.79,+62 01 05.3,8.13,,H,0.4199422,62.01815066,,8.11,-14.27,-26.03,0.61,0.61,0.83,0.72,0.72,-0.1,0.19,0.15,0.2,-0.03,-0.06,0.04,0.02,0.25,-0.11,0.0,-1.28,131,8.358,0.009,8.142,0.01,,0.2,0.013,T,0.22,0.01,L,,8.1954,0.0013,0.015,142.0,,8.17,8.23,,,,,,,,1.0,,,,,,,,,,,,,224892.0,B+61 2582,,,0.19,A4V,X,123.30456226880396,2.6751042710557806,8163.006622936273
H,132,,00 01 41.28,-34 39 12.6,10.62,,H,0.42200516,-34.65350786,,1.89,5.38,-15.37,1.3,0.8,1.91,1.56,1.2,0.15,0.0,-0.12,-0.46,0.03,-0.02,0.06,-0.37,0.3,0.05,0.0,-0.87,132,11.02,0.033,10.642,0.036,,0.358,0.045,T,0.42,0.05,L,,10.7028,0.0027,0.031,209.0,,10.64,10.75,,C,,,,,,1.0,,,,,,,,,,,G,,,,C-35 16037,P-35  9471,0.42,F0,S,529.1005291005292,2.0023090208662193,7112.093996658919
H,133,,00 01 41.61,-40 08 55.2,6.62,,H,0.4233689,-40.14866597,,3.51,33.7,-14.84,0.46,0.41,0.79,0.48,0.52,0.13,0.18,0.03,0.33,-0.07,0.16,-0.08,-0.28,-0.05,0.13,0.0,-1.55,133,7.266,0.004,6.682,0.004,,0.545,0.005,T,0.62,0.01,L,,6.7434,0.0006,0.008,201.0,,6.73,6.76,,C,,,,,,1.0,,,,,,,,,,S,,,224914.0,,C-40 15311,P-40  9909,0.6,F5IV,2,284.90028490028493,-0.6534644176708797,6191.594696560383
H,134,,00 01 42.03,-01 08 23.9,9.96,,H,0.42514055,-1.13997217,,1.3,23.15,5.09,1.69,0.84,1.71,2.24,0.94,0.24,-0.01,-0.13,0.0,-0.12,0.14,-0.09,-0.33,0.3,0.28,0.0,0.79,134,10.236,0.037,9.958,0.045,,0.264,0.055,T,0.3,0.07,L,,10.03,0.0028,0.019,79.0,,10.0,10.06,,C,,,,,,1.0,,,,,,,,,,,,,224909.0,B-01 4516,,,0.1,A0,S,769.2307692307692,0.5297167615341838,7698.603814159162
H,135,,00 01 42.42,-00 13 03.0,8.64,,H,0.42674592,-0.21749947,,20.1,20.73,-114.08,1.06,0.7,1.22,1.45,0.83,0.29,0.15,-0.14,0.04,-0.1,0.2,-0.02,-0.26,0.25,0.4,0.0,-1.78,135,9.393,0.017,8.724,0.015,,0.62,0.019,T,0.69,0.02,L,,8.7706,0.0013,0.014,85.0,,8.75,8.79,,D,,,,,,1.0,,,,,,,,,,S,,,224908.0,B-01 4517,,,0.69,G5,S,49.75124378109452,5.155980287102445,5890.322012321262
H,136,,00 01 42.87,+24 15 11.5,6.6,,H,0.42864226,24.2531808,,5.84,18.5,-28.01,0.65,0.49,0.78,0.71,0.47,0.24,0.17,0.16,0.22,0.04,0.02,0.07,-0.15,0.12,0.26,0.0,0.1,136,8.085,0.011,6.724,0.004,,1.153,0.009,T,1.12,0.01,L,,6.7635,0.001,0.008,92.0,,6.75,6.78,,,,,,,,1.0,,,,,,,,,,S,,,224907.0,B+23 4844,,,1.09,K2III-IV,X,171.23287671232876,0.432064235561997,4403.064991865318
H,137,,00 01 43.85,+42 22 01.7,6.25,,H,0.43268925,42.36714821,,2.45,5.11,-1.77,0.41,0.42,0.69,0.48,0.41,0.05,0.1,0.34,0.05,-0.06,-0.02,-0.03,0.21,0.16,-0.06,1.0,1.61,137,6.187,0.003,6.238,0.004,,-0.042,0.005,T,-0.02,0.01,L,,6.2437,0.0007,0.007,153.0,,6.23,6.26,,,,,,,,1.0,,,,,,,,,,S,,,224906.0,B+41 4920,,,-0.01,B9IIIp Mn,G,408.1632653061224,-1.8041695781773388,10681.29698870658
H,138,,00 01 44.93,-16 31 54.2,7.83,,H,0.43720393,-16.53172119,,6.34,94.8,24.68,1.69,0.9,1.89,3.04,0.84,0.2,-0.02,0.06,0.18,0.08,0.17,-0.1,-0.45,0.05,-0.06,0.0,,138,9.214,0.012,7.954,0.008,,1.074,0.011,T,1.04,0.01,L,,8.0006,0.0013,0.015,145.0,,7.98,8.03,,,,,,,,1.0,X,,,,,,,,,S,,,224910.0,B-17 6864,,,1.01,K0/K1IV,4,157.72870662460568,1.8404462894086633,4571.812794777759
H,139,,00 01 46.87,+67 30 25.1,10.03,2.0,H,0.4452924,67.5069762,,1.62,-3.6,-0.44,1.08,1.09,1.45,1.2,1.06,-0.04,0.07,0.29,-0.19,0.06,-0.02,0.07,-0.07,0.12,-0.05,0.0,1.9,139,11.515,0.084,10.129,0.038,,1.289,0.042,G,1.25,0.04,I,,10.1512,0.0027,0.032,127.0,,10.1,10.26,,U,2.0,,,,,1.0,,,S,,,,,,,,D,,,B+66 1673,,,1.25,B0,S,617.283950617284,1.0775750727131541,4141.2024603826885
H,140,,00 01 48.64,-68 06 17.3,9.04,,H,0.45267471,-68.10481108,,8.98,100.92,-35.54,0.77,0.74,0.93,1.0,0.82,-0.14,0.07,-0.2,-0.17,0.11,-0.15,0.08,-0.15,0.01,-0.04,1.0,-1.04,140,9.684,0.016,9.102,0.015,,0.546,0.016,T,0.62,0.01,L,,9.1634,0.0021,0.021,144.0,,9.13,9.2,,C,,,,,,1.0,,,,,,,,,,,,,224915.0,,,P-68  3591,0.58,F7V,1,111.35857461024499,3.8063816833365216,6187.359245659021
H,141,,00 01 48.82,+36 21 01.2,8.47,,H,0.45342986,36.3503456,,5.61,21.36,5.19,0.87,0.61,1.1,1.01,0.71,-0.04,0.26,-0.07,-0.13,0.1,-0.13,0.13,-0.04,0.19,-0.02,0.0,0.22,141,10.221,0.031,8.609,0.015,,1.35,0.027,T,1.32,0.03,L,,8.6143,0.0012,0.014,93.0,,8.59,8.64,,D,,,,,,1.0,,,,,,,,,,,,,224921.0,B+35 5156,,,1.59,K5,S,178.25311942959001,2.2148143062808074,4034.024071541386
H,142,,00 01 48.90,+66 18 21.6,7.33,,H,0.45374866,66.30600204,,16.04,4.74,12.31,0.53,0.52,0.69,0.65,0.53,-0.18,0.07,0.25,0.07,-0.07,0.0,-0.05,0.1,0.15,-0.23,0.0,1.35,142,8.222,0.007,7.414,0.007,,0.73,0.008,T,0.78,0.01,L,,7.4726,0.0013,0.011,136.0,,7.46,7.49,,,,,,,,1.0,,,,,,,,,,S,,,224918.0,B+65 1984,,,0.77,K0,S,62.34413965087282,3.3560218197407234,5501.092963336511
H,144,,00 01 49.22,+76 10 32.2,8.66,,H,0.4550899,76.17561121,,3.57,18.53,-5.64,0.64,0.62,0.75,0.74,0.66,0.01,0.0,0.15,-0.03,-0.06,0.06,-0.06,-0.04,0.15,0.01,0.0,0.4,144,10.455,0.034,8.825,0.016,,1.364,0.03,T,1.33,0.04,L,,8.8026,0.0016,0.016,129.0,,8.77,8.83,,C,,,,,,1.0,,,,,,,,,,,,,224917.0,B+75  904,,,1.5,K5,S,280.1120448179272,1.4233410805609665,4010.23716200098
H,143,,00 01 49.24,+21 27 43.7,10.35,,G,0.4551821,21.4621375,,20.05,177.97,150.19,1.35,0.96,1.64,1.67,1.05,0.25,0.05,-0.06,-0.09,0.16,-0.01,0.12,0.1,0.06,0.36,3.0,1.99,143,11.559,0.091,10.36,0.052,,1.033,0.019,G,1.08,0.02,I,,10.4567,0.0034,0.028,96.0,,10.41,10.51,,C,,,,,,1.0,,,,,,,,,,,G,,,,,,1.08,K3,S,49.87531172069825,6.860571884781005,4664.877902396948
H,145,,00 01 49.44,-03 01 38.9,5.13,,H,0.45598912,-3.02747891,,7.98,18.9,-10.25,0.74,0.42,0.71,0.81,0.41,0.17,0.07,0.02,-0.43,0.05,0.07,0.03,-0.26,0.11,0.18,0.0,3.71,145,4.964,0.002,5.106,0.002,,-0.128,0.009,G,-0.12,0.02,A,,5.0831,0.0006,0.006,99.0,,5.07,5.09,,,,,,,,1.0,,,,,,,,,,S,,,224926.0,B-03 5749,,,-0.12,B7III-IV,X,125.31328320802004,-0.3599855432463528,12066.238528971358
H,146,,00 01 49.49,-25 47 51.7,8.96,,G,0.45619148,-25.79769516,,4.39,-130.61,-341.77,1.01,0.58,1.29,1.58,0.67,0.06,-0.06,-0.03,0.01,0.01,0.29,-0.07,-0.33,0.04,-0.2,3.0,1.93,146,9.288,0.013,8.988,0.014,,0.306,0.002,G,0.35,0.0,H,,9.0492,0.0014,0.017,158.0,,9.03,9.08,,C,,,00018-2548,I,1.0,1.0,,,,,,,,,,S,,,224927.0,,C-26 16876,P-26  7540,0.35,A9V,3,227.79043280182233,2.172322601210608,7423.943766267737
H,149,,00 01 54.88,+26 00 20.1,11.26,,G,0.47868501,26.00557721,,22.92,-309.64,-628.61,1.89,1.28,2.17,2.15,1.28,0.1,0.11,0.14,-0.24,0.13,0.11,0.1,-0.04,0.08,0.15,0.0,1.22,149,,,,,,0.932,0.007,G,0.98,0.01,I,,11.3715,0.0044,0.038,97.0,,11.3,11.43,,,,,,,,1.0,,,,,,,,,,,G,,,,,,0.98,K3,S,43.63001745200698,8.061073066476762,4912.167284243307
H,148,,00 01 54.91,+15 31 42.7,8.15,,G,0.47879268,15.52852839,,4.22,11.25,5.41,0.76,0.56,0.96,0.82,0.57,0.43,0.17,0.01,-0.05,0.09,-0.02,0.09,0.04,0.12,0.49,0.0,0.37,148,8.863,0.011,8.235,0.01,,0.584,0.013,T,0.66,0.01,L,,8.2766,0.0012,0.012,116.0,,8.26,8.3,,C,,,,,,1.0,,,,,,,,,,S,,,224931.0,B+14 5084,,,0.68,F8,S,236.96682464454977,1.2765622548083702,6030.905632789332
H,150,,00 01 55.29,-37 13 47.4,7.04,,H,0.48036559,-37.22984397,,7.5,-19.88,-44.75,0.62,0.43,0.84,0.69,0.51,0.11,-0.08,0.06,-0.26,-0.01,0.19,-0.05,-0.4,-0.02,-0.02,0.0,0.55,150,8.422,0.007,7.177,0.004,,1.06,0.015,G,1.11,0.02,A,,7.211,0.0007,0.012,187.0,,7.19,7.23,,C,,,,,,1.0,,,,,,,,,,S,,,224936.0,,C-37 15469,P-37  9432,1.11,K1III,3,133.33333333333334,1.4153063169585005,4603.148560514078
H,152,,00 01 56.27,-28 07 51.4,10.02,,H,0.48445318,-28.13095543,,5.1,-12.42,3.03,1.22,0.77,1.42,1.61,0.84,0.03,-0.06,0.13,0.12,0.04,0.17,-0.04,-0.19,0.04,-0.12,0.0,2.32,152,10.464,0.027,10.069,0.031,,0.456,0.015,G,0.53,0.02,H,,10.1237,0.0032,0.03,145.0,,10.06,10.18,,C,,,,,,1.0,,,,,,,,,,,,,,,C-28 18443,P-28  7748,0.53,F5,S,196.07843137254903,3.5578508804896813,6595.421995871784
H,153,,00 01 56.29,+12 39 17.8,8.9,,H,0.48454484,12.65495324,,5.54,-13.44,-26.84,1.07,0.68,1.23,1.27,0.76,0.22,-0.02,0.03,-0.23,0.12,0.26,0.06,-0.06,0.3,0.49,0.0,0.39,153,9.423,0.019,8.935,0.019,,0.459,0.024,T,0.53,0.03,L,,9.0039,0.0025,0.018,84.0,,8.97,9.04,,,,,,,,1.0,,,,,,,,,,S,,,224932.0,B+11 5087,,,0.46,F8,S,180.50541516245488,2.6175488236421485,6580.881646344008
H,151,H,00 01 56.30,-41 36 49.5,7.78,,H,0.4845824,-41.61373674,A,7.56,89.74,-15.52,0.97,0.82,1.37,1.03,0.96,-0.04,0.04,0.12,0.21,-0.07,0.17,-0.04,-0.25,-0.12,-0.04,2.0,-0.02,151,8.279,0.007,7.824,0.006,*,0.411,0.002,G,0.48,0.0,H,*,7.8718,0.0009,0.012,204.0,*,7.85,7.89,,D,,,00019-4137,I,1.0,2.0,C,,A,AB,16.0,0.707,0.008,2.82,0.04,S,,,224937.0,,C-42 16567,P-42  9656,0.48,F3IV...,X,132.2751322751323,2.172608977506032,6822.203449258035
H,154,,00 01 57.59,-06 00 50.3,4.37,2.0,H,0.48996506,-6.01397169,,7.86,46.62,-41.32,0.8,0.41,0.94,1.09,0.44,0.19,-0.09,-0.21,0.03,-0.03,0.5,0.07,-0.26,0.36,0.43,0.0,2.73,154,6.483,0.006,4.588,0.005,,1.631,0.011,G,2.35,0.02,A,,4.412,0.0045,0.043,116.0,,4.35,4.46,,U,2.0,C,,,,1.0,,,S,,,,,,,S,,,224935.0,B-06 6345,,,2.35,M3III,X,127.2264631043257,-1.152887269802961,3606.5456775983994
H,155,,00 01 57.87,+46 16 09.0,9.93,,H,0.49113894,46.26916275,,2.28,15.17,-2.88,0.81,0.84,1.39,0.89,0.9,0.12,0.18,0.25,-0.07,0.0,-0.19,0.08,0.24,0.3,0.09,0.0,0.18,155,10.205,0.022,9.907,0.026,,0.283,0.032,T,0.32,0.04,L,,10.0092,0.0027,0.031,162.0,,9.95,10.07,,,,,,,,1.0,,,,,,,,,,,G,,,B+45 4396,,,0.16,A2,S,438.5964912280702,1.7196742350022678,7571.6429562596195
H,156,,00 01 59.25,+63 21 28.2,8.6,,H,0.496885,63.3578458,,3.09,8.33,-8.04,0.66,0.65,0.84,0.84,0.7,-0.19,0.1,0.21,0.21,-0.04,0.0,-0.03,0.0,0.1,-0.18,0.0,-0.82,156,8.698,0.011,8.606,0.014,,0.1,0.015,G,0.07,0.01,L,,8.6265,0.0015,0.019,137.0,,8.6,8.67,,,,,,,,1.0,,,,,,,,,,,,,224939.0,B+62 2351,,,0.07,B8V,X,323.6245954692557,1.0497923971241727,9027.638443017657
H,157,,00 02 00.08,-05 12 50.4,8.51,,H,0.50032768,-5.21399723,,6.87,39.43,29.54,1.27,0.62,1.28,1.84,0.65,0.21,0.06,-0.19,0.04,-0.03,0.08,0.01,-0.34,0.25,0.32,0.0,1.55,157,9.661,0.02,8.622,0.014,,0.903,0.018,T,0.9,0.01,L,,8.6681,0.0016,0.019,112.0,,8.63,8.7,,C,,,,,,1.0,,,,,,,,,,S,,,224947.0,B-06 6346,,,0.91,G5,S,145.56040756914118,2.694783685297752,4988.387690778303
H,158,,00 02 00.11,-37 54 06.4,7.09,,H,0.50047134,-37.90179046,,7.03,121.63,-35.97,0.66,0.45,0.89,0.74,0.55,0.15,0.1,0.14,-0.26,-0.02,0.09,-0.06,-0.39,-0.15,-0.03,0.0,-0.89,158,8.366,0.007,7.202,0.004,,0.999,0.006,T,0.98,0.01,L,,7.2519,0.0008,0.008,181.0,,7.24,7.27,,C,,,,,,1.0,,,,,,,,,,S,,,224949.0,,C-38 15713,P-38  8596,0.97,K0III,3,142.24751066856328,1.32477662509912,4745.1404245925805
H,159,,00 02 02.59,-02 45 58.2,6.93,,H,0.51081115,-2.76616306,,16.92,39.33,-3.17,0.84,0.45,0.81,0.88,0.46,0.16,-0.01,0.0,-0.35,0.08,-0.01,0.06,-0.21,0.06,0.21,0.0,1.8,159,7.275,0.006,6.968,0.007,,0.292,0.009,T,0.33,0.01,L,,7.009,0.0011,0.01,108.0,,6.99,7.03,,C,,,,,,1.0,,,,,,,,,,S,,,224945.0,B-03 5750,,,0.3,A3,S,59.10165484633569,3.0720017935150237,7513.087897381098
H,160,,00 02 02.81,-69 16 09.1,8.68,,G,0.5117152,-69.26920741,,2.07,14.52,3.76,0.64,0.64,0.8,0.72,0.66,-0.16,0.04,-0.27,0.1,0.0,-0.01,0.01,-0.13,0.0,-0.1,0.0,2.06,160,8.602,0.008,8.649,0.011,,-0.052,0.006,G,-0.03,0.01,H,,8.6699,0.0016,0.019,147.0,,8.63,8.72,,,,,,,,1.0,,,,,,,,,,S,,,224954.0,,,P-69  3345,-0.03,B9V,1,483.09178743961354,0.2598517272845893,10823.943144756118
H,161,,00 02 03.00,+33 41 45.6,8.98,,H,0.51248009,33.69599071,,2.38,-23.14,-13.48,0.93,0.62,1.09,1.28,0.69,0.01,0.07,-0.02,-0.03,-0.06,0.13,-0.03,0.17,0.04,-0.09,0.0,-0.75,161,10.906,0.053,9.119,0.019,,1.5,0.04,G,1.5,0.1,R,,9.1048,0.0021,0.017,100.0,,9.08,9.14,,C,,,,,,1.0,,,,,,,,,,,,,,B+32 4753,,,1.5,K5,S,420.16806722689074,0.8628847852825601,3793.5064935064934
H,162,,00 02 03.21,+27 07 07.0,9.84,,G,0.51336753,27.11861943,,2.71,-4.89,-6.9,1.11,0.74,1.33,1.22,0.75,0.09,0.24,0.09,0.01,-0.01,-0.01,0.03,-0.11,0.15,0.05,0.0,0.86,162,10.636,0.043,9.941,0.038,,0.696,0.008,G,0.75,0.01,H,,9.9701,0.0025,0.02,94.0,,9.94,10.0,,,,,00021+2706,I,2.0,1.0,,,,,,,,,,,,,,B+26 4735,,,0.75,G0,S,369.00369003690037,2.0048464543720277,5615.409874103602
H,163,,00 02 04.11,-30 41 06.8,8.98,,H,0.51714313,-30.68523468,,2.92,16.59,2.68,1.11,0.6,1.26,1.39,0.71,-0.08,-0.02,0.01,-0.33,0.11,0.25,0.09,-0.41,-0.07,-0.31,1.0,0.22,163,9.102,0.012,8.973,0.014,,0.107,0.002,G,0.12,0.0,H,,9.0205,0.0018,0.018,149.0,,8.99,9.05,,,,,,,,1.0,,,,,,,,,,S,,,224964.0,,C-31 19562,P-31  6882,0.12,A3V,3,342.4657534246575,1.3069142572420924,8960.533830431375
H,164,,00 02 04.46,+59 56 24.0,7.98,,H,0.51857812,59.94001211,,4.41,114.98,36.86,0.59,0.6,0.82,0.75,0.66,-0.15,0.0,0.22,0.29,-0.07,-0.13,-0.03,-0.03,0.22,-0.16,0.0,0.33,164,9.176,0.012,8.077,0.008,,0.97,0.015,G,0.95,0.01,H,,8.14,0.0012,0.016,155.0,,8.12,8.17,,C,,,,,,1.0,,,,,,,,,,,,,224940.0,B+59 2814,,,0.95,G9III,X,226.75736961451244,1.202192947339194,4815.94093466545
H,166,,00 02 05.17,-56 30 53.6,8.86,,H,0.52152674,-56.51490157,,9.46,-47.58,-12.05,0.76,0.81,1.18,0.89,0.91,-0.17,0.02,-0.31,0.11,0.07,-0.05,0.08,0.0,0.0,-0.03,0.0,0.61,166,9.684,0.015,8.947,0.012,,0.66,0.015,T,0.72,0.01,L,,8.997,0.0029,0.027,165.0,,8.95,9.04,,,,,,,,1.0,,,,,,,,,,S,,,224965.0,,,P-57 10405,0.73,G3V,1,105.70824524312896,3.7394556820089635,5742.128942309952
H,167,,00 02 06.67,+39 10 59.6,8.58,,H,0.52780714,39.1832136,,3.5,6.08,-4.37,0.69,0.54,0.9,0.74,0.61,0.05,0.01,0.04,0.41,-0.05,-0.05,-0.01,0.18,0.12,0.19,0.0,-0.55,167,8.658,0.01,8.573,0.012,,0.06,0.015,G,0.07,0.01,H,,8.6055,0.0015,0.014,125.0,,8.58,8.63,,C,,,,,,1.0,,,,,,,,,,,,,224957.0,B+38 5113,,,0.07,B9,S,285.7142857142857,1.3003402217513784,9433.580164775109
H,168,,00 02 08.05,-02 49 11.4,9.56,,H,0.53352192,-2.81984528,,1.95,-38.31,-93.38,1.24,0.77,1.34,1.32,0.79,0.28,-0.03,0.06,-0.21,0.0,0.07,-0.01,-0.24,0.07,0.32,0.0,1.33,168,10.903,0.117,9.66,0.052,,1.113,0.008,G,1.08,0.01,H,,9.7303,0.002,0.02,102.0,,9.7,9.78,,C,,,,,,1.0,,,,,,,,,,,,,224959.0,B-03 5751,,,1.08,R...,X,512.8205128205129,1.0101730568125902,4486.839504802614
H,169,H,00 02 08.41,-68 16 48.7,9.24,,H,0.53502093,-68.28020594,A,63.03,207.45,-231.8,1.98,1.67,1.98,2.37,1.7,-0.14,0.12,-0.2,-0.21,-0.05,-0.11,-0.04,-0.13,0.06,-0.11,6.0,2.7,169,10.801,0.068,9.295,0.028,*,1.39,0.042,G,1.65,0.11,I,*,9.3369,0.0025,0.025,148.0,*,9.3,9.38,,D,,,00021-6817,I,1.0,2.0,C,,A,AB,125.0,4.209,0.01,1.36,0.04,,,,224953.0,,C-68  2373,P-68  3594,1.65,M0V,X,15.865460891638904,8.237736535628075,3966.828688903021
H,170,,00 02 09.04,-20 52 17.9,9.63,,H,0.5376772,-20.87164212,,5.96,-29.52,-8.33,1.52,0.82,2.02,1.86,0.86,0.18,0.27,0.11,-0.35,0.02,0.1,0.05,-0.3,0.15,-0.06,0.0,0.85,170,10.214,0.023,9.68,0.022,,0.509,0.024,T,0.58,0.03,L,,9.7406,0.0024,0.023,128.0,,9.7,9.78,,,,,,,,1.0,,,S,,,,,,,,,,224961.0,B-21 6517,,,0.55,F5V,4,167.78523489932886,3.5062312987011826,6348.350606926276
H,171,,00 02 09.65,+27 05 04.2,5.8,,G,0.54018776,27.08448905,,80.63,778.59,-918.72,2.4,1.92,3.03,2.81,1.81,0.25,0.11,0.18,0.0,0.09,0.07,0.07,-0.13,0.09,0.26,0.0,,171,,,,,,0.69,0.015,G,0.82,0.05,G,,5.8735,0.0009,0.007,96.0,,5.86,5.88,,D,,,00021+2706,I,2.0,1.0,X,,S,,,,,,,S,,,224930.0,B+26 4734,,,0.82,G3V,X,12.402331638348011,5.332483298996764,5636.113022413328
H,172,,00 02 10.29,+67 24 32.2,9.05,,G,0.54288062,67.40895644,,1.27,-1.45,-1.63,0.79,0.83,1.11,0.85,0.81,-0.02,0.1,0.36,-0.13,0.03,-0.02,0.06,-0.08,0.15,-0.05,1.0,-0.34,172,10.315,0.032,9.18,0.02,,0.976,0.029,T,0.96,0.02,L,,9.2041,0.0027,0.025,130.0,,9.17,9.24,,,,,,,,1.0,,,S,,,,,,,,D,,,B+66 1675,,,1.06,O7,X,787.4015748031495,-0.43098139522021484,4801.110025544659
H,173,,00 02 11.90,+47 34 38.0,8.45,,H,0.54959887,47.57722222,,1.31,-8.42,-6.78,0.68,0.64,1.03,0.73,0.72,-0.11,0.15,0.24,-0.42,0.24,-0.02,0.29,-0.08,0.2,-0.16,0.0,-0.62,173,8.753,0.011,8.493,0.012,,0.248,0.015,T,0.28,0.02,L,,8.5172,0.0014,0.016,138.0,,8.49,8.55,,,,,,,,1.0,,,,,,,,,,S,,,224969.0,B+46 4239,,,0.28,A2,S,763.3587786259542,-0.9636435217211794,7809.199132323731
H,174,,00 02 12.38,+59 57 55.2,8.86,1.0,H,0.55156687,59.96533825,A,3.89,15.17,-0.1,1.41,1.49,1.83,1.66,1.45,-0.06,0.06,0.18,0.16,-0.05,-0.01,-0.02,0.06,0.23,-0.01,1.0,1.47,174,10.173,0.023,8.963,0.014,A,1.035,0.021,T,1.01,0.02,L,,9.0247,0.0102,0.024,151.0,A,8.99,9.08,,U,,,00022+5958,I,1.0,2.0,C,,A,AB,248.0,12.879,0.025,2.62,0.12,,,,240475.0,B+59 2815,,,0.99,G9II-III,X,257.0694087403599,1.8097480066285385,4660.245577327604
H,175,,00 02 12.58,+49 46 16.1,7.84,,H,0.55243583,49.77113897,,3.98,-7.42,-21.74,0.6,0.56,0.87,0.7,0.59,-0.11,0.16,0.2,-0.06,0.06,-0.04,0.09,-0.01,0.15,-0.21,0.0,1.35,175,8.994,0.011,7.929,0.008,,0.923,0.01,T,0.92,0.01,L,,7.9969,0.0014,0.014,132.0,,7.98,8.02,,C,,,,,,1.0,,,,,,,,,,S,,,224968.0,B+48 4225,,,0.93,G5,S,251.25628140703515,0.8394153603684389,4935.556864316527
H,176,,00 02 12.80,+44 25 41.8,8.86,,H,0.55333411,44.42827722,,3.82,19.01,-6.2,0.73,0.63,1.07,0.79,0.68,-0.07,0.12,0.22,0.29,-0.01,-0.04,0.01,0.34,0.14,-0.14,0.0,-1.24,176,9.498,0.017,8.931,0.016,,0.53,0.021,T,0.6,0.02,L,,8.9786,0.0018,0.015,134.0,,8.95,9.01,,,,,,,,1.0,,,,,,,,,,,,,224970.0,B+43 4608,,,0.62,K0,S,261.78010471204186,1.7703168145585426,6255.884888072969
H,177,,00 02 14.45,-11 57 51.6,8.93,,H,0.56020401,-11.96434717,,5.47,9.52,-1.99,0.93,0.63,1.25,1.29,0.66,0.38,-0.02,-0.04,-0.1,-0.12,0.4,-0.15,-0.44,0.14,0.33,0.0,1.83,177,9.137,0.011,8.951,0.013,,0.172,0.002,G,0.19,0.0,H,,8.9846,0.0016,0.018,152.0,,8.95,9.02,,C,,,,,,1.0,,,,,,,,,,S,,,224973.0,B-12 6600,,,0.19,A1m...,4,182.81535648994515,2.619936631667154,8386.233677254313
H,178,H,00 02 16.27,-27 08 06.6,7.97,2.0,G,0.5677962,-27.13517299,A,9.02,99.62,8.25,3.17,1.31,2.5,4.0,1.28,0.0,0.1,0.1,0.45,-0.01,-0.01,-0.12,-0.07,0.02,-0.3,1.0,0.99,178,8.6,0.019,7.997,0.018,*,0.556,0.015,G,0.63,0.01,H,*,8.0951,0.0018,0.021,139.0,*,8.07,8.17,,U,2.0,,00023-2708,I,1.0,2.0,C,,A,AB,287.0,3.073,0.004,0.36,0.02,S,,,224989.0,,C-27 16522,P-27  7603,0.63,F7V,3,110.86474501108648,2.7460326877097083,6145.345417921852
H,179,,00 02 16.53,-13 24 27.1,6.9,,G,0.56886229,-13.40751554,,14.91,261.21,32.13,0.73,0.45,0.9,0.99,0.45,0.3,-0.03,-0.04,-0.05,-0.07,0.24,-0.09,-0.4,0.16,0.29,0.0,0.06,179,7.548,0.005,6.956,0.004,,0.534,0.002,G,0.61,0.0,H,,7.0259,0.0008,0.008,165.0,,7.01,7.04,,C,,,,,,1.0,,,,,,,,,,S,,,224974.0,B-14 6603,,,0.61,G0V,4,67.0690811535882,2.7673882172649726,6238.600489616528
H,180,,00 02 17.02,-09 10 29.6,8.47,,H,0.57090231,-9.17489501,,2.8,3.94,-13.52,0.98,0.51,1.12,1.21,0.54,0.34,-0.2,-0.05,-0.37,-0.04,0.16,-0.1,-0.29,0.23,0.26,0.0,0.41,180,9.982,0.019,8.598,0.011,,1.171,0.017,T,1.13,0.01,L,,8.6374,0.0012,0.015,178.0,,8.61,8.67,,C,,,,,,1.0,,,,,,,,,,,,,224988.0,B-09 6309,,,1.14,K0,S,357.14285714285717,0.7057901567110969,4366.427786106682
H,181,,00 02 17.72,+60 42 11.5,6.77,2.0,H,0.57381667,60.7031946,,2.51,-8.91,-11.05,0.44,0.46,0.64,0.5,0.52,-0.18,-0.01,0.11,0.14,-0.05,-0.11,-0.03,-0.02,0.28,-0.17,1.0,0.22,181,9.142,0.012,6.975,0.005,,1.832,0.011,T,2.46,0.03,O,,6.796,0.0034,0.03,140.0,,6.75,6.84,,U,2.0,,,,,1.0,,,S,,,,,,,S,,P,224980.0,B+59 2816,,,1.96,M0,S,398.40637450199205,-1.2316313925948101,3354.040593101357
H,182,,00 02 19.48,+52 35 11.2,8.55,,H,0.58116809,52.58643746,,3.32,6.78,-12.63,0.65,0.68,1.16,0.87,0.7,-0.35,0.21,0.02,0.18,0.01,0.16,0.04,0.01,0.14,-0.22,0.0,0.05,182,9.829,0.016,8.659,0.01,,1.004,0.015,T,0.98,0.01,L,,8.7103,0.0019,0.021,203.0,,8.68,8.75,,,,,,,,1.0,,,,,,,,,,,,,236280.0,B+51 3764,,,1.0,K0,S,301.20481927710847,1.155690418520182,4733.15479863762
H,183,,00 02 19.91,-29 43 13.6,5.04,,H,0.58297574,-29.72044805,,6.4,9.66,14.0,0.74,0.44,0.87,1.04,0.51,0.06,-0.25,-0.01,0.03,0.03,0.22,-0.05,-0.37,-0.07,-0.2,0.0,-0.85,183,4.852,0.002,5.009,0.002,,-0.15,0.042,G,-0.14,0.02,A,,4.9895,0.0005,0.005,135.0,,4.98,5.0,,,,,00023-2943,I,1.0,1.0,,,,,,,,,,S,,,224990.0,,C-30 19790,P-30  6829,-0.14,B4V,3,156.25,-0.9291001300805641,12488.51084629239
H,184,,00 02 21.55,+11 00 22.8,8.48,,H,0.58977565,11.00634091,,29.75,-2.65,-43.21,1.03,0.64,1.21,1.09,0.77,0.3,0.2,0.02,-0.19,0.04,0.11,0.07,-0.06,0.25,0.48,0.0,0.45,184,9.574,0.021,8.541,0.014,,0.888,0.02,T,0.89,0.01,L,,8.62,0.0021,0.016,94.0,,8.59,8.64,,,,,,,,1.0,,,,,,,,,,,,,224983.0,B+10 5022,,,0.89,K0,S,33.61344537815126,5.847434850322843,5028.804089770287
H,185,,00 02 21.64,+10 47 08.3,8.53,,G,0.5901502,10.78564387,,11.74,-45.33,-115.73,1.6,1.02,1.8,1.61,1.09,0.24,0.08,-0.04,-0.28,0.01,0.09,0.03,-0.23,0.19,0.45,0.0,,185,9.211,0.016,8.555,0.014,,0.53,0.015,G,0.6,0.02,H,,8.6444,0.0016,0.013,98.0,,8.62,8.66,,C,,,00024+1047,I,2.0,1.0,X,,S,,,,,,,S,,,224984.0,B+09 5313,,,0.6,F8,S,85.17887563884156,3.8783404845579774,6255.884888072969
H,186,,00 02 24.17,+08 57 24.6,6.33,,H,0.60069792,8.9568336,,7.55,-0.87,-4.11,0.68,0.47,0.82,0.69,0.52,0.3,0.19,-0.08,0.09,-0.01,-0.04,0.05,-0.12,0.25,0.37,2.0,1.44,186,6.555,0.004,6.354,0.005,,0.182,0.002,G,0.2,0.0,H,,6.3912,0.0008,0.007,93.0,,6.38,6.4,,C,,,,,,1.0,,,,,,,,,,S,,,224995.0,B+08 5164,,,0.2,A6V,X,132.45033112582783,0.7197347581459415,8304.980143006806
H,187,,00 02 24.51,-06 03 33.1,8.99,,H,0.60211418,-6.05918213,,6.69,69.03,-36.17,1.11,0.61,1.38,1.52,0.73,0.23,-0.05,0.04,0.03,0.06,0.54,0.07,-0.16,0.24,0.44,0.0,1.53,187,9.585,0.027,9.052,0.026,,0.5,0.034,T,0.57,0.04,L,,9.0992,0.0017,0.017,120.0,,9.07,9.13,,C,,,,,,1.0,,,,,,,,,,S,,,224997.0,B-06 6348,,,0.56,G0,S,149.47683109118086,3.1171305888391165,6388.888888888889
H,188,,00 02 24.60,+06 19 59.3,8.64,,H,0.60250452,6.33313676,,10.49,77.39,-50.94,1.27,0.68,1.23,1.38,0.73,0.13,-0.15,0.1,-0.49,0.19,0.31,0.05,-0.04,0.11,0.39,0.0,-0.65,188,9.211,0.018,8.691,0.017,,0.488,0.022,T,0.56,0.02,L,,8.7493,0.0012,0.013,81.0,,8.73,8.78,,,,,,,,1.0,,,,,,,,,,S,,,224996.0,B+05 5252,,,0.49,F5,S,95.32888465204957,3.7438774409677897,6443.818339152462
H,189,,00 02 25.27,+54 08 06.6,9.55,,H,0.60528721,54.13515756,,2.49,-12.95,-7.46,0.88,0.89,1.41,1.04,1.02,-0.35,0.25,0.0,0.14,0.01,0.09,0.05,-0.05,0.03,-0.21,1.0,0.61,189,9.819,0.017,9.57,0.02,,0.237,0.025,T,0.26,0.03,L,,9.6208,0.0031,0.032,177.0,,9.55,9.68,,,,,,,,1.0,,,S,,,,,,,,G,,236281.0,B+53 3275,,,0.18,A3,S,401.6064257028112,1.5309967354786824,7887.2797176256845
H,190,H,00 02 25.33,+10 46 35.9,8.74,,G,0.60555642,10.77665206,*,10.47,-49.43,-118.65,1.0,0.69,1.17,1.06,0.79,0.3,0.11,0.0,-0.23,0.01,0.1,0.03,-0.16,0.17,0.47,0.0,-0.04,190,9.442,0.02,8.779,0.018,*,0.57,0.015,G,0.64,0.01,H,*,8.8555,0.0013,0.012,95.0,*,8.83,8.88,,D,,,00024+1047,I,2.0,2.0,C,S,A,AB,218.0,0.185,0.018,0.53,0.4,S,,,224994.0,B+09 5314,,,0.64,G0,S,95.51098376313276,3.8397334083942125,6087.546961754481
H,191,,00 02 26.95,-46 01 43.8,12.43,,G,0.61228711,-46.02884131,,22.98,192.39,-22.43,3.52,2.61,4.38,4.88,3.92,0.03,0.03,-0.01,-0.13,-0.07,0.14,-0.03,-0.46,-0.06,0.14,3.0,-0.77,191,,,,,,1.49,0.015,G,2.01,0.09,I,,12.697,0.0137,0.101,98.0,,12.52,12.9,,,,,,,,1.0,,,,,,,,,,,G,,,,,,2.01,M3,S,43.51610095735422,9.236750121761332,3808.609875061861
H,192,,00 02 28.76,+08 23 38.1,8.16,,H,0.61983117,8.39393024,,3.31,-1.77,-29.14,0.93,0.64,1.11,1.03,0.67,0.32,0.15,-0.06,-0.07,0.07,0.15,0.1,-0.06,0.26,0.4,0.0,2.33,192,9.475,0.02,8.269,0.013,,1.032,0.019,T,1.0,0.02,L,,8.3264,0.0016,0.015,96.0,,8.3,8.36,,,,,,,,1.0,,,,,,,,,,S,,,225004.0,B+07 5120,,,0.97,G5,S,302.11480362537765,0.7591399688785936,4667.197706522497
H,193,,00 02 29.19,-39 12 45.0,9.46,,H,0.62164007,-39.21249918,,4.77,28.73,-37.91,0.87,0.69,1.47,1.0,0.99,0.15,0.21,0.24,0.04,-0.09,-0.12,-0.12,-0.45,-0.25,0.13,0.0,-0.58,193,10.628,0.025,9.535,0.016,,0.944,0.023,T,0.93,0.02,L,,9.6224,0.0016,0.02,176.0,,9.58,9.66,,C,,,,,,1.0,,,,,,,,,,,,,225006.0,,C-39 15238,P-39  9312,0.96,G8/K0III,3,209.643605870021,2.85259189520057,4881.343448890368
H,194,,00 02 29.76,+08 29 08.1,5.7,,H,0.62398938,8.48557854,,26.53,-93.55,-47.5,0.67,0.45,0.77,0.69,0.46,0.28,0.19,0.03,0.03,0.08,-0.03,0.1,-0.03,0.17,0.28,4.0,1.99,194,6.069,0.004,5.735,0.004,,0.315,0.006,G,0.36,0.01,H,,5.7806,0.0008,0.005,96.0,,5.77,5.79,,C,,,,,,1.0,,,,,,,,,,S,,,225003.0,B+07 5121,,,0.36,F0V,X,37.69317753486619,2.818686249911646,7367.846405765911
H,195,,00 02 30.18,+47 25 22.7,7.62,,H,0.62573691,47.42295978,,8.08,12.29,-28.62,0.58,0.58,1.0,0.57,0.6,-0.08,0.16,0.33,-0.36,0.22,0.05,0.26,0.04,0.21,-0.14,0.0,-0.04,195,8.22,0.008,7.668,0.009,,0.517,0.011,T,0.59,0.01,L,,7.7337,0.0011,0.011,136.0,,7.71,7.76,,C,,,,,,1.0,,,,,,,,,,S,,,224999.0,B+46 4241,,,0.57,F8,S,123.76237623762376,2.1570568038729308,6312.77973184805
H,196,,00 02 30.48,+51 49 47.9,8.95,,H,0.62700447,51.82997958,,0.98,0.32,-1.45,0.72,0.7,1.18,0.89,0.78,-0.26,0.13,0.14,0.05,-0.04,0.07,-0.05,0.12,0.05,-0.17,0.0,-1.02,196,11.15,0.044,9.126,0.013,,1.677,0.037,T,1.7,0.04,L,,9.0616,0.0017,0.023,187.0,,9.02,9.1,,,,,,,,1.0,,,,,,,,,,,,,236282.0,B+51 3766,,,1.67,K5,S,1020.4081632653061,-1.093869621537527,3545.3429391528266
H,197,,00 02 31.76,+42 08 52.1,8.97,,H,0.63232895,42.14779896,,1.62,-7.69,-8.04,0.65,0.69,1.16,0.88,0.68,0.1,0.06,0.32,-0.08,-0.06,-0.09,0.0,0.26,0.14,0.02,0.0,1.93,197,10.192,0.023,9.088,0.015,,0.952,0.021,T,0.94,0.01,L,,9.1315,0.0015,0.02,143.0,,9.1,9.16,,,,,,,,1.0,,,,,,,,,,,,,,B+41 4924,,,1.05,K0,S,617.283950617284,0.017575072713155393,4861.020414578209
H,198,,00 02 31.85,+15 20 06.7,8.94,,H,0.63269567,15.33519012,,5.12,21.03,-7.14,0.87,0.65,1.11,0.91,0.66,0.46,0.12,0.01,0.02,0.1,0.05,0.1,0.03,0.05,0.54,0.0,-0.21,198,9.248,0.015,8.958,0.016,,0.276,0.021,T,0.31,0.03,L,,9.0108,0.0015,0.014,119.0,,8.98,9.04,,C,,,,,,1.0,,,,,,,,,,,,,225002.0,B+14 5088,,,0.25,A0,S,195.3125,2.486349804879154,7617.881421866805
H,199,,00 02 32.41,+16 15 23.6,7.24,,H,0.6350323,16.25655097,,4.07,-11.07,5.7,0.7,0.5,0.88,0.74,0.51,0.43,0.12,0.01,-0.03,0.13,0.06,0.12,0.11,0.09,0.5,0.0,-0.46,199,7.316,0.005,7.241,0.006,,0.074,0.007,T,0.09,0.01,L,,7.2682,0.0009,0.008,120.0,,7.25,7.29,,C,,,,,,1.0,,,,,,,,,,S,,,225001.0,B+15 4925,,,0.07,A0,S,245.7002457002457,0.28797204612610106,9286.961385870212
H,200,,00 02 32.51,-33 59 33.6,10.32,,H,0.63546326,-33.99267216,,3.17,8.78,16.25,1.17,0.79,1.67,1.31,1.09,0.18,-0.05,-0.09,-0.43,-0.03,0.19,0.01,-0.4,0.22,0.11,0.0,0.78,200,10.653,0.026,10.312,0.03,,0.323,0.037,T,0.37,0.05,L,,10.4003,0.0025,0.033,222.0,,10.34,10.46,,,,,,,,1.0,,,,,,,,,,,,,,,C-34 16275,P-34  9333,0.47,F2,S,315.45741324921136,2.8252963110887572,7318.753220964585
H,201,H,00 02 33.44,+18 41 00.1,8.24,,H,0.639314,18.68336438,*,10.06,-13.19,17.41,0.74,0.56,0.99,0.7,0.56,0.31,0.23,0.04,0.07,0.03,-0.14,0.07,-0.02,0.08,0.38,0.0,0.06,201,8.796,0.012,8.292,0.011,*,0.474,0.014,T,0.55,0.01,L,*,8.3428,0.0016,0.013,93.0,*,8.32,8.36,,C,,,00026+1841,H,1.0,2.0,C,S,B,AB,165.0,0.15,0.03,2.13,0.84,S,,,225000.0,B+17 5027,,,0.53,F5,S,99.40357852882703,3.252989903599544,6509.208024317959
H,202,,00 02 34.02,+54 33 07.8,8.62,,G,0.64173419,54.55216087,,2.6,1.53,-8.82,0.7,0.74,1.1,0.89,0.8,-0.37,0.06,0.19,0.32,-0.15,-0.02,-0.11,0.04,0.09,-0.29,0.0,-0.77,202,8.929,0.011,8.631,0.011,,0.303,0.015,G,0.35,0.02,H,,8.6895,0.0018,0.021,170.0,,8.66,8.73,,,,,,,,1.0,,,,,,,,,,,,,225012.0,B+53 3276,,,0.35,F0,S,384.6153846153846,0.6948667398540893,7442.850990645404
H,203,,00 02 34.14,-15 49 52.6,9.18,,H,0.64222918,-15.83126945,,2.16,22.6,7.37,1.18,0.71,1.59,1.91,0.68,0.26,-0.08,0.13,0.07,-0.01,0.42,-0.14,-0.46,0.14,0.21,0.0,1.84,203,10.438,0.024,9.297,0.015,,0.981,0.022,T,0.96,0.02,L,,9.3429,0.0012,0.018,138.0,,9.32,9.38,,,,,,,,1.0,,,,,,,,,,,,,225005.0,B-16 6407,,,1.02,K0III,4,462.96296296296293,0.852268755754654,4788.824417615377
H,204,,00 02 34.82,-43 56 52.5,8.53,,H,0.64508403,-43.94791349,,2.53,42.05,-6.43,0.68,0.61,1.0,0.75,0.78,0.05,-0.1,-0.14,0.0,-0.17,0.14,-0.15,-0.4,0.18,0.13,0.0,0.65,204,10.201,0.02,8.685,0.01,,1.274,0.018,T,1.23,0.02,L,,8.6903,0.0015,0.019,176.0,,8.66,8.73,,,,,,,,1.0,,,,,,,,,,,,,225017.0,,C-44 15432,P-44 10397,1.28,K3III,2,395.2569169960475,0.5456026058790879,4168.476389845299
H,205,,00 02 34.97,-05 11 11.9,8.54,,H,0.64571113,-5.18664439,,8.84,-24.78,-2.83,1.38,0.54,1.25,1.82,0.65,0.2,0.05,0.03,-0.1,-0.05,0.03,-0.03,-0.26,0.09,0.27,4.0,2.48,205,8.992,0.013,8.586,0.013,,0.384,0.017,T,0.45,0.02,L,,8.6326,0.0011,0.014,109.0,,8.61,8.66,,,,,,,,1.0,,,,,,,,,,S,,,225014.0,B-05 6100,,,0.39,F2,S,113.12217194570135,3.272261325065365,6966.604302191845
H,206,,00 02 35.24,+18 50 09.6,8.56,,H,0.64683993,18.83599601,,9.32,-18.5,19.7,0.77,0.59,1.02,0.78,0.59,0.34,0.18,0.0,0.04,0.06,-0.19,0.07,-0.01,0.03,0.41,0.0,-0.44,206,9.089,0.014,8.626,0.014,,0.436,0.018,T,0.5,0.02,L,,8.6621,0.0013,0.014,94.0,,8.64,8.69,,C,,,,,,1.0,,,,,,,,,,S,,,225013.0,B+18 5259,,,0.53,G0,S,107.2961373390558,3.4070795617699074,6694.165970714352
H,208,,00 02 35.98,-67 38 03.4,9.41,,H,0.64992943,-67.63428107,,2.46,21.72,-2.68,0.89,0.83,1.07,0.99,0.86,-0.12,0.05,-0.22,-0.11,0.06,-0.11,0.04,-0.2,0.06,-0.1,0.0,0.21,208,10.564,0.03,9.441,0.018,,0.967,0.027,T,0.95,0.02,L,,9.5725,0.0029,0.028,145.0,,9.53,9.63,,,,,,,,1.0,,,,,,,,,,,,,225018.0,,,P-68  3595,0.93,G6/G8III,1,406.5040650406504,1.364675535516895,4823.3927491334525
H,207,,00 02 36.08,+66 05 56.3,5.87,,H,0.65034249,66.09896341,A,1.57,3.32,1.14,1.68,1.64,1.67,1.83,1.61,-0.2,-0.05,0.2,-0.12,0.04,0.15,0.0,-0.03,0.13,-0.22,3.0,-0.32,207,7.222,0.006,5.963,0.004,A,1.073,0.005,T,1.04,0.0,L,,6.0384,0.0214,0.064,142.0,A,5.98,6.17,,D,,,00026+6606,I,2.0,1.0,C,P,B,,,,,,,S,,,225009.0,B+65 1987,,,1.04,G8III,S,636.9426751592356,-3.1505017379538307,4574.036167385531
H,210,H,00 02 38.92,-08 29 16.6,9.05,,G,0.66214867,-8.48794379,*,7.65,-2.72,-4.67,2.56,1.21,1.93,2.27,0.96,0.34,-0.01,0.07,-0.09,-0.06,0.25,-0.14,-0.39,0.16,0.29,2.0,-1.4,210,9.742,0.018,9.158,0.017,*,0.47,0.015,G,0.54,0.02,H,*,9.1827,0.0021,0.019,131.0,*,9.15,9.22,,D,,,00026-0829,I,1.0,2.0,C,,A,AB,13.0,0.268,0.004,0.25,0.05,,,,225015.0,B-09 6310,,,0.54,G0,S,130.71895424836603,3.4683071757680892,6528.155383829912
H,211,,00 02 39.16,-37 56 51.7,9.52,,H,0.66317884,-37.94768074,,3.88,13.88,-16.4,1.01,0.68,1.36,1.24,0.94,0.12,0.04,0.25,-0.38,-0.01,0.07,-0.05,-0.48,-0.21,-0.06,0.0,-0.98,211,10.536,0.023,9.593,0.016,,0.832,0.021,T,0.85,0.01,L,,9.6688,0.0014,0.017,164.0,,9.64,9.7,,C,,,,,,1.0,,,,,,,,,,,,,,,C-38 15719,P-38  8597,0.9,G8,S,257.7319587628866,2.4641586279710364,5186.037550507852
H,212,,00 02 39.23,-29 04 30.9,10.24,,H,0.6634419,-29.07525103,,6.18,24.31,1.45,1.76,0.91,2.04,2.61,1.24,0.0,-0.11,-0.07,-0.07,0.04,0.03,-0.05,-0.35,0.07,-0.3,3.0,2.73,212,10.662,0.041,10.327,0.047,,0.318,0.058,T,0.37,0.08,L,,10.3113,0.0031,0.025,119.0,,10.27,10.37,,C,,,,,,1.0,,,,,,,,,,,,,,,C-29 18938,,0.72,,,161.81229773462786,4.1949423754440796,7349.352390049395
H,213,,00 02 40.05,+51 28 20.7,7.7,,H,0.66686344,51.47241278,,7.8,42.82,-4.99,0.56,0.56,0.95,0.71,0.58,-0.37,0.06,0.18,0.16,-0.02,0.13,-0.04,0.04,0.1,-0.31,1.0,-0.99,213,8.969,0.009,7.8,0.006,,1.003,0.008,T,0.98,0.01,L,,7.8636,0.0011,0.013,186.0,,7.84,7.89,,C,,,,,,1.0,,,,,,,,,,S,,,225021.0,B+50 4226,,,0.98,G5,S,128.20512820512823,2.1604730134524024,4735.546810804916
H,214,,00 02 40.60,+28 32 32.0,8.17,,H,0.66917246,28.54222144,,3.36,0.01,-0.06,0.79,0.55,0.99,0.74,0.54,0.13,0.41,0.08,0.2,-0.02,-0.03,0.01,-0.07,0.09,0.08,0.0,2.62,214,8.524,0.011,8.197,0.011,,0.29,0.015,G,0.33,0.02,H,,8.2428,0.0015,0.01,95.0,,8.22,8.26,,C,,,,,,1.0,,,,,,,,,,S,,,225024.0,B+27 4667,,,0.33,A3,S,297.6190476190476,0.8016963869492209,7526.014382731695
H,217,,00 02 41.86,+82 58 23.6,7.29,,H,0.67441616,82.97320953,,2.73,-10.9,-3.07,0.6,0.5,0.63,0.73,0.55,-0.03,-0.05,0.13,0.36,-0.12,-0.03,-0.1,0.02,0.22,-0.01,0.0,-0.25,217,7.426,0.006,7.304,0.007,,0.118,0.009,T,0.13,0.01,L,,7.3384,0.0012,0.01,114.0,,7.32,7.35,,C,,,,,,1.0,,,,,,,,,,S,,,225019.0,B+82  748,,,0.11,A0,S,366.30036630036625,-0.5291867647962194,8857.284520849373
H,215,,00 02 41.88,+75 02 10.3,9.26,2.0,H,0.67449039,75.03619342,,3.49,4.08,7.28,0.85,0.73,0.94,1.17,0.76,-0.14,-0.04,0.21,-0.2,0.04,0.13,0.0,-0.13,0.03,0.07,2.0,-0.71,215,11.63,0.095,9.501,0.024,,1.8,0.081,T,2.37,0.27,K,,9.2965,0.0041,0.032,93.0,,9.24,9.34,,U,2.0,,,,,1.0,,,S,,,,,,,,,,,B+74 1058,,,2.37,M2,S,286.5329512893983,1.974127134795899,3391.7690111459997
H,216,,00 02 42.46,+42 55 14.5,7.94,,H,0.67692229,42.92069156,,3.21,-11.81,-17.65,0.57,0.54,0.89,0.61,0.52,-0.02,0.07,0.37,0.17,-0.07,0.0,-0.06,0.27,0.14,-0.12,4.0,1.38,216,7.957,0.006,7.945,0.008,,0.016,0.009,T,0.04,0.01,L,,7.954,0.0009,0.011,144.0,,7.94,7.98,,C,,,,,,1.0,,,,,,,,,,S,,,225022.0,B+42 4817,,,0.03,A0,S,311.5264797507788,0.4725251620243611,9929.943871407717
H,218,,00 02 43.14,-57 38 01.1,8.42,,H,0.67974974,-57.63363086,,4.14,-26.92,-16.14,0.72,0.76,1.05,0.85,0.82,-0.14,-0.01,-0.16,0.07,0.02,0.05,0.05,-0.12,0.03,-0.03,0.0,-0.29,218,9.696,0.015,8.524,0.01,,1.005,0.014,T,0.98,0.01,L,,8.5823,0.0017,0.023,163.0,,8.54,8.62,,,,,,,,1.0,,,,,,,,,,,,,225033.0,,,P-58  8126,0.93,G8III,1,241.54589371980677,1.505001705604494,4730.765334481235
H,219,,00 02 45.66,+06 02 04.0,8.56,,H,0.69022925,6.03445242,,10.78,31.94,-21.4,1.24,0.63,1.28,1.37,0.8,0.13,0.04,-0.04,-0.29,0.15,0.34,0.11,-0.03,0.31,0.52,0.0,-0.35,219,9.254,0.021,8.605,0.019,,0.602,0.024,T,0.67,0.02,L,,8.6941,0.0013,0.011,75.0,,8.68,8.72,,C,,,,,,1.0,,,,,,,,,,,,,225027.0,B+05 5253,,,0.63,F8,S,92.7643784786642,3.7230938042536,5959.723556610094
H,220,,00 02 46.02,+35 48 55.7,7.52,,G,0.69173956,35.81547283,,6.27,13.73,-2.33,0.64,0.48,0.81,0.86,0.55,0.07,0.01,0.06,-0.15,0.06,0.13,0.03,0.07,0.17,0.13,2.0,-0.93,220,7.733,0.008,7.54,0.008,,0.18,0.015,G,0.2,0.02,H,,7.573,0.0011,0.011,99.0,,7.55,7.59,,C,,,00028+3549,I,1.0,1.0,,,,,,,,,,S,,,225023.0,B+35 5159,,,0.2,A0,S,159.4896331738437,1.506337704153582,8321.091831351987
H,221,,00 02 46.37,+80 16 56.1,7.74,,G,0.69321513,80.28224146,A,7.68,47.54,17.14,1.36,1.2,1.11,1.36,1.0,-0.13,0.0,0.32,0.02,-0.01,0.02,-0.01,-0.17,0.05,-0.12,7.0,1.75,221,8.175,0.01,7.734,0.009,A,0.483,0.015,G,0.55,0.02,H,,7.788,0.0087,0.042,125.0,A,7.74,7.89,,D,,,00028+8017,I,2.0,1.0,C,P,A,,,,,,,S,,,225020.0,B+79  799,,,0.55,F2,S,130.20833333333334,2.16680610015756,6467.008184872978
H,222,,00 02 46.68,-40 58 59.4,8.85,,H,0.69448089,-40.9831797,,2.62,-3.09,-20.43,0.67,0.6,1.16,0.71,0.83,0.06,0.01,-0.04,0.27,-0.1,0.18,-0.14,-0.29,0.11,0.03,3.0,-0.16,222,10.291,0.02,8.981,0.012,,1.113,0.018,T,1.08,0.02,L,,9.0207,0.0015,0.022,199.0,,8.99,9.06,,,,,,,,1.0,,,,,,,,,,,,,225043.0,,C-41 15387,P-41 10001,1.08,K1III,2,381.6793893129771,0.9415064565987272,4486.839504802614
H,224,,00 02 47.10,+03 51 37.5,9.01,,H,0.69625192,3.86040514,,1.25,3.01,4.28,1.32,0.8,1.47,1.6,0.98,0.3,-0.03,-0.11,-0.14,0.1,0.27,0.18,0.17,0.01,0.19,0.0,-0.8,224,10.316,0.038,9.138,0.022,,1.01,0.034,T,0.99,0.03,L,,9.1789,0.0023,0.014,75.0,,9.15,9.2,,,,,,,,1.0,,,,,,,,,,,,,,B+03 4924,,,1.03,K0,S,800.0,-0.5054499349597172,4718.856086025702
H,223,H,00 02 47.14,+02 07 49.4,7.17,,G,0.69641117,2.1303764,A,21.58,62.25,-91.23,1.5,0.99,1.65,2.35,1.07,0.35,0.26,-0.28,0.06,0.03,0.22,0.11,0.01,0.25,0.04,2.0,-0.16,223,7.994,0.011,7.336,0.01,A,0.617,0.015,G,0.69,0.01,H,*,7.2894,0.0018,0.012,69.0,*,7.27,7.31,,D,,,00028+0208,I,1.0,2.0,C,,A,AB,168.0,1.547,0.006,1.92,0.05,S,,,225028.0,B+01 4820,,,0.69,G0,S,46.33920296570899,3.840257201734459,5901.768262850707
H,225,,00 02 48.02,-15 02 25.9,9.04,,H,0.7000638,-15.04053128,,7.23,21.33,-4.7,1.11,0.6,1.56,2.1,0.63,0.29,-0.1,0.06,0.02,0.05,0.45,-0.08,-0.34,0.25,0.26,0.0,2.17,225,9.597,0.015,9.087,0.015,,0.489,0.016,T,0.56,0.02,L,,9.1436,0.0013,0.018,146.0,,9.11,9.18,,C,,,,,,1.0,,,,,,,,,,S,,,225039.0,B-15 6532,,,0.64,F3/F5V,4,138.31258644536652,3.335691486472654,6439.201919103254
H,226,,00 02 48.07,-24 56 42.9,10.3,3.0,T,0.70031218,-24.94525463,,0.63,54.29,-17.92,1.44,0.86,1.67,2.14,1.02,0.13,0.05,-0.06,0.17,-0.08,0.03,-0.21,-0.38,0.22,-0.22,0.0,1.23,226,10.601,0.035,10.331,0.044,,0.254,0.058,T,0.29,0.07,L,,10.5292,0.0494,0.388,122.0,,9.64,10.8,0.49,P,1.0,A,,,,1.0,,,S,,,,,,,,G,,225041.0,,C-25 16760,P-25  7610,0.41,F0/F2V,4,1587.3015873015872,-0.7032972527320904,7767.319734251719
H,227,,00 02 49.00,+80 17 11.4,9.86,,H,0.70416774,80.28651236,B,8.72,48.59,27.27,16.78,14.69,7.25,8.24,6.26,-0.16,0.07,0.28,-0.01,-0.01,0.02,0.01,-0.17,0.09,-0.16,7.0,1.75,227,10.295,0.034,9.826,0.036,B,0.442,0.046,T,0.51,0.05,L,,9.9156,0.0535,,,B,,,,D,,,00028+8017,I,2.0,1.0,C,I,A,,,,,,,,,,,,,,0.7,,,114.6788990825688,4.5625824246628355,6664.207804620363
H,228,,00 02 50.44,+28 15 06.8,7.64,,H,0.71015217,28.25189113,,9.53,41.41,5.68,0.71,0.48,0.87,0.71,0.5,0.11,0.34,0.15,0.1,-0.02,-0.05,0.03,-0.01,0.16,0.03,0.0,0.3,228,8.266,0.011,7.697,0.01,,0.532,0.013,T,0.6,0.01,L,,7.7548,0.0014,0.009,85.0,,7.74,7.77,,C,,,,,,1.0,,,,,,,,,,S,,,225036.0,B+27 4669,,,0.59,F8,S,104.93179433368311,2.5354645031916316,6247.229800296056
H,229,H,00 02 51.34,+47 15 08.2,8.27,,H,0.71393463,47.25228068,B,2.16,18.8,-5.1,2.13,1.83,2.57,1.59,1.59,0.06,0.11,0.32,-0.2,0.18,0.01,0.13,0.05,0.21,-0.08,2.0,0.95,229,8.673,0.014,8.54,0.016,*,0.128,0.02,T,0.14,0.02,L,*,8.3179,0.002,0.017,138.0,*,8.29,8.35,,D,,,00029+4715,I,1.0,2.0,C,,A,BA,113.0,1.622,0.004,0.22,0.02,S,,,225034.0,B+46 4244,,,0.34,A0,S,462.96296296296293,-0.05773124424534615,8765.677098375048
H,230,,00 02 51.77,+30 20 11.5,8.44,,H,0.71569526,30.3365158,,8.62,67.16,10.79,0.97,0.73,1.31,1.4,0.86,0.14,0.33,0.01,0.1,0.19,0.19,0.18,0.16,0.13,0.21,2.0,0.09,230,8.955,0.016,8.507,0.016,,0.423,0.021,T,0.49,0.02,L,,8.5372,0.0016,0.012,68.0,,8.52,8.56,,C,,,,,,1.0,,,,,,,,,,S,,,,B+29 5051,,,0.53,F2,S,116.00928074245941,3.1175363291235634,6760.088351010322
H,231,,00 02 53.62,-58 46 53.0,9.58,1.0,H,0.72341351,-58.78139077,,4.59,75.02,-3.02,0.95,0.85,1.21,1.01,0.94,-0.21,0.02,0.06,0.04,0.07,-0.01,0.09,-0.07,-0.01,-0.11,2.0,0.0,231,10.163,0.021,9.63,0.021,,0.5,0.027,T,0.57,0.03,L,,9.6924,0.0033,0.034,146.0,,9.63,9.76,,U,,,,,,1.0,,,,,,,,,,,,,225051.0,,,P-59  7954,0.59,F6/F7IV,1,217.8649237472767,2.889063427686306,6388.888888888889
H,232,,00 02 55.21,-30 08 59.2,8.43,,G,0.73006132,-30.14977973,,5.18,20.22,2.81,0.86,0.54,1.11,1.17,0.66,0.07,-0.09,-0.01,-0.01,0.01,0.27,-0.09,-0.35,0.02,-0.21,0.0,-0.9,232,8.455,0.009,8.421,0.011,,0.007,0.004,G,0.03,0.0,H,,8.4408,0.0012,0.012,131.0,,8.42,8.46,,C,,,,,,1.0,,,,,,,,,,S,,,225047.0,,C-30 19795,P-30  6833,0.03,A0V,3,193.05019305019306,2.0016487987261646,10038.752058872305
H,233,,00 02 55.67,+71 21 30.8,8.49,,H,0.73197615,71.35854324,,2.5,-6.98,-11.07,0.78,0.84,1.03,0.89,0.81,-0.07,-0.04,0.34,-0.06,0.06,0.24,-0.03,-0.28,-0.09,-0.15,1.0,-1.06,233,10.013,0.026,8.617,0.014,,1.18,0.023,T,1.14,0.02,L,,8.6593,0.0018,0.018,128.0,,8.63,8.7,,C,,,00029+7122,I,2.0,1.0,,,,,,,,,,,,,225044.0,B+70 1342,,,1.11,K0,S,400.0,0.47970004336018945,4348.347922793503
H,234,,00 02 56.06,+70 14 16.8,9.64,,H,0.73358145,70.23800778,,2.91,3.83,-3.04,0.8,0.87,1.08,1.08,0.97,-0.03,-0.03,0.32,-0.15,0.04,0.1,0.02,-0.3,-0.03,0.0,2.0,2.02,234,9.983,0.025,9.656,0.027,,0.31,0.034,T,0.36,0.05,L,,9.7232,0.0025,0.021,109.0,,9.69,9.76,,,,,,,,1.0,,,,,,,,,,,G,,,B+69 1376,,,0.11,B8,S,343.64261168384877,1.9594649449295378,7398.8967764907065
H,235,,00 02 56.75,+71 22 05.0,9.17,2.0,H,0.73646864,71.36804423,,2.6,-1.98,-5.69,0.98,1.12,1.31,1.15,1.06,-0.16,-0.12,0.42,-0.05,0.03,0.11,0.0,-0.27,-0.07,-0.12,0.0,1.64,235,10.778,0.05,9.329,0.024,,1.222,0.044,T,1.18,0.04,L,,9.338,0.0044,0.041,123.0,,9.28,9.4,,U,,,00029+7122,I,2.0,1.0,,,,,,,,,,,,,,,,,1.13,K0,S,384.6153846153846,1.24486673985409,4266.008517227074
H,236,,00 02 57.08,-00 53 37.8,8.09,,H,0.73781657,-0.89382979,,2.96,19.44,-18.16,1.06,0.61,1.08,1.21,0.64,0.22,0.2,0.06,0.17,-0.07,-0.07,-0.07,-0.2,0.05,0.15,0.0,-1.29,236,9.723,0.024,8.225,0.012,,1.26,0.021,T,1.22,0.02,L,,8.2501,0.0019,0.015,85.0,,8.22,8.28,,C,,,00030-0054,I,1.0,1.0,,,S,,,,,,,S,,,225059.0,B-01 4520,,,1.15,K0,S,337.8378378378378,0.4464585552946927,4194.273288699762
H,237,,00 02 57.39,-39 31 38.4,9.0,,H,0.7391122,-39.52732256,,6.32,60.22,-37.0,0.75,0.63,1.32,0.84,0.92,0.14,0.16,0.27,0.44,-0.08,-0.01,-0.05,-0.36,-0.23,0.22,0.0,-0.25,237,10.134,0.018,9.096,0.012,,0.903,0.016,T,0.9,0.01,L,,9.1591,0.0015,0.018,190.0,,9.12,9.19,,C,,,,,,1.0,,,,,,,,,,,,,225049.0,,C-40 15315,P-40  9911,0.89,G8IV,2,158.2278481012658,3.003585391411926,4988.387690778303
H,238,,00 02 57.43,-20 02 45.9,6.25,,H,0.7392741,-20.04607402,,16.16,100.38,78.95,0.71,0.42,0.96,0.87,0.44,0.12,-0.04,0.22,-0.19,0.19,0.42,0.11,-0.16,-0.09,-0.05,0.0,-0.42,238,6.874,0.004,6.308,0.003,,0.526,0.004,G,0.6,0.0,H,,6.3687,0.0006,0.006,145.0,,6.36,6.38,,,,,,,,1.0,,,,,,,,,,S,,,225045.0,B-20 6703,,,0.6,F6/F7V,4,61.88118811881188,2.292206782192837,6273.272881143872
H,239,,00 02 58.36,+03 22 55.0,8.56,,H,0.743174,3.38193739,,4.77,5.04,-2.17,1.11,0.73,1.27,1.18,0.84,0.39,-0.15,-0.22,-0.11,0.11,-0.16,0.15,0.22,-0.12,0.22,0.0,-0.81,239,9.168,0.016,8.612,0.015,,0.521,0.02,T,0.59,0.02,L,,8.6684,0.002,0.012,74.0,,8.64,8.69,,C,,,00030+0323,I,1.0,1.0,,,,,,,,,,S,,,225058.0,B+02 4748,,,0.6,F5,S,209.643605870021,1.9525918952005696,6295.155047096477
H,240,,00 02 58.50,+09 47 42.8,10.81,,H,0.74376859,9.79522025,,3.36,-15.69,4.4,1.68,1.12,2.03,1.73,1.25,0.31,0.1,-0.13,0.08,-0.02,0.11,0.04,-0.15,0.18,0.46,0.0,-0.32,240,11.662,0.117,10.799,0.081,,0.565,0.072,G,0.64,0.07,R,,10.9356,0.0046,0.032,91.0,,10.89,10.99,,C,,,,,,1.0,,,,,,,,,,,G,,,B+08 5165,,,0.64,F8,S,297.6190476190476,3.4416963869492214,6108.054515691626
H,241,,00 03 00.47,+09 08 17.9,8.76,,H,0.75196696,9.13829706,,2.37,21.34,-7.21,1.06,0.69,1.28,1.06,0.79,0.27,0.24,-0.12,-0.1,0.02,0.09,0.1,-0.1,0.32,0.45,0.0,1.41,241,10.049,0.029,8.871,0.018,,1.01,0.027,T,0.99,0.02,L,,8.9224,0.0019,0.014,90.0,,8.9,8.95,,C,,,,,,1.0,,,,,,,,,,,,,225056.0,B+08 5166,,,1.02,K0,S,421.94092827004215,0.6337417300505201,4718.856086025702
H,242,,00 03 00.52,-34 44 38.6,7.76,,H,0.75216595,-34.74405055,,7.41,21.85,45.7,0.65,0.46,0.93,0.77,0.6,0.22,-0.11,0.01,-0.32,0.02,0.11,0.02,-0.31,0.11,0.09,0.0,1.13,242,8.991,0.009,7.868,0.006,,0.967,0.008,T,0.95,0.01,L,,7.92,0.001,0.013,221.0,,7.9,7.95,,,,,,,,1.0,,,,,,,,,,S,,,225061.0,,C-35 16047,P-35  9473,0.96,G8IV,3,134.9527665317139,2.109091039896641,4823.3927491334525
H,243,,00 03 00.81,-60 41 30.8,7.82,,H,0.75337695,-60.69189462,,4.11,-5.55,-2.53,0.58,0.59,0.8,0.66,0.62,-0.1,0.02,-0.22,-0.13,0.12,-0.01,0.1,0.08,-0.16,-0.02,0.0,-0.74,243,9.143,0.012,7.925,0.007,,1.041,0.011,T,1.01,0.01,L,,7.9821,0.0018,0.016,154.0,,7.95,8.02,,,,,,,,1.0,,,,,,,,,,S,,,225062.0,,,P-61  6792,0.99,K0III,1,243.30900243309,0.8892091093803467,4646.406583192409
H,244,,00 03 02.13,+39 59 42.5,7.9,,H,0.75886478,39.99515242,,3.49,1.82,-3.26,0.59,0.46,0.74,0.64,0.53,0.03,0.08,0.09,0.32,0.04,-0.09,0.05,0.37,0.11,0.18,0.0,0.7,244,8.693,0.011,7.965,0.009,,0.668,0.011,T,0.73,0.01,L,,8.0413,0.0008,0.009,115.0,,8.03,8.05,,C,,,,,,1.0,,,,,,,,,,S,,,225054.0,B+39 5213,,,0.72,F8,S,286.5329512893983,0.6141271347958996,5713.442621611376
H,245,,00 03 03.26,-07 48 55.9,8.52,,H,0.76358207,-7.81552594,,3.31,62.16,3.67,0.98,0.6,1.13,1.27,0.59,0.31,-0.13,-0.05,-0.06,-0.05,0.27,-0.09,-0.37,0.21,0.32,0.0,0.9,245,9.841,0.018,8.63,0.012,,1.036,0.017,T,1.01,0.01,L,,8.6829,0.0015,0.016,130.0,,8.66,8.71,,,,,,,,1.0,,,,,,,,,,S,,,225060.0,B-08 6231,,,0.99,G5,S,302.11480362537765,1.119139968878593,4657.933048462266
H,246,,00 03 03.28,+56 43 59.5,9.73,,G,0.76368704,56.733184,,18.29,177.58,46.91,0.94,1.03,1.56,1.22,1.03,-0.1,0.05,0.31,-0.06,0.23,0.23,0.13,-0.18,0.04,-0.23,0.0,0.81,246,10.937,0.043,9.887,0.027,,0.99,0.02,G,1.03,0.02,I,,9.8942,0.0029,0.03,157.0,,9.83,9.96,,,,,,,,1.0,,,,,,,,,,,G,,,B+55 3074,,,1.03,K3,S,54.67468562055768,6.041068527382085,4766.876781934012
H,247,,00 03 03.73,+08 15 41.1,9.19,,H,0.76552823,8.2614134,,6.08,-37.8,-49.68,1.48,0.89,1.68,1.63,1.0,0.24,0.2,-0.09,0.09,0.11,0.1,0.17,-0.05,0.22,0.44,4.0,0.59,247,9.666,0.023,9.192,0.022,,0.346,0.072,G,0.54,0.09,L,,9.2898,0.0032,0.025,94.0,,9.24,9.35,,D,,,00031+0816,I,2.0,1.0,,,,,,,,,,S,,,225057.0,,,,0.54,F0,S,164.47368421052633,3.1095178963636743,7181.501950615607
H,248,,00 03 03.78,+08 16 14.9,8.1,,G,0.76575139,8.27080462,,9.03,-35.94,-49.91,1.03,0.62,1.17,1.09,0.68,0.24,0.2,-0.09,0.07,0.06,0.15,0.13,-0.11,0.24,0.39,0.0,-0.17,248,8.437,0.011,8.1,0.012,,0.342,0.015,G,0.4,0.02,H,,8.1813,0.0017,0.013,94.0,,8.16,8.2,,D,,,00031+0816,I,2.0,1.0,,,,,,,,,,S,,,,B+07 5123,,,0.4,F0,S,110.74197120708749,2.8784387515675283,7204.967419028533
H,249,,00 03 05.81,+31 52 12.4,8.75,,H,0.77419621,31.87010321,,13.24,9.9,-8.32,0.86,0.6,1.03,0.95,0.65,0.11,0.24,-0.07,0.28,0.0,-0.08,0.02,0.17,0.05,0.2,4.0,-0.47,249,9.436,0.019,8.844,0.017,,0.552,0.022,T,0.62,0.02,L,,8.873,0.0011,0.009,83.0,,8.85,8.89,,,,,,,,1.0,,,,,,,,,,,,,,B+31 5024,,,0.63,F8,S,75.52870090634441,4.359439925518406,6162.077018642838
H,250,H,00 03 05.84,+52 27 54.6,8.14,,G,0.77431725,52.46516859,A,5.19,-8.04,-16.48,2.4,2.06,1.99,1.55,1.2,-0.44,0.02,0.13,0.08,0.0,0.06,0.06,0.03,0.17,-0.18,2.0,0.29,250,9.266,0.012,8.263,0.009,*,0.88,0.015,G,0.89,0.01,H,*,8.3196,0.0011,0.016,188.0,*,8.3,8.35,,D,,,00031+5228,H,1.0,2.0,C,,A,AB,327.0,0.353,0.027,2.71,0.14,,,,225064.0,B+51 3769,,,0.89,K0,S,192.67822736030826,1.7158367892422897,5050.64469616304
H,253,,00 03 07.82,-24 08 42.5,6.46,,H,0.78257245,-24.14513788,,6.78,59.32,-3.14,0.76,0.45,0.88,1.08,0.54,0.04,0.05,-0.01,0.32,-0.08,0.07,-0.16,-0.12,0.27,-0.23,0.0,1.54,253,7.982,0.008,6.587,0.005,,1.176,0.003,G,1.14,0.0,H,,6.6213,0.0011,0.008,120.0,,6.61,6.63,,C,,,,,,1.0,,,,,,,,,,S,,,225069.0,,C-24 17960,P-24  7508,1.14,K1III,4,147.49262536873155,0.6161484693353172,4356.3639949557255
H,254,,00 03 08.32,+42 44 52.5,6.73,,H,0.78466955,42.74791705,,5.96,32.79,-3.84,0.47,0.47,0.76,0.53,0.47,-0.02,0.04,0.32,0.0,0.0,0.04,0.01,0.31,0.13,-0.09,3.0,1.48,254,6.779,0.004,6.729,0.005,,0.051,0.006,T,0.06,0.01,L,,6.75,0.0007,0.008,138.0,,6.74,6.76,,C,,,,,,1.0,,,,,,,,,,S,,,225068.0,B+41 4925,,,0.05,A2,S,167.78523489932886,0.6062312987011822,9530.584866885747
H,255,,00 03 10.69,-24 35 17.8,7.96,,G,0.79452371,-24.58828778,,11.84,52.44,12.15,0.95,0.59,1.16,1.55,0.72,0.06,0.09,-0.16,0.19,-0.13,0.23,-0.17,-0.29,0.27,-0.2,2.0,2.5,255,8.441,0.009,8.008,0.009,,0.421,0.001,G,0.49,0.0,H,,8.0649,0.0019,0.013,116.0,,8.04,8.09,,C,,,,,,1.0,,,,,,,,,,S,,,225076.0,,C-25 16766,,0.49,F2/F3V,4,84.45945945945945,3.3267585119345053,6770.355529079559
H,256,,00 03 11.18,+54 30 57.0,9.53,,H,0.79659523,54.51584355,,4.73,1.26,-28.47,0.86,0.93,1.44,1.11,1.04,-0.29,0.11,0.3,0.3,-0.06,-0.05,0.0,0.16,0.18,-0.16,0.0,0.95,256,10.002,0.021,9.512,0.021,,0.461,0.027,T,0.53,0.03,L,,9.6346,0.0022,0.032,169.0,,9.57,9.68,,C,,,,,,1.0,,,,,,,,,,,G,,236284.0,B+53 3277,,,0.5,F0,S,211.4164904862579,2.904305703689057,6571.2265712965645
H,257,,00 03 12.72,-31 12 44.6,8.87,,H,0.80301496,-31.21239379,,3.15,18.69,4.06,1.04,0.58,1.18,1.34,0.75,-0.04,-0.02,0.02,-0.07,0.08,0.28,0.03,-0.29,0.0,-0.22,0.0,-0.09,257,8.95,0.011,8.884,0.014,,0.081,0.003,G,0.09,0.0,H,,8.9076,0.0015,0.016,127.0,,8.88,8.94,,,,,,,,1.0,,,,,,,,,,S,,,225077.0,,C-31 19571,P-31  6885,0.09,A0V,3,317.46031746031747,1.3615527689480018,9215.52968587499
H,258,,00 03 13.28,+17 33 08.6,6.59,,H,0.80532807,17.55239698,,6.28,58.45,-52.87,0.63,0.5,0.78,0.74,0.53,0.42,0.04,0.03,0.14,0.16,0.02,0.15,0.2,0.02,0.46,0.0,-1.35,258,8.037,0.008,6.716,0.005,,1.122,0.007,T,1.08,0.01,L,,6.7616,0.0008,0.007,105.0,,6.75,6.77,,,,,,,,1.0,,,,,,,,,,S,,,225073.0,B+16 5034,,,1.07,K0,S,159.2356687898089,0.5797982186859816,4467.699431725338
H,259,,00 03 13.42,+48 43 20.4,8.65,,H,0.8059041,48.7223389,,0.54,0.05,-18.44,0.78,0.72,1.23,0.91,0.75,0.05,0.15,0.31,-0.07,0.19,0.02,0.18,0.18,0.14,0.09,0.0,0.38,259,10.57,0.032,8.825,0.014,,1.455,0.028,T,1.46,0.04,L,,8.7788,0.0024,0.022,124.0,,8.74,8.82,,,,,,,,1.0,,,,,,,,,,,,,,B+47 4371,,,1.8,M0,S,1851.8518518518517,-2.688031200885156,3862.4714234559947
H,260,,00 03 16.10,-55 24 18.3,9.64,,H,0.81709566,-55.40508846,,6.1,31.28,7.35,0.98,0.96,1.44,1.21,1.2,-0.18,-0.06,-0.13,0.21,0.09,-0.01,0.1,0.12,-0.12,-0.18,2.0,1.1,260,10.059,0.019,9.616,0.019,,0.432,0.021,T,0.5,0.02,L,,9.7379,0.0032,0.038,161.0,,9.67,9.8,,,,,,,,1.0,,,S,,,,,,,,,,225091.0,,,P-56 10210,0.48,F2V,1,163.9344262295082,3.5666491750538354,6714.3008688410055
H,261,H,00 03 16.92,-23 36 55.2,9.15,,G,0.82050122,-23.61534569,A,8.21,12.67,-36.54,2.21,1.18,2.41,2.72,1.37,-0.01,0.05,0.0,-0.04,0.02,0.32,0.0,-0.05,-0.03,-0.19,2.0,1.08,261,9.688,0.017,9.191,0.017,A,0.424,0.1,G,0.57,0.09,L,*,9.2118,0.0013,0.016,113.0,*,9.17,9.24,,D,,,00033-2337,I,1.0,2.0,C,,B,AB,156.0,3.62,0.03,3.09,0.14,,,,225089.0,,C-24 17962,P-24  7510,0.57,F3V,4,121.80267965895248,3.721715785597204,6754.967419038462
H,262,,00 03 18.19,+32 50 45.1,9.04,3.0,H,0.82579542,32.84586959,,4.31,52.2,-2.29,1.06,0.65,1.25,1.19,0.72,-0.04,0.32,-0.02,0.36,-0.16,-0.06,-0.11,0.3,0.06,0.0,0.0,-1.54,262,9.593,0.02,9.161,0.021,,0.422,0.023,T,0.49,0.02,L,,9.1337,0.0057,0.071,88.0,,9.08,9.61,,P,1.0,A,,,,1.0,,,,,,,,,,,G,,,B+32 4756,,,0.46,F0V,X,232.01856148491882,2.2123863508036568,6765.217713727657
H,263,,00 03 19.02,+04 41 13.7,12.04,2.0,G,0.82923787,4.68713578,,32.93,-24.45,-85.41,3.21,2.05,3.49,3.58,2.37,0.28,-0.12,0.03,-0.2,0.14,0.21,0.11,0.02,0.05,0.42,0.0,-1.16,263,,,,,,1.473,0.02,G,1.75,0.17,K,,12.126,0.0096,0.078,72.0,,11.94,12.24,,U,,,,,,1.0,,,,,,,,,,,G,,,,,,1.75,M1,S,30.367446097783176,9.627958653559539,3834.5747102460095
H,264,,00 03 19.70,+38 14 38.5,8.42,,H,0.83207925,38.24401553,,3.69,-0.8,-1.41,0.74,0.53,0.9,0.81,0.63,0.03,0.03,0.05,0.42,-0.07,-0.06,-0.05,0.3,0.02,0.19,3.0,-0.92,264,9.948,0.021,8.56,0.012,,1.174,0.019,T,1.14,0.02,L,,8.59,0.0013,0.011,119.0,,8.57,8.61,,C,,,,,,1.0,,,,,,,,,,,,,225083.0,B+37 4927,,,1.05,K0,S,271.0027100271003,1.2551318307953014,4360.383667073057
H,266,,00 03 20.49,-11 56 42.8,8.09,,H,0.83535989,-11.94520986,,3.38,-11.03,-64.74,0.91,0.51,1.13,1.43,0.57,0.32,0.05,-0.06,-0.03,-0.08,0.28,-0.08,-0.35,0.19,0.29,0.0,-1.8,266,9.54,0.016,8.215,0.01,,1.125,0.015,T,1.09,0.02,L,,8.2588,0.0013,0.014,152.0,,8.24,8.29,,,,,,,,1.0,,,,,,,,,,S,,,225088.0,B-12 6602,,,1.11,K1IIICN...,4,295.85798816568047,0.7345835013882738,4461.357473060969
H,265,,00 03 20.49,-64 28 33.9,9.06,,H,0.83539281,-64.4760807,,1.06,-2.22,-5.83,0.76,0.68,0.94,0.88,0.79,0.02,-0.09,-0.25,-0.08,0.04,0.06,0.07,-0.1,-0.05,0.12,0.0,0.22,265,11.258,0.057,9.219,0.017,,1.688,0.047,T,1.71,0.05,L,,9.1703,0.0028,0.027,154.0,,9.12,9.21,,,,,,,,1.0,,,,,,,,,,,,,225092.0,,,P-65  4195,1.56,K5III:,1,943.3962264150942,-0.8134706736761483,3531.024760883325
H,267,H,00 03 20.50,-04 08 44.6,8.09,,G,0.83541112,-4.14573041,A,11.66,-22.91,-10.99,1.47,0.89,1.42,1.75,0.86,0.26,0.09,0.01,-0.26,0.04,0.19,-0.01,-0.21,0.11,0.34,2.0,-0.01,267,8.584,0.01,8.147,0.01,A,0.455,0.015,G,0.52,0.02,H,*,8.1794,0.0007,0.01,108.0,*,8.16,8.2,,D,,,00033-0409,I,1.0,2.0,C,,D,AB,64.0,1.817,0.077,3.99,0.23,S,,D,225086.0,B-04 6013,,,0.52,F2,S,85.76329331046311,3.423492752114976,6600.28425298352
H,268,,00 03 22.03,+59 04 43.0,8.18,,H,0.84180567,59.07861165,,0.24,-3.63,-2.69,0.65,0.64,1.01,0.82,0.78,-0.18,0.1,-0.01,0.1,-0.12,0.0,-0.04,0.0,0.39,0.0,0.0,-0.33,268,10.095,0.022,8.341,0.01,,1.462,0.019,T,1.47,0.03,L,,8.3087,0.0017,0.016,134.0,,8.28,8.35,,,,,,,,1.0,,,,,,,,,,,,,240485.0,B+58 2691,,,1.65,K5,S,4166.666666666667,-4.91894379144197,3851.572659250608
H,269,,00 03 22.09,+23 34 30.2,8.77,,H,0.84205196,23.5750499,,3.82,-10.23,-6.37,0.91,0.58,1.02,1.02,0.61,0.16,0.06,0.06,-0.2,0.06,0.14,0.04,-0.05,0.21,0.28,0.0,0.0,269,10.242,0.029,8.917,0.016,,1.125,0.026,T,1.09,0.03,L,,8.9371,0.0015,0.013,90.0,,8.92,8.96,,C,,,,,,1.0,,,,,,,,,,,,,225096.0,B+22 4946,,,1.09,G5,S,261.78010471204186,1.6803168145585428,4461.357473060969
H,270,,00 03 24.01,+73 10 28.2,7.36,2.0,H,0.85005688,73.17449052,,4.7,-22.46,2.59,0.49,0.53,0.63,0.54,0.53,-0.08,0.07,0.32,0.01,0.06,0.15,-0.01,-0.16,-0.08,-0.2,0.0,-0.71,270,7.554,0.01,7.402,0.011,,0.146,0.014,T,0.16,0.01,L,,7.4145,0.0017,0.089,136.0,,7.39,7.72,2.09,P,1.0,A,,,,1.0,,,,,,,,,,S,,,225093.0,B+72 1136,,,0.14,A2,S,212.7659574468085,0.7204892896785884,8605.94894555253
H,271,,00 03 24.67,-35 57 54.6,9.16,,G,0.85277163,-35.96517367,,4.81,21.93,3.86,0.82,0.59,1.11,0.98,0.81,0.15,-0.04,0.12,-0.36,0.04,0.12,0.04,-0.35,0.04,0.0,0.0,0.66,271,9.433,0.012,9.165,0.013,,0.232,0.005,G,0.26,0.01,H,,9.2341,0.0013,0.018,206.0,,9.2,9.27,,,,,,,,1.0,,,,,,,,,,,,,225100.0,,C-36 16149,P-36  9829,0.26,A2III,3,207.9002079002079,2.570725381869159,7923.34069156198
H,272,,00 03 25.32,-26 24 54.7,8.82,,H,0.85551618,-26.41518293,,1.39,13.15,-0.95,1.18,0.64,1.31,1.86,0.83,-0.06,-0.1,0.08,-0.14,0.13,0.11,0.1,-0.19,-0.02,-0.37,0.0,1.83,272,10.038,0.02,8.9,0.013,,0.979,0.019,T,0.96,0.01,L,,8.9823,0.0015,0.019,132.0,,8.95,9.02,,,,,,,,1.0,,,,,,,,,,S,,,225098.0,,C-27 16528,P-27  7605,0.87,G8/K0III,3,719.4244604316548,-0.4649259987295249,4793.730685094021
H,273,,00 03 25.65,-46 49 51.5,11.14,,G,0.85687021,-46.83096933,,1.86,-2.2,-1.32,1.79,1.24,2.09,2.09,1.63,-0.25,-0.23,0.07,-0.2,0.07,0.14,0.07,-0.36,-0.12,-0.3,0.0,0.13,273,11.293,0.056,11.217,0.091,,0.041,0.002,G,0.06,0.0,H,,11.1931,0.005,0.041,121.0,,11.12,11.27,,,,,,,,1.0,,,S,,,,,,,,G,,225102.0,,C-47 14782,P-47 10076,0.06,A0V,X,537.6344086021505,2.4875647210895817,9641.004404654277
H,274,H,00 03 25.72,+63 38 25.9,6.24,2.0,G,0.85715406,63.64052431,*,0.93,-3.27,-1.83,0.42,0.45,0.57,0.55,0.49,-0.1,0.11,0.2,0.15,-0.08,-0.14,-0.04,-0.03,0.08,-0.13,0.0,0.86,274,6.598,0.004,6.296,0.004,*,0.332,0.034,G,0.43,0.03,C,*,6.3325,0.0027,0.024,131.0,*,6.3,6.38,,U,2.0,,00034+6338,M,1.0,2.0,C,S,A,BA,38.0,0.181,0.014,1.8,0.21,S,,,225094.0,B+62 2356,,,0.43,B3Ia,X,1075.268817204301,-3.917585257230323,7264.369545541521
H,275,H,00 03 25.84,-29 00 02.2,9.44,,H,0.85767485,-29.0006136,A,5.68,-24.45,-20.17,6.27,3.45,4.61,7.89,2.95,0.03,0.0,-0.06,-0.01,0.01,-0.02,-0.04,-0.14,0.13,-0.43,0.0,-0.61,275,9.987,0.023,9.536,0.023,*,0.439,0.026,T,0.51,0.03,L,*,9.5343,0.0026,0.022,123.0,*,9.49,9.56,,D,,,00034-2900,I,1.0,2.0,C,,A,AB,289.0,0.427,0.009,0.16,0.04,,,,225099.0,,C-29 18941,P-29  6912,0.49,F3V,3,176.05633802816902,3.211741678555093,6679.150478693817
H,276,,00 03 25.90,+20 39 57.3,7.49,,H,0.85791177,20.66591788,,15.55,57.24,-159.75,0.71,0.54,0.95,0.72,0.56,0.2,0.12,-0.18,0.02,0.05,-0.06,0.06,-0.09,0.11,0.27,2.0,1.17,276,8.237,0.01,7.555,0.008,,0.636,0.015,G,0.7,0.01,H,,7.6193,0.001,0.009,91.0,,7.6,7.64,,C,,,,,,1.0,,,,,,,,,,S,,,225097.0,B+19 5197,,,0.7,G0,S,64.30868167202571,3.448651966814282,5830.070651083036
H,277,,00 03 26.23,-36 15 04.3,6.96,,H,0.85927886,-36.25120504,,15.84,72.54,5.06,0.61,0.42,0.81,0.68,0.56,0.12,0.06,0.1,-0.41,0.05,0.16,0.06,-0.36,0.04,-0.05,0.0,-0.69,277,7.347,0.004,7.007,0.004,,0.353,0.015,G,0.41,0.02,H,,7.0474,0.0008,0.01,207.0,,7.03,7.06,,,,,,,,1.0,,,,,,,,,,S,,,225101.0,,C-36 16150,P-36  9830,0.41,F2V,3,63.131313131313135,2.9587758862673734,7140.835626793466
H,278,,00 03 27.15,+55 33 03.2,7.94,1.0,H,0.86311931,55.55090206,,2.79,-0.95,-0.68,0.58,0.61,0.95,0.67,0.7,-0.27,0.05,0.26,-0.23,0.17,0.37,0.07,0.0,0.03,-0.23,0.0,0.73,278,7.9,0.008,7.949,0.01,,-0.023,0.003,G,0.0,0.0,H,,7.943,0.0016,0.019,140.0,,7.91,7.97,,U,,,,,,1.0,,,,,,,,,,S,,,225095.0,B+54 3103,,,0.0,B2IVne+...,X,358.42293906810033,0.16802101636798827,10421.504734668133
H,279,,00 03 27.31,+62 21 28.1,8.69,,G,0.86377495,62.35780416,,0.81,-1.44,0.85,0.64,0.67,0.87,0.74,0.74,-0.15,0.06,0.24,0.24,-0.03,0.0,-0.02,0.09,0.12,-0.15,0.0,-0.2,279,8.821,0.011,8.683,0.013,,0.12,0.015,G,0.13,0.01,H,,8.7318,0.0025,0.022,131.0,,8.69,8.77,,,,,,,,1.0,,,,,,,,,,,,,,B+61 2583,,,0.13,B8V,X,1234.567901234568,-1.7675749056067502,8838.793893284947
H,280,,00 03 27.90,+53 18 45.7,8.15,,H,0.86626632,53.31270092,,4.83,-15.35,-4.99,0.51,0.6,0.97,0.71,0.6,-0.38,0.06,0.24,0.06,-0.02,0.04,0.0,-0.04,0.01,-0.22,1.0,-1.44,280,8.302,0.006,8.163,0.007,,0.134,0.009,T,0.15,0.01,L,,8.1956,0.0011,0.017,237.0,,8.17,8.23,,,,,,,,1.0,,,,,,,,,,S,,,225104.0,B+52 3590,,,0.15,A2,S,207.03933747412006,1.5697356537575615,8711.710561840975
H,281,,00 03 30.28,+55 03 35.8,8.45,1.0,H,0.87618718,55.05995058,,2.88,3.72,4.16,0.68,0.73,1.1,0.82,0.89,-0.31,0.16,0.18,0.05,-0.03,0.15,-0.07,0.19,0.02,-0.27,1.0,2.43,281,10.604,0.035,8.651,0.012,,1.655,0.03,T,2.02,0.07,O,,8.5321,0.0023,0.026,155.0,,8.49,8.57,,U,,,,,,1.0,,,,,,,,,,,,,236286.0,B+54 3104,,,1.8,M0,S,347.22222222222223,0.7469624387961531,3574.3431519235914
H,282,,00 03 30.34,+19 22 53.7,7.92,,H,0.87642718,19.3815717,,1.62,0.04,-31.13,0.73,0.58,0.97,0.77,0.59,0.32,0.05,0.07,-0.01,0.11,-0.02,0.11,0.06,-0.02,0.37,0.0,0.45,282,9.749,0.023,8.063,0.011,,1.408,0.02,T,1.39,0.02,L,,8.0651,0.0018,0.013,93.0,,8.05,8.09,,C,,,,,,1.0,,,,,,,,,,S,,,225106.0,B+18 5264,,,1.36,K0,S,617.283950617284,-1.0324249272868453,3937.34585269457
H,283,,00 03 30.52,+12 21 24.6,7.45,1.0,H,0.87715545,12.35682896,,4.99,-15.05,-3.46,1.03,0.51,0.99,1.09,0.62,0.07,0.01,-0.03,-0.46,0.17,0.07,0.06,-0.01,0.16,0.37,0.0,0.1,283,7.828,0.008,7.482,0.008,,0.353,0.015,G,0.41,0.02,H,,7.533,0.002,0.016,89.0,,7.51,7.56,,U,,,,,,1.0,,,,,,,,,,S,,,225107.0,B+11 5090,,,0.41,A5,S,200.4008016032064,0.9405027281169502,7140.835626793466
H,284,,00 03 30.80,-65 49 39.2,9.01,,H,0.87833784,-65.8275666,,2.11,22.94,25.33,0.79,0.8,1.04,0.94,0.89,-0.01,-0.09,-0.18,0.0,0.01,0.04,0.03,-0.15,-0.04,0.08,0.0,-1.33,284,10.209,0.027,9.1,0.018,,0.956,0.025,T,0.94,0.02,L,,9.1727,0.0024,0.022,136.0,,9.14,9.21,,C,,,,,,1.0,,,,,,,,,,,,,225113.0,,,P-66  3822,0.97,G8III,1,473.93364928909955,0.6314122764884633,4850.925823121109
H,285,,00 03 31.36,-35 36 08.0,8.55,,H,0.88067333,-35.60222342,,1.38,56.12,-2.58,0.82,0.54,1.06,0.92,0.84,0.17,0.04,0.07,-0.46,-0.01,0.02,0.04,-0.34,0.1,0.11,0.0,-0.1,285,10.107,0.018,8.671,0.01,,1.212,0.016,T,1.17,0.02,L,,8.7111,0.0012,0.015,196.0,,8.68,8.74,,,,,,,,1.0,,,,,,,,,,,,,225112.0,,C-36 16152,P-36  9832,1.15,K1IV/VCN...,3,724.6376811594204,-0.7506045679938165,4285.315506313204
H,286,,00 03 31.51,+78 43 04.1,9.23,,H,0.88130145,78.71780714,,0.11,16.55,7.75,0.82,0.79,0.93,1.09,0.81,-0.13,-0.02,0.2,-0.04,0.02,-0.08,0.04,-0.25,-0.1,-0.12,4.0,-0.18,286,10.493,0.031,9.32,0.019,,1.006,0.028,T,0.98,0.02,L,,9.3932,0.0019,0.021,122.0,,9.36,9.43,,C,,,,,,1.0,,,,,,,,,,,,,,B+77  935,,,0.98,K0,S,9090.909090909092,-5.5630365742088745,4728.378414102225
H,287,,00 03 32.59,-13 13 38.2,9.16,,G,0.88580553,-13.2272653,,1.19,19.34,-11.02,1.13,0.73,1.4,1.37,0.69,0.36,-0.15,-0.25,-0.06,-0.08,0.15,-0.11,-0.42,0.16,0.28,0.0,-0.05,287,11.085,0.051,9.346,0.019,,1.538,0.02,G,1.54,0.09,H,,9.261,0.0017,0.02,135.0,,9.23,9.3,,,,,,,,1.0,,,,,,,,,,,,,,B-14 6608,,,1.54,K5,S,840.3361344537815,-0.4622651930373465,3737.231177293504
H,288,,00 03 33.30,+42 21 08.0,7.9,,H,0.88875927,42.35221969,,5.49,98.95,-46.75,0.55,0.59,0.97,0.66,0.61,0.05,0.07,0.31,0.08,-0.05,-0.04,-0.01,0.34,0.12,-0.03,0.0,1.57,288,9.287,0.013,8.031,0.008,,1.071,0.012,T,1.04,0.01,L,,8.0688,0.0013,0.012,144.0,,8.05,8.09,,,,,,,,1.0,,,,,,,,,,S,,,225105.0,B+41 4927,,,1.03,K0,S,182.1493624772313,1.5978617222504603,4578.489747573559
H,289,,00 03 36.57,-51 48 32.7,8.68,,H,0.90235854,-51.80908752,,3.48,5.81,-5.03,0.67,0.76,1.17,0.8,0.84,-0.26,-0.07,-0.1,0.12,0.29,-0.01,0.28,0.11,-0.09,-0.22,0.0,0.49,289,9.972,0.015,8.793,0.009,,1.011,0.014,T,0.99,0.01,L,,8.8429,0.0015,0.024,224.0,,8.8,8.88,,C,,,,,,1.0,,,,,,,,,,,,,225122.0,,,P-52 12246,0.95,K0III,2,287.35632183908046,1.3878962197329043,4716.48182136663
H,290,,00 03 36.99,-31 05 38.5,7.78,,G,0.90411412,-31.09403248,,15.26,93.72,-42.84,0.87,0.5,1.03,1.09,0.65,0.02,-0.04,0.11,-0.07,0.08,0.27,0.0,-0.28,0.03,-0.18,0.0,0.54,290,8.423,0.009,7.844,0.008,,0.563,0.015,G,0.64,0.01,H,,7.8974,0.0008,0.011,125.0,,7.88,7.92,,,,,,,,1.0,,,,,,,,,,S,,,225120.0,,C-31 19578,P-31  6889,0.64,F8/G0V,3,65.53079947575361,3.6977726680943084,6116.299236564012
H,291,,00 03 37.09,-28 25 01.7,8.21,,G,0.90454413,-28.41713516,,1.46,10.67,-0.76,0.91,0.55,1.04,1.16,0.66,0.07,-0.13,-0.05,0.11,-0.11,0.17,-0.19,-0.28,0.05,-0.14,0.0,-0.41,291,8.037,0.007,8.166,0.01,,-0.123,0.002,G,-0.11,0.0,H,,8.1624,0.0015,0.014,121.0,,8.14,8.19,,,,,,,,1.0,,,,,,,,,,S,,,225119.0,,C-29 18945,P-29  6913,-0.11,Ap...,3,684.931506849315,-0.9682357210778143,11974.685458482398
H,292,,00 03 38.09,+70 18 21.7,8.11,1.0,H,0.90870678,70.30603307,,2.92,10.74,-1.86,0.56,0.63,0.79,0.74,0.65,-0.05,-0.15,0.35,-0.11,0.05,0.16,0.01,-0.29,-0.09,-0.02,0.0,3.38,292,8.078,0.009,8.104,0.011,,-0.019,0.013,T,0.0,0.01,L,,8.1182,0.0021,0.017,115.0,,8.09,8.14,,U,,,,,,1.0,,,,,,,,,,S,,,225114.0,B+69 1377,,,-0.02,A0,S,342.4657534246575,0.43691425724209143,10368.595587759473
H,293,,00 03 39.82,-57 09 52.0,8.29,,H,0.91589999,-57.16443914,,13.14,25.57,-9.58,0.63,0.67,0.97,0.8,0.73,-0.1,0.1,-0.23,0.03,-0.01,0.12,0.05,-0.15,0.05,0.08,1.0,-0.33,293,8.867,0.01,8.359,0.009,,0.488,0.01,T,0.56,0.01,L,,8.4013,0.0019,0.02,161.0,,8.37,8.44,,C,,,,,,1.0,,,,,,,,,,S,,,225133.0,,,P-57 10421,0.56,F6V,1,76.10350076103501,3.882976826118809,6443.818339152462
H,294,,00 03 40.12,+03 54 25.2,7.89,,H,0.91715645,3.90700467,,8.63,-23.55,-12.87,1.09,0.6,1.11,1.14,0.68,0.19,0.16,-0.08,-0.24,0.16,0.09,0.17,0.02,-0.03,0.24,0.0,-0.29,294,8.332,0.013,7.932,0.014,,0.401,0.004,G,0.47,0.0,H,,7.9774,0.0012,0.008,66.0,,7.96,7.99,,C,,,,,,1.0,,,,,,,,,,S,,,225127.0,B+03 4926,,,0.47,F0,S,115.87485515643105,2.5700539785760474,6874.921300446744
H,295,,00 03 40.48,-41 05 45.1,9.67,,G,0.91866516,-41.09585606,,2.83,12.38,-11.99,0.82,0.73,1.45,0.94,1.08,0.0,-0.06,-0.15,0.4,-0.13,0.14,-0.15,-0.25,0.36,0.04,2.0,1.13,295,10.133,0.019,9.727,0.02,,0.397,0.004,G,0.46,0.0,H,,9.7755,0.0021,0.025,178.0,,9.72,9.83,,C,,,,,,1.0,,,,,,,,,,,,,225121.0,,C-41 15390,P-41 10003,0.46,F0V,2,353.35689045936397,1.9289321776214514,6896.257195712109
H,296,,00 03 41.30,-28 23 45.1,8.24,,G,0.92207847,-28.39584776,,25.29,280.23,-143.11,0.95,0.62,1.11,1.2,0.73,0.14,-0.06,0.02,0.03,-0.13,0.15,-0.22,-0.37,-0.01,-0.09,3.0,-1.58,296,9.209,0.018,8.325,0.014,,0.78,0.01,G,0.82,0.01,H,,8.4018,0.0017,0.018,124.0,,8.37,8.43,,,,,,,,1.0,,,,,,,,,,S,,,225118.0,,C-29 18946,P-29  6914,0.82,G8V,3,39.541320680110715,5.254744146722024,5341.708650122388
H,297,,00 03 41.87,+48 26 12.9,6.8,,H,0.92444478,48.43692667,,6.42,-25.44,-8.19,0.45,0.46,0.75,0.52,0.47,0.05,0.23,0.22,-0.05,0.13,-0.06,0.17,0.02,0.16,-0.05,0.0,-0.01,297,6.865,0.004,6.805,0.005,,0.06,0.006,T,0.07,0.01,L,,6.825,0.0008,0.006,138.0,,6.81,6.84,,C,,,,,,1.0,,,,,,,,,,S,,,225124.0,B+47 4373,,,0.07,A2,S,155.7632398753894,0.8376751403442668,9433.580164775109
H,298,,00 03 42.47,+13 21 54.7,8.18,,H,0.92695552,13.36518977,,2.81,27.27,-9.64,0.77,0.57,1.03,0.95,0.77,0.5,0.05,0.09,0.02,0.02,0.11,0.01,0.07,0.19,0.67,0.0,-1.96,298,9.479,0.016,8.294,0.011,,1.015,0.015,T,0.99,0.01,L,,8.3478,0.0011,0.014,126.0,,8.33,8.38,,,,,,,,1.0,,,,,,,,,,,,,225126.0,B+12 5059,,,0.96,K0,S,355.87188612099646,0.42353159952539876,4707.009906884825
H,299,,00 03 44.11,-63 36 02.4,8.44,,H,0.93377179,-63.60066163,,9.67,-6.07,-2.05,0.63,0.69,0.86,0.84,0.74,-0.1,-0.06,-0.28,0.23,-0.04,-0.15,-0.07,0.34,-0.09,-0.15,0.0,0.36,299,9.009,0.011,8.476,0.011,,0.508,0.012,T,0.58,0.01,L,,8.5569,0.0016,0.018,142.0,,8.52,8.59,,,,,,,,1.0,,,,,,,,,,S,,,225134.0,,,P-64  4396,0.57,F5V,1,103.41261633919338,3.367132370415008,6352.827420303602
H,301,,00 03 44.37,-17 20 09.5,4.55,,G,0.93488487,-17.33597002,,14.31,28.57,-7.28,0.9,0.42,0.92,1.09,0.42,0.03,0.21,0.07,-0.4,0.2,0.01,0.19,-0.21,0.05,-0.09,0.0,0.11,301,4.492,0.002,4.539,0.002,,-0.047,0.003,G,-0.03,0.02,A,,4.5366,0.0005,0.005,139.0,,4.53,4.55,,C,,,,,,1.0,,,,,,,,,,S,,,225132.0,B-18 6417,,,-0.03,B9IVn,4,69.88120195667365,0.328198168798882,10752.091303165967
H,300,,00 03 44.38,+42 01 24.6,7.45,,H,0.93490863,42.02349764,,6.04,76.5,10.12,0.47,0.5,0.85,0.61,0.5,0.06,0.04,0.34,0.0,-0.06,-0.15,0.01,0.27,0.13,-0.02,0.0,0.35,300,7.743,0.007,7.487,0.007,,0.244,0.009,T,0.27,0.01,L,,7.5245,0.0009,0.011,149.0,,7.51,7.54,,C,,,,,,1.0,,,,,,,,,,S,,,225125.0,B+41 4928,,,0.26,A3,S,165.56291390728478,1.3551846931056586,7837.395137000656
H,302,,00 03 51.63,+66 42 43.9,6.31,2.0,H,0.96511407,66.71220273,,3.31,7.86,-8.15,0.47,0.46,0.6,0.56,0.46,-0.14,0.01,0.3,0.2,-0.06,-0.06,-0.04,0.15,0.16,-0.15,0.0,2.0,302,8.443,0.011,6.522,0.006,,1.629,0.01,T,2.28,0.04,O,,6.3544,0.0045,0.034,129.0,,6.3,6.4,,U,2.0,,,,,1.0,,,S,,,,,,,S,,P,225136.0,B+65 1993,,,2.47,M4,S,302.11480362537765,-1.090860031121407,3609.256390523065
H,303,,00 03 52.60,+57 22 41.8,8.15,,H,0.96915935,57.37827711,,5.15,31.94,0.18,0.59,0.6,0.98,0.72,0.68,-0.18,0.2,0.18,0.18,0.02,0.08,0.05,-0.04,0.24,-0.19,0.0,0.06,303,8.493,0.009,8.16,0.01,,0.316,0.013,T,0.36,0.02,L,,8.2242,0.0017,0.017,147.0,,8.2,8.26,,,,,00039+5723,I,1.0,1.0,,,,,,,,,,,,,225137.0,B+56 3138,,,0.32,Am...,X,194.17475728155338,1.709036145205955,7361.670448844691
H,304,,00 03 52.75,+22 17 45.9,8.27,,H,0.96979503,22.29607151,,6.16,-1.47,-9.96,0.79,0.57,1.0,0.83,0.63,0.3,-0.15,-0.15,-0.05,0.1,-0.04,0.09,0.04,-0.08,0.46,2.0,1.58,304,8.433,0.009,8.281,0.011,,0.136,0.015,G,0.15,0.01,H,,8.3189,0.0012,0.013,99.0,,8.3,8.35,,C,,,,,,1.0,,,,,,,,,,S,,,225149.0,B+21 5019,,,0.15,A2,S,162.33766233766232,2.217903560822128,8693.884476113362
H,305,,00 03 53.30,-28 23 37.6,7.66,,H,0.97206281,-28.3937693,,20.44,88.62,-17.68,0.86,0.58,0.96,1.08,0.91,0.03,-0.12,-0.05,-0.09,-0.2,0.17,-0.15,-0.46,0.11,0.21,0.0,-0.1,305,8.56,0.01,7.738,0.008,,0.741,0.01,T,0.79,0.01,L,,7.8093,0.0012,0.01,126.0,,7.8,7.83,,,,,,,,1.0,G,,,,,,,,,S,,,225155.0,,C-29 18947,P-29  6915,0.8,G5IV,3,48.92367906066536,4.212404457313376,5465.163391615079
H,306,H,00 03 53.94,-57 49 49.3,8.59,,H,0.97473996,-57.8303572,A,14.36,150.24,-58.93,3.05,3.71,2.44,2.11,2.2,-0.01,-0.06,0.0,-0.16,-0.06,-0.02,-0.08,-0.19,0.08,0.02,1.0,-0.08,306,9.368,0.012,8.664,0.011,*,0.616,0.003,G,0.68,0.0,H,*,8.7158,0.0019,0.019,174.0,*,8.68,8.76,,D,,,00039-5750,I,1.0,2.0,C,,A,AS,298.0,0.436,0.005,0.13,0.02,S,,,225158.0,,,P-58  8128,0.68,G2V,1,69.63788300835655,4.375772199531408,5905.594296749442
H,307,,00 03 55.13,-42 33 34.2,11.55,,G,0.97971157,-42.55949968,,16.27,90.57,6.6,1.77,1.48,2.71,2.2,2.12,0.03,0.0,-0.15,0.18,-0.11,0.13,-0.15,-0.39,0.16,-0.04,0.0,-0.62,307,,,,,,1.26,0.015,G,1.42,0.02,A,,11.7029,0.0053,0.057,170.0,,11.61,11.8,,,,,,,,1.0,,,,,,,,,,,G,,,,,,1.42,M0,S,61.46281499692686,7.606937764684295,4194.273288699762
H,308,,00 03 56.05,+14 22 44.1,7.09,,H,0.98353978,14.37891704,,13.9,79.34,-21.72,0.65,0.46,0.84,0.75,0.57,0.45,0.09,-0.03,0.04,0.06,0.06,0.07,0.05,0.09,0.59,0.0,-0.89,308,7.445,0.005,7.126,0.006,,0.303,0.007,T,0.35,0.01,L,,7.1696,0.001,0.008,138.0,,7.15,7.19,,C,,,,,,1.0,,,,,,,,,,S,,,225151.0,B+13 5201,,,0.36,F0,S,71.94244604316546,2.8050740012704756,7442.850990645404
H,309,,00 03 56.62,-45 17 19.0,8.54,,H,0.98590855,-45.28859728,,4.59,9.33,-7.7,0.78,0.66,1.04,0.95,1.0,0.14,0.0,-0.19,-0.02,-0.26,0.04,-0.26,-0.26,0.16,0.34,1.0,1.04,309,8.798,0.009,8.562,0.01,,0.23,0.015,G,0.26,0.02,H,,8.6045,0.002,0.02,136.0,,8.58,8.65,,,,,,,,1.0,,,,,,,,,,S,,,225157.0,,C-45 15227,P-45 10510,0.26,A7V,X,217.8649237472767,1.8490634276863052,7937.866694928842
H,310,,00 03 56.98,-43 11 29.4,9.58,,H,0.98741047,-43.1915036,,12.24,106.17,-127.37,1.07,0.8,1.44,1.19,1.11,-0.04,-0.03,-0.07,0.28,-0.19,0.23,-0.28,-0.3,0.0,-0.16,1.0,0.23,310,10.381,0.022,9.635,0.018,,0.7,0.005,G,0.75,0.01,H,,9.7175,0.002,0.026,163.0,,9.67,9.77,,C,,,,,,1.0,,,,,,,,,,,,,225156.0,,C-43 15576,P-43  9810,0.76,G5V,2,81.69934640522877,5.018907089047712,5601.697844213074
H,311,,00 03 57.02,+36 58 12.8,8.44,,H,0.98758897,36.97021204,,6.36,15.02,18.05,0.7,0.56,0.9,0.76,0.68,0.03,0.1,0.01,0.42,-0.14,0.08,-0.16,0.38,0.08,0.19,0.0,1.06,311,8.957,0.012,8.47,0.011,,0.456,0.015,G,0.53,0.02,H,,8.5403,0.001,0.01,127.0,,8.52,8.56,,,,,,,,1.0,,,,,,,,,,,,,225147.0,B+36 5146,,,0.53,F0,S,157.2327044025157,2.457285578242068,6595.421995871784
H,313,H,00 03 57.86,-48 07 30.7,8.01,,G,0.99110213,-48.12518732,A,10.62,23.52,0.78,1.35,0.97,1.46,1.6,1.25,-0.02,0.01,-0.28,0.11,-0.03,0.08,0.04,-0.11,-0.05,0.08,0.0,0.22,313,8.48,0.018,7.947,0.018,*,0.406,0.001,G,0.47,0.0,H,*,8.1114,0.002,0.02,125.0,*,8.08,8.14,,R,,,00040-4807,I,1.0,2.0,C,,A,AB,59.0,3.2,0.01,2.02,0.03,S,,,225167.0,,C-48 14684,P-48 11008,0.76,F3/F5V,2,94.16195856873824,3.140622583727251,6848.452201524804
H,314,,00 03 58.01,+20 57 13.7,8.29,,H,0.99172662,20.95381941,,5.58,-32.62,-37.12,0.78,0.6,1.02,0.85,0.61,0.27,0.03,-0.15,-0.08,0.03,-0.07,0.02,-0.11,0.09,0.31,2.0,-2.57,314,8.908,0.013,8.33,0.012,,0.54,0.016,T,0.61,0.02,L,,8.4068,0.0022,0.017,102.0,,8.38,8.44,,,,,,,,1.0,,,,,,,,,,S,,,225150.0,B+20 5426,,,0.61,G0,S,179.21146953405017,2.0231709946878924,6212.866018193694
H,315,,00 03 58.13,-71 16 43.1,9.62,,H,0.99220988,-71.27863488,,6.67,7.29,-33.58,0.83,0.77,0.97,1.08,0.89,0.03,0.06,-0.09,-0.08,0.03,0.03,0.03,-0.09,0.0,0.12,0.0,0.51,315,10.376,0.037,9.643,0.031,,0.657,0.037,T,0.72,0.03,L,,9.7543,0.0026,0.023,125.0,,9.72,9.8,,C,,,,,,1.0,,,,,,,,,,,,,225168.0,,,P-71  2785,0.63,F8V,1,149.92503748125938,3.7406291695827436,5752.9660132222925
H,316,H,00 04 00.24,+12 08 45.0,7.26,2.0,G,1.00099668,12.14583388,A,5.48,17.89,-15.14,1.25,0.77,1.25,1.26,0.85,0.2,0.08,-0.07,-0.22,0.18,-0.07,0.1,-0.03,0.15,0.42,1.0,0.38,316,7.574,0.008,7.214,0.008,*,0.355,0.015,G,0.42,0.02,H,*,7.2951,0.0051,0.036,92.0,*,7.24,7.35,0.17,P,1.0,A,00040+1209,I,1.0,2.0,C,,A,AB,359.0,5.75,0.013,3.22,0.1,S,,,225161.0,B+11 5092,,,0.42,F0,S,182.4817518248175,0.9539027924218457,7129.308654643922
H,317,,00 04 00.61,-80 23 42.3,7.91,,G,1.00253201,-80.3950701,,5.53,54.8,-18.63,0.53,0.56,0.62,0.63,0.57,0.06,0.02,-0.11,0.19,0.15,-0.12,0.16,-0.16,-0.05,0.19,0.0,0.16,317,8.269,0.01,7.963,0.01,,0.314,0.015,G,0.36,0.02,H,,7.9968,0.0009,0.013,126.0,,7.97,8.02,,D,,,,,,1.0,,,,,,,,,,S,,,225169.0,,,P-81  1050,0.36,F0III/IV,1,180.83182640144665,1.6236256565234921,7374.033691226042
H,318,,00 04 02.32,-38 35 41.1,9.45,,H,1.00967468,-38.59474913,,2.07,-8.65,-1.93,0.97,0.76,1.37,1.17,1.1,0.15,0.1,0.29,-0.27,0.04,0.15,-0.01,-0.29,-0.26,0.0,0.0,0.14,318,10.825,0.036,9.512,0.019,,1.115,0.032,T,1.08,0.03,L,,9.6248,0.0024,0.022,152.0,,9.58,9.68,,,,,,,,1.0,,,,,,,,,,,,,225166.0,,C-39 15246,P-39  9315,0.83,G8/K0IV,3,483.09178743961354,1.0298517272845888,4482.57127508473
H,319,,00 04 03.80,+62 13 19.0,8.19,1.0,G,1.01581829,62.22195138,,1.2,-2.24,-0.49,0.6,0.64,0.84,0.69,0.75,-0.18,0.09,0.3,0.22,-0.08,-0.05,-0.04,0.13,0.2,-0.19,0.0,-0.46,319,8.466,0.009,8.241,0.01,,0.26,0.006,G,0.29,0.01,H,,8.2698,0.0021,0.02,129.0,,8.22,8.3,,U,,,00042+6217,I,2.0,1.0,,,,,,,,,,,,,225160.0,B+61 2585,,,0.29,O8e,X,833.3333333333334,-1.4140937697618767,7725.929715876616
H,320,,00 04 05.10,-16 59 51.5,12.14,3.0,H,1.0212684,-16.99764075,,6.48,33.37,-0.43,3.24,1.58,4.13,4.84,1.88,0.18,0.01,-0.08,-0.26,0.06,0.23,0.05,-0.24,0.2,0.15,0.0,0.8,320,,,,,,,,,,,T,,12.2227,0.0384,0.223,129.0,,11.77,12.46,0.61,P,1.0,A,,,,1.0,,,,,,,,,,,G,,,,,,0.42,F1:,K,154.320987654321,6.197875029352967,
H,321,,00 04 07.84,-25 53 33.2,8.93,,H,1.03267114,-25.89254967,,9.88,110.27,-46.78,1.01,0.65,1.18,1.51,0.85,0.01,-0.07,0.17,-0.05,0.11,0.15,0.06,-0.12,0.0,-0.24,0.0,-0.24,321,9.643,0.016,8.977,0.014,,0.607,0.016,T,0.68,0.01,L,,9.0632,0.0015,0.018,122.0,,9.03,9.09,,C,,,,,,1.0,,,,,,,,,,S,,,225175.0,,C-26 16889,P-26  7542,0.7,G2/G3V,3,101.21457489878543,3.9037847229381404,5940.269764295265
H,322,,00 04 08.44,+56 55 15.6,7.65,,H,1.03517441,56.92100467,,3.93,-15.65,-8.76,0.54,0.64,0.97,0.72,0.67,-0.25,0.07,0.3,0.13,0.15,0.19,0.07,-0.11,0.12,-0.31,0.0,-1.91,322,8.926,0.011,7.771,0.007,,0.992,0.01,T,0.97,0.01,L,,7.816,0.0011,0.015,163.0,,7.79,7.84,,,,,,,,1.0,,,,,,,,,,,,,225170.0,B+56 3139,,,0.96,G8IV,X,254.4529262086514,0.6219627518771347,4762.028333881585
H,324,,00 04 10.21,+17 26 12.1,8.53,,G,1.04254351,17.43668381,,8.18,-54.4,-16.6,0.82,0.63,1.0,1.01,0.72,0.39,0.11,0.11,0.21,0.28,0.07,0.25,0.39,0.03,0.47,2.0,-0.42,324,9.056,0.013,8.576,0.012,,0.491,0.015,G,0.56,0.02,H,,8.6374,0.0014,0.013,111.0,,8.61,8.67,,C,,,,,,1.0,,,,,,,,,,S,,,225181.0,B+16 5037,,,0.56,F5,S,122.24938875305624,3.093766518356614,6429.990488239978
H,323,,00 04 10.25,+49 52 12.7,7.38,,H,1.04272795,49.87020726,,6.15,-8.01,-10.94,0.55,0.55,0.89,0.63,0.6,-0.16,0.19,0.24,0.03,-0.02,-0.05,0.03,0.15,0.18,-0.24,1.0,2.09,323,8.643,0.01,7.474,0.007,,1.003,0.01,T,0.98,0.01,L,,7.5413,0.001,0.013,127.0,,7.52,7.56,,C,,,,,,1.0,,,,,,,,,,S,,,225172.0,B+49 4322,,,0.97,K0,S,162.60162601626016,1.324375578877084,4735.546810804916
H,325,,00 04 10.47,+39 07 12.5,8.56,,H,1.04362757,39.12012608,,14.48,110.39,-92.11,0.87,0.66,1.07,0.95,0.74,-0.06,0.04,0.08,0.54,-0.16,-0.04,-0.13,0.4,0.0,0.11,5.0,1.12,325,9.314,0.015,8.65,0.013,,0.615,0.017,T,0.68,0.01,L,,8.6937,0.0014,0.014,126.0,,8.67,8.73,,,,,,,,1.0,,,,,,,,,,,,,225173.0,B+38 5117,,,0.64,F8,S,69.06077348066299,4.363842809305641,5909.42565853523
H,326,,00 04 10.76,+11 15 51.8,8.76,1.0,H,1.04484023,11.26438632,,0.82,-5.58,-4.8,1.11,0.63,1.22,1.14,0.76,0.25,0.0,-0.15,-0.24,0.0,0.1,0.0,-0.13,0.26,0.48,0.0,-0.3,326,10.982,0.055,8.938,0.017,,1.692,0.046,T,1.72,0.05,L,,8.8639,0.0038,0.03,96.0,,8.83,8.92,,U,,,,,,1.0,,,,,,,,,,,,,,B+10 5024,,,1.7,M0,S,1219.5121951219512,-1.6709307380814167,3525.847786735788
H,327,,00 04 11.08,-04 55 34.0,9.56,,G,1.04616137,-4.92610737,,2.04,24.09,-1.72,1.36,0.72,1.28,1.68,0.76,0.07,0.13,-0.11,-0.07,-0.03,0.09,0.0,-0.31,0.15,0.14,0.0,0.64,327,10.043,0.025,9.681,0.028,,0.39,0.02,G,0.46,0.02,H,,9.658,0.0024,0.02,95.0,,9.63,9.69,,C,,,,,,1.0,,,,,,,,,,,,,225184.0,B-05 6105,,,0.46,A2,S,490.19607843137254,1.1081508371294948,6933.9434519686
H,328,,00 04 11.89,-30 08 05.7,7.09,,H,1.04953066,-30.13491782,,4.24,21.9,2.05,0.78,0.49,0.92,1.08,0.61,0.01,-0.17,0.07,-0.05,0.07,0.26,-0.06,-0.41,-0.1,-0.31,3.0,0.21,328,6.975,0.004,7.063,0.007,,-0.085,0.004,G,-0.07,0.02,A,,7.0614,0.0009,0.008,124.0,,7.05,7.08,,C,,,,,,1.0,,,,,,,,,,S,,,225187.0,,C-30 19809,P-30  6843,-0.07,B8V,3,235.84905660377356,0.22682928296366356,11326.5724601966
H,329,,00 04 12.33,-10 08 28.6,9.83,,G,1.05137431,-10.14127928,,9.2,143.74,66.59,1.1,0.7,1.5,1.87,0.76,0.41,-0.15,-0.06,-0.09,-0.01,0.46,-0.1,-0.32,0.28,0.35,0.0,1.57,329,10.683,0.036,9.879,0.028,,0.699,0.004,G,0.76,0.0,H,,9.98,0.0018,0.018,156.0,,9.94,10.02,,,,,,,,1.0,,,,,,,,,,,,,225185.0,B-10 6219,,,0.76,G5,S,108.69565217391306,4.648939136727776,5605.119138039353
H,330,,00 04 13.66,+62 17 15.6,5.9,,H,1.05693212,62.2876646,,0.89,-0.99,-0.37,0.39,0.45,0.58,0.45,0.5,-0.18,0.14,0.3,0.19,-0.05,0.03,-0.02,0.02,0.24,-0.18,1.0,-1.57,330,6.215,0.003,5.927,0.003,,0.274,0.004,T,0.31,0.01,L,,5.9712,0.0005,0.006,137.0,,5.96,5.98,,C,,,00042+6217,I,2.0,1.0,,,,,,,,,,S,,,225180.0,B+61 2586,,,0.29,A1III,X,1123.5955056179776,-4.353049966775435,7631.206236985367
H,331,,00 04 14.28,-26 57 08.5,10.8,,H,1.05951147,-26.95235161,,1.88,7.81,-13.88,1.99,1.09,2.21,3.02,1.76,-0.03,-0.1,0.1,0.28,0.01,0.23,-0.06,-0.01,0.0,-0.18,0.0,0.22,331,11.909,0.123,10.899,0.079,,0.882,0.109,T,0.89,0.08,L,,10.9581,0.003,0.033,106.0,,10.89,11.01,,C,,,,,,1.0,,,,,,,,,,,G,,,,C-27 16533,,0.72,Gp,S,531.9148936170212,2.1707892463183995,5045.16571090936
H,332,,00 04 14.60,-34 24 52.8,8.41,,H,1.06083408,-34.41465369,,6.58,67.55,-25.56,0.68,0.52,0.94,0.82,0.66,0.22,-0.07,-0.08,-0.38,0.05,0.03,0.07,-0.2,0.16,0.09,0.0,-0.89,332,9.072,0.009,8.466,0.008,,0.563,0.009,T,0.64,0.01,L,,8.5316,0.0012,0.016,212.0,,8.5,8.56,,C,,,,,,1.0,,,,,,,,,,S,,,225189.0,,C-35 16055,P-35  9477,0.6,F6V,3,151.9756838905775,2.5011294680697773,6116.299236564012
H,333,,00 04 15.13,-17 25 29.5,9.05,,H,1.06304747,-17.42485068,,5.54,-13.47,-16.35,1.12,0.65,1.44,1.4,0.65,0.18,0.05,-0.03,-0.34,0.0,0.26,0.0,-0.38,0.22,0.15,2.0,0.87,333,9.298,0.023,9.066,0.028,,0.16,0.015,G,0.18,0.01,H,,9.1083,0.0019,0.016,124.0,,9.08,9.14,,C,,,,,,1.0,,,,,,,,,,,,,225186.0,B-18 6419,,,0.18,A1/A2IV/V,4,180.50541516245488,2.767548823642149,8486.084510400658
H,334,,00 04 15.33,+60 09 18.1,8.79,,H,1.06385875,60.15501928,,0.07,-4.86,-1.66,0.65,0.72,0.98,0.75,0.75,-0.03,0.11,0.4,0.24,-0.09,-0.12,-0.02,0.2,0.27,-0.1,2.0,-0.53,334,8.857,0.01,8.802,0.013,,0.08,0.015,G,0.09,0.02,H,,8.8232,0.0018,0.016,140.0,,8.79,8.85,,C,,,,,,1.0,,,,,,,,,,,,,240489.0,B+59 2824,,,0.09,B0,S,14285.714285714284,-6.984509799928716,9225.6595386702
H,335,,00 04 15.84,+14 04 53.8,8.88,,H,1.06601848,14.08162325,,5.57,20.54,-35.2,0.82,0.58,1.09,0.97,0.77,0.5,0.2,0.17,0.1,0.04,0.07,0.06,0.04,0.09,0.65,0.0,0.35,335,9.156,0.012,8.89,0.014,,0.253,0.017,T,0.28,0.02,L,,8.9486,0.0017,0.015,140.0,,8.93,8.98,,C,,,,,,1.0,,,,,,,,,,,,,225182.0,B+13 5202,,,0.23,A0,S,179.53321364452424,2.609275975868645,7774.26540394057
H,336,,00 04 15.98,+65 09 10.7,7.59,2.0,G,1.06656723,65.1529611,,1.47,11.16,10.56,0.58,0.57,0.77,0.69,0.59,-0.12,0.23,0.31,-0.12,-0.03,-0.09,0.04,0.09,0.14,-0.24,1.0,0.67,336,9.763,0.02,7.823,0.008,,1.68,0.015,G,1.69,0.09,H,,7.661,0.002,0.02,118.0,,7.62,7.7,,U,2.0,C,,,,1.0,,,,,,,,,,,,,225179.0,B+64 1893,,,1.69,K5,S,680.2721088435374,-1.5734133262591197,3541.426071171437
H,337,,00 04 16.14,-25 54 54.0,9.6,,G,1.06725539,-25.91498946,,11.87,-136.68,-190.18,1.24,0.83,1.49,1.89,1.12,0.03,-0.02,0.14,-0.12,0.16,0.22,0.12,-0.13,0.01,-0.18,0.0,1.12,337,10.441,0.028,9.728,0.025,,0.75,0.02,G,0.79,0.02,H,,9.7402,0.0027,0.024,119.0,,9.7,9.78,,C,,,,,,1.0,,,,,,,,,,S,,,,,C-26 16890,P-26  7543,0.79,G5,S,84.24599831508003,4.972253594772956,5436.136574148009
H,339,,00 04 16.49,-59 18 54.7,8.55,,G,1.06871389,-59.31518062,,4.12,21.79,-4.11,0.62,0.6,0.84,0.68,0.65,-0.08,-0.02,-0.11,0.12,0.07,0.14,0.1,0.0,-0.01,0.02,0.0,-0.08,339,8.613,0.009,8.568,0.012,,0.037,0.007,G,0.05,0.01,H,,8.5857,0.0016,0.017,156.0,,8.55,8.62,,,,,,,,1.0,,,,,,,,,,S,,,225203.0,,,P-60  7714,0.05,A1V,1,242.71844660194176,1.6244860801656733,9685.973620151606
H,340,,00 04 17.72,-43 59 18.0,8.11,,H,1.07383315,-43.98832631,,14.91,5.43,-53.62,0.73,0.94,1.01,1.17,1.29,0.23,-0.14,-0.28,-0.36,-0.43,0.28,-0.32,-0.69,0.29,0.41,2.0,1.72,340,8.679,0.008,8.176,0.008,,0.484,0.009,T,0.56,0.01,L,,8.2193,0.0015,0.017,171.0,,8.19,8.25,,,,,,,,1.0,G,,,,,,,,,S,,,225201.0,,C-44 15439,P-44 10400,0.54,F6V,2,67.0690811535882,3.9773882172649717,6462.35579104865
H,341,,00 04 18.60,-23 15 14.2,9.44,,H,1.07749772,-23.25395215,,0.58,-0.26,-5.18,1.34,0.77,1.57,1.43,0.8,0.05,0.1,-0.04,-0.14,-0.04,0.33,-0.04,-0.39,0.22,-0.02,0.0,1.62,341,10.771,0.042,9.517,0.023,,1.069,0.037,T,1.03,0.03,L,,9.6157,0.0028,0.022,101.0,,9.58,9.66,,,,,,,,1.0,,,,,,,,,,,,,225199.0,,C-23 18133,P-23  8375,0.81,G8IV,4,1724.1379310344828,-1.7428600321853143,4582.952465348084
H,342,,00 04 18.96,-20 34 07.5,9.6,,H,1.07898302,-20.5687452,,7.92,29.29,-51.95,1.14,0.76,1.55,1.47,0.75,0.16,-0.06,0.13,-0.17,0.1,0.41,0.01,-0.3,0.01,0.0,0.0,-0.28,342,10.284,0.029,9.697,0.028,,0.549,0.03,T,0.62,0.03,L,,9.7163,0.0023,0.021,125.0,,9.66,9.76,,,,,,,,1.0,,,,,,,,,,,,,225198.0,B-21 6524,,,0.68,G0V,4,126.26262626262627,4.093625907947467,6174.690258703779
H,343,,00 04 19.76,-16 31 44.0,5.78,,G,1.08233885,-16.52888969,,11.29,53.77,-60.27,0.84,0.42,0.92,1.34,0.42,0.15,-0.03,0.08,0.21,0.16,0.25,0.02,-0.26,0.04,-0.05,3.0,1.13,343,7.193,0.005,5.898,0.003,,1.084,0.007,G,1.05,0.01,H,,5.9563,0.0007,0.007,130.0,,5.95,5.97,,,,,,,,1.0,,,,,,,,,,S,,,225197.0,B-17 6868,,,1.05,K0III,4,88.57395925597875,1.0434697096248398,4549.703515239823
H,344,,00 04 20.08,+40 06 35.8,10.66,3.0,H,1.08364803,40.10995515,,6.82,-4.17,-2.78,2.51,1.66,2.4,2.45,1.98,0.11,0.21,0.04,0.73,0.1,-0.3,0.07,0.67,-0.27,0.38,5.0,1.29,344,,,,,,1.5,0.51,G,3.91,0.98,Q,,10.1776,0.1212,1.432,60.0,,8.39,11.67,315.8,P,1.0,B,,,,1.0,,,S,,,,,,,,D,P,225192.0,,,,3.91,M5e-M7e,G,146.62756598240466,4.828921873282395,3793.5064935064934
H,345,,00 04 20.30,-29 16 07.8,6.38,,H,1.08457463,-29.26883006,,7.75,29.15,3.44,0.82,0.48,0.91,1.11,0.62,0.07,-0.18,-0.01,0.17,-0.02,0.04,-0.24,-0.39,0.07,-0.35,2.0,-1.37,345,6.383,0.004,6.378,0.004,,0.006,0.004,G,0.03,0.0,H,,6.391,0.0008,0.007,112.0,,6.38,6.4,,,,,,,,1.0,,,,,,,,,,S,,,225200.0,,C-29 18950,P-29  6916,0.03,A1V,3,129.03225806451613,0.8265085125315519,10051.006201144508
H,346,,00 04 21.07,-53 54 34.1,8.8,,H,1.08780834,-53.90948292,,5.27,59.8,20.09,0.65,0.78,1.12,0.91,1.02,-0.3,0.03,-0.21,-0.05,0.01,0.16,0.04,0.01,-0.05,-0.35,0.0,0.92,346,10.12,0.018,8.915,0.011,,1.031,0.016,T,1.0,0.01,L,,8.9692,0.0018,0.02,195.0,,8.94,9.01,,C,,,,,,1.0,,,,,,,,,,,,,225202.0,,,P-54 10426,1.02,K1III,1,189.75332068311195,2.409053076062733,4669.519943671124
H,347,,00 04 21.29,+54 16 28.6,7.79,,H,1.08869988,54.27460172,,2.46,7.15,-4.35,0.49,0.59,0.85,0.59,0.63,-0.35,0.1,0.27,0.14,-0.09,-0.02,-0.06,0.1,0.13,-0.33,0.0,-1.39,347,7.66,0.006,7.771,0.009,,-0.089,0.007,G,-0.07,0.01,H,,7.7637,0.0013,0.015,190.0,,7.74,7.79,,,,,,,,1.0,,,,,,,,,,S,,,225190.0,B+53 3280,,,-0.07,B3V,X,406.5040650406504,-0.2553244644831052,11391.084424993394
H,348,,00 04 21.31,+12 57 25.4,8.6,,H,1.08880039,12.95705512,,16.79,317.8,97.64,0.86,0.61,1.13,1.04,0.79,0.48,-0.06,0.02,0.03,0.04,0.11,0.04,0.04,0.06,0.65,0.0,-0.46,348,9.371,0.017,8.667,0.014,,0.64,0.015,G,0.7,0.01,H,,8.7287,0.0018,0.016,116.0,,8.7,8.76,,C,,,,,,1.0,,,,,,,,,,S,,,225194.0,B+12 5061,,,0.7,G5,S,59.55926146515784,4.7252534806902435,5815.213657459187
H,349,,00 04 22.89,-29 22 53.7,7.77,,H,1.09539438,-29.38157885,,4.1,20.68,2.45,0.91,0.54,1.06,1.3,0.72,0.05,-0.23,0.03,0.13,0.03,0.13,-0.19,-0.4,0.0,-0.37,0.0,-0.42,349,7.689,0.007,7.747,0.008,,-0.058,0.002,G,-0.04,0.0,H,,7.7553,0.0008,0.009,114.0,,7.74,7.77,,,,,,,,1.0,,,,,,,,,,S,,,225206.0,,C-30 19813,P-30  6846,-0.04,B8/B9V,3,243.90243902439028,0.8339192835986768,10911.596590887695
H,350,,00 04 23.83,-57 19 22.3,10.37,,H,1.0993091,-57.32287483,,21.14,-36.89,74.23,1.16,1.16,1.62,1.43,1.42,-0.14,0.05,-0.25,0.0,0.0,0.09,0.04,-0.11,-0.04,0.0,1.0,1.7,350,11.832,0.092,10.498,0.044,,1.1,0.02,G,1.06,0.02,R,,10.5387,0.004,0.041,149.0,,10.46,10.6,,,,,,,,1.0,,,,,,,,,,,,,,,C-58  8681,P-58  8129,1.06,,,47.30368968779565,6.995524914857036,4514.792642720805
H,351,,00 04 24.63,-47 04 05.3,9.8,,G,1.1026229,-47.06812971,,22.52,293.22,33.72,1.35,0.89,1.48,1.52,1.28,-0.3,-0.15,-0.01,-0.38,0.14,0.13,0.13,-0.31,-0.01,-0.22,0.0,1.13,351,10.871,0.043,9.841,0.028,,0.855,0.006,G,0.9,0.01,H,,9.9436,0.0024,0.022,125.0,,9.89,9.99,,C,,,,,,1.0,,,,,,,,,,,,,225208.0,,C-47 14785,P-47 10077,0.87,K0V,2,44.40497335701599,6.562841930896544,5120.2127178157225
H,352,,00 04 26.42,+58 04 07.6,10.42,,G,1.11010195,58.06878245,,12.99,436.94,-37.12,1.13,1.17,1.76,1.31,1.33,-0.18,0.29,-0.02,0.09,-0.12,-0.02,-0.08,0.0,0.09,-0.17,0.0,0.97,352,11.391,0.077,10.414,0.049,,0.8,0.02,G,0.84,0.02,H,,10.5555,0.0044,0.044,126.0,,10.5,10.64,,,,,,,,1.0,,,S,,,,,,,,G,,,,,,0.83,,,76.98229407236336,5.988045755365139,5280.671926994783
H,353,,00 04 26.65,-44 34 02.4,11.63,,G,1.11103092,-44.56734318,,5.72,233.9,22.05,4.54,3.8,6.2,5.3,5.19,0.05,0.06,-0.12,-0.09,-0.09,-0.05,-0.09,-0.25,-0.02,0.17,0.0,,353,,,,,,0.971,0.006,G,1.02,0.01,I,,11.7883,0.0047,0.05,139.0,,11.7,11.87,,,,,,,,1.0,X,,,,,,,,,,G,G,,,C-45 15233,,1.02,,,174.82517482517486,5.416980143965121,4813.462398405728
H,354,,00 04 29.60,+51 49 45.5,9.22,,H,1.12334321,51.8293046,,3.01,2.09,-5.35,0.84,0.79,1.4,1.03,0.93,-0.27,0.09,0.11,0.02,-0.01,0.09,-0.02,0.09,0.05,-0.22,0.0,-0.43,354,10.51,0.028,9.343,0.016,,1.001,0.025,T,0.98,0.02,L,,9.3853,0.0022,0.028,176.0,,9.33,9.42,,,,,,,,1.0,,,,,,,,,,,,,236288.0,B+51 3773,,,1.09,K0,S,332.22591362126246,1.6128324779692171,4740.338496154708
H,355,,00 04 30.12,-10 30 34.2,4.99,1.0,H,1.1255098,-10.50949443,,2.03,-6.49,-11.88,0.7,0.47,0.93,1.19,0.49,0.42,-0.09,-0.06,0.03,-0.06,0.44,-0.13,-0.4,0.21,0.34,0.0,-0.12,355,7.081,0.005,5.129,0.003,,1.619,0.005,T,1.64,0.01,L,,5.0996,0.0009,0.008,137.0,,5.09,5.11,,M,,,,,,1.0,,,,,,,,,,S,,,225212.0,B-11 6194,,,1.68,K3Ibvar,X,492.6108374384237,-3.472519810433935,3622.8735622149275
H,356,,00 04 30.17,-06 57 55.2,8.43,,G,1.12570193,-6.96533727,,9.89,-42.55,-17.21,1.09,0.57,1.1,1.2,0.58,0.23,-0.03,-0.11,-0.42,-0.01,0.13,-0.03,-0.3,0.25,0.25,0.0,0.58,356,9.144,0.013,8.501,0.011,,0.611,0.015,G,0.68,0.01,H,,8.5536,0.0012,0.014,109.0,,8.53,8.58,,C,,,,,,1.0,,,,,,,,,,S,,,225211.0,B-07 6142,,,0.68,G0,S,101.11223458038423,3.405981457985897,5924.804618432884
H,357,,00 04 30.53,-72 53 50.0,7.33,,H,1.12719406,-72.8972207,,10.92,11.31,-41.13,0.54,0.5,0.64,0.67,0.56,-0.02,0.03,-0.02,-0.04,0.14,-0.1,0.12,-0.1,-0.17,0.09,0.0,1.23,357,7.852,0.007,7.375,0.007,,0.444,0.01,G,0.51,0.01,H,,7.4271,0.001,0.009,132.0,,7.41,7.45,,C,,,,,,1.0,,,,,,,,,,S,,,225233.0,,,P-73  2346,0.51,F2V,X,91.57509157509156,2.5211131918435923,6654.286202145474
H,358,,00 04 33.45,-76 20 47.5,8.93,,H,1.13935928,-76.34653399,,0.95,15.43,17.25,0.67,0.63,0.79,0.78,0.68,0.0,0.18,-0.24,0.07,-0.02,-0.05,-0.03,0.04,-0.07,0.25,0.0,1.19,358,10.218,0.024,9.02,0.015,,1.025,0.022,T,1.0,0.02,L,,9.0957,0.0014,0.016,147.0,,9.07,9.13,,C,,,,,,1.0,,,,,,,,,,,,,225235.0,,,P-77  1600,0.98,G8III,1,1052.6315789473683,-1.1813819735557622,4683.504683722548
H,359,,00 04 34.62,-76 52 24.7,9.09,,H,1.14426919,-76.87353696,,17.09,177.47,-15.22,0.74,0.7,0.88,0.88,0.69,-0.02,0.18,-0.23,0.02,-0.02,-0.03,-0.02,0.0,0.02,0.12,0.0,0.94,359,9.851,0.024,9.159,0.021,,0.639,0.026,T,0.7,0.02,L,,9.2227,0.0017,0.022,140.0,,9.19,9.26,,,,,,,,1.0,,,,,,,,,,,,,225236.0,,,P-77  1599,0.71,G3/G5III/IV,1,58.51375073142189,5.253710313603684,5818.920291605021
H,360,,00 04 34.92,+71 58 06.8,9.26,,H,1.14551227,71.96854252,,4.67,-3.02,0.31,0.74,0.8,0.93,0.87,0.88,0.02,0.15,0.2,0.13,0.01,0.04,-0.06,-0.32,0.0,-0.16,0.0,0.06,360,10.809,0.049,9.436,0.025,,1.162,0.043,T,1.12,0.04,L,,9.4249,0.0018,0.02,116.0,,9.39,9.47,,,,,,,,1.0,,,,,,,,,,,,,,B+71 1249,,,1.29,K2,S,214.13276231263384,2.60658440283056,4384.666085361507
H,361,,00 04 35.47,-71 41 42.0,8.73,,H,1.14780002,-71.69499867,,3.4,10.85,-3.02,0.76,0.74,0.93,0.89,0.82,0.06,0.2,-0.11,0.04,0.12,-0.02,0.11,0.05,-0.01,0.18,0.0,-0.16,361,10.071,0.03,8.86,0.019,,1.036,0.028,T,1.01,0.02,L,,8.8943,0.0019,0.021,130.0,,8.86,8.93,,C,,,,,,1.0,,,,,,,,,,,,,225231.0,,,P-72  2799,0.98,K0III,1,294.11764705882354,1.3873945852112763,4657.933048462266
H,363,,00 04 36.41,+43 33 04.7,8.12,2.0,H,1.15170942,43.55131855,,2.15,-4.57,-2.54,0.7,0.58,1.05,0.82,0.58,-0.1,0.04,0.31,0.24,-0.13,-0.12,-0.08,0.35,0.11,-0.24,0.0,0.7,363,11.636,0.094,8.43,0.011,,2.53,0.069,T,2.59,0.07,L,,8.1265,0.0116,0.102,126.0,,8.01,8.26,,U,2.0,C,,,,1.0,,,S,,,,,,,,,,225217.0,B+42 4827,,,2.51,C5II,G,465.1162790697674,-0.2178077004219734,2702.711044101036
H,364,,00 04 36.49,-15 53 21.1,9.26,,H,1.15203505,-15.88920125,,1.99,-3.21,-11.15,1.12,0.66,1.57,1.87,0.76,0.23,-0.06,0.06,0.11,0.07,0.47,-0.02,-0.24,0.21,0.22,0.0,-0.61,364,10.716,0.041,9.36,0.02,,1.149,0.036,T,1.11,0.03,L,,9.4297,0.0017,0.018,115.0,,9.4,9.46,,C,,,,,,1.0,,,,,,,,,,,,,225226.0,B-16 6411,,,0.96,K0III,4,502.5125628140703,0.7542653820485334,4411.294413680512
H,366,,00 04 36.59,-31 10 08.6,8.94,,H,1.15246785,-31.16905083,,1.59,11.34,0.38,1.13,0.69,1.32,1.47,0.94,-0.04,0.0,0.17,-0.14,0.08,0.24,0.03,-0.2,-0.01,-0.25,0.0,0.9,366,10.479,0.032,9.082,0.017,,1.181,0.028,T,1.14,0.03,L,,9.0993,0.002,0.018,112.0,,9.07,9.13,,C,,,,,,1.0,,,,,,,,,,,,,225229.0,,C-31 19584,P-31  6892,1.22,K1IV,3,628.9308176100628,-0.05301437839774259,4346.348736126518
H,365,H,00 04 36.60,+42 05 33.2,6.11,,H,1.15248379,42.09256148,A,1.94,-11.94,-12.73,0.84,0.85,1.12,1.05,0.84,0.04,-0.02,0.21,-0.07,-0.06,-0.21,-0.01,0.34,-0.02,0.05,4.0,1.55,365,6.272,0.004,6.106,0.005,*,0.159,0.006,T,0.18,0.01,L,*,6.1627,0.0007,0.007,156.0,*,6.15,6.18,,D,,,00046+4206,I,1.0,2.0,C,,D,AB,169.0,5.342,0.02,3.66,0.1,S,,D,225218.0,B+41 4933,,,0.0,B9III,X,515.4639175257732,-2.450991350348869,8494.524028338705
H,367,,00 04 37.35,-81 20 43.1,9.13,,H,1.15561443,-81.34531911,,1.38,1.33,0.45,0.67,0.69,0.79,0.8,0.72,0.15,-0.07,-0.07,0.04,0.09,-0.16,0.08,-0.03,-0.15,0.26,5.0,0.11,367,9.402,0.014,9.151,0.016,,0.239,0.02,T,0.27,0.03,L,,9.1961,0.0025,0.023,123.0,,9.16,9.25,,,,,,,,1.0,,,,,,,,,,,,,225254.0,,,P-82   908,0.19,A2/A3IV,1,724.6376811594204,-0.1706045679938164,7872.955983166579
H,368,,00 04 37.46,+02 56 14.0,7.9,,H,1.15607578,2.93722463,,4.83,20.68,1.42,0.95,0.6,1.03,1.07,0.81,0.32,-0.08,-0.12,-0.28,-0.06,0.08,-0.05,-0.04,0.2,0.31,0.0,-0.55,368,9.526,0.018,8.042,0.01,,1.249,0.016,T,1.21,0.02,L,,8.0579,0.0016,0.014,86.0,,8.03,8.08,,,,,,,,1.0,,,,,,,,,,S,,,225221.0,B+02 4749,,,1.18,K2,S,207.03933747412006,1.3197356537575615,4214.777861916206
H,369,,00 04 38.14,+29 43 20.3,9.34,,H,1.15890684,29.72229656,,1.26,-6.0,-6.91,1.27,0.74,1.47,1.9,0.86,-0.06,0.24,0.06,-0.17,0.03,0.16,0.08,-0.01,0.05,-0.3,2.0,-0.76,369,10.548,0.04,9.447,0.026,,0.95,0.037,T,0.94,0.03,L,,9.5049,0.0024,0.017,78.0,,9.47,9.54,,C,,,,,,1.0,,,,,,,,,,,,,,B+28 4697,,,0.98,K0,S,793.6507936507936,-0.158147274412185,4866.084384156673
H,370,,00 04 38.26,-51 35 00.1,7.13,,H,1.15940288,-51.58336438,,2.46,9.42,14.58,0.49,0.53,0.81,0.62,0.64,-0.2,-0.1,-0.06,0.2,0.24,-0.05,0.22,0.21,-0.05,-0.23,0.0,-0.17,370,8.78,0.007,7.283,0.004,,1.26,0.006,T,1.22,0.01,L,,7.2944,0.001,0.011,211.0,,7.28,7.32,,C,,,,,,1.0,,,,,,,,,,S,,,225251.0,,,P-52 12249,1.21,K1III,2,406.5040650406504,-0.9153244644831053,4194.273288699762
H,371,,00 04 38.48,-50 02 09.4,10.82,,G,1.16032911,-50.03593839,,0.81,16.26,5.45,1.84,1.7,2.56,1.97,2.1,-0.11,0.05,-0.06,-0.32,-0.02,0.01,-0.03,-0.05,0.05,-0.07,0.0,,371,12.027,0.121,11.006,0.079,,1.021,0.003,G,1.07,0.0,I,,11.0002,0.0048,0.048,143.0,,10.92,11.07,,C,,,,,,1.0,X,,,,,,,,,,G,G,,,C-50 14112,,1.07,M5,S,1234.567901234568,0.36242509439325055,4692.877012131002
H,372,,00 04 39.74,-70 24 15.2,7.46,,H,1.16559564,-70.40421693,,4.15,83.78,-17.85,0.53,0.52,0.66,0.54,0.51,0.03,0.02,-0.18,-0.08,0.04,0.04,0.04,-0.08,-0.05,0.11,1.0,0.18,372,8.835,0.011,7.577,0.007,,1.072,0.01,T,1.04,0.01,L,,7.6262,0.0011,0.012,144.0,,7.61,7.64,,,,,,,,1.0,,,,,,,,,,S,,,225252.0,,,P-71  2786,1.02,K0/K1III,1,240.96385542168673,0.5502404835604633,4576.2618171049635
H,373,,00 04 39.84,-08 11 05.7,8.72,,H,1.1659799,-8.18490648,,1.39,1.18,-19.23,1.13,0.67,1.34,1.59,0.67,0.31,-0.04,-0.07,-0.27,-0.06,0.36,-0.09,-0.37,0.33,0.36,0.0,0.21,373,10.627,0.035,8.815,0.014,,1.508,0.03,T,1.54,0.04,L,,8.8429,0.0025,0.018,112.0,,8.81,8.87,,,,,,,,1.0,,,,,,,,,,,,,225224.0,B-08 6240,,,1.19,K2,S,719.4244604316548,-0.5649259987295245,3781.513136136629
H,374,H,00 04 40.09,+34 15 54.7,7.02,,H,1.16704444,34.26519797,A,6.13,-15.8,-30.38,1.62,1.21,1.59,1.51,1.09,0.13,0.13,0.08,-0.09,0.02,0.08,0.0,0.24,0.0,0.13,0.0,5.11,374,8.321,0.013,7.181,0.008,*,1.1,0.495,G,0.96,0.01,L,*,7.1831,0.0011,0.009,109.0,-,7.17,7.2,,D,,,00046+3416,I,2.0,2.0,C,P,C,AB,143.0,0.724,0.002,0.28,0.01,S,,G,225220.0,B+33 4827,,,0.96,K0,S,163.1321370309951,0.9573023725920748,4514.792642720805
H,375,T,00 04 40.15,+34 16 17.4,9.08,,H,1.16729373,34.27150566,C,6.13,123.4,-59.91,44.16,30.26,1.59,25.15,16.83,0.12,0.05,-0.06,-0.21,-0.02,0.0,-0.02,0.12,-0.01,0.15,0.0,5.11,375,,,,,,,,,,,T,,9.2171,0.0469,0.484,105.0,-,7.74,9.66,,D,,,00046+3416,I,2.0,1.0,C,L,C,,,,,,,,,G,,,,,0.72,,,163.1321370309951,3.0173023725920753,
H,376,,00 04 41.18,+06 31 21.3,8.37,2.0,H,1.171564,6.52258527,,4.04,-68.65,-55.87,1.15,0.67,1.18,1.25,0.76,0.32,-0.15,-0.13,-0.41,0.05,0.14,0.03,-0.03,0.03,0.42,0.0,2.64,376,9.474,0.019,8.465,0.013,,0.881,0.017,T,0.89,0.01,L,,8.5323,0.0033,0.024,79.0,,8.5,8.57,,U,2.0,,,,,1.0,,,,,,,,,,,,,225242.0,B+05 5257,,,0.86,K0,S,247.5247524752475,1.4019068255530236,5047.903627474685
H,377,,00 04 41.25,-71 26 12.7,5.59,,H,1.17188841,-71.43685835,,5.7,30.0,-13.62,0.45,0.41,0.53,0.5,0.41,0.01,0.16,-0.2,0.05,0.1,-0.1,0.08,-0.03,-0.03,0.1,1.0,0.49,377,5.456,0.002,5.571,0.003,,-0.1,0.003,T,-0.08,0.0,L,,5.5635,0.0007,0.008,138.0,,5.55,5.58,,,,,,,,1.0,,,,,,,,,,S,,,225253.0,,,P-72  2800,-0.1,B8III,X,175.43859649122805,-0.6306257216375428,11572.817729534148
H,378,,00 04 41.26,+14 57 55.2,7.37,,H,1.17191906,14.96533616,,11.46,7.51,-42.24,0.68,0.49,0.84,0.78,0.62,0.4,0.06,-0.06,-0.12,0.04,0.07,0.02,0.02,0.16,0.59,0.0,-1.0,378,7.869,0.008,7.422,0.008,,0.422,0.01,T,0.49,0.01,L,,7.4635,0.0011,0.009,118.0,,7.45,7.48,,,,,,,,1.0,,,,,,,,,,S,,,225241.0,B+14 5094,,,0.47,F5IV,X,87.26003490401396,2.6659230881568563,6765.217713727657
H,379,,00 04 41.84,+67 09 59.0,5.68,,H,1.17432297,67.16638761,,10.3,95.58,23.8,0.42,0.45,0.58,0.48,0.45,-0.04,0.1,0.26,-0.1,-0.06,-0.07,-0.02,-0.03,0.2,-0.09,0.0,-0.24,379,7.033,0.005,5.802,0.004,,1.051,0.005,T,1.02,0.0,L,,5.8511,0.0006,0.006,131.0,,5.84,5.87,,C,,,,,,1.0,,,,,,,,,,S,,,225216.0,B+66 1679,,,1.02,K1III,S,97.08737864077669,0.7441861235258607,4623.532987288598
H,380,,00 04 42.71,+17 04 11.2,8.56,,H,1.17796311,17.06977988,,7.35,73.31,-18.46,0.93,0.63,1.12,1.1,0.68,0.32,0.09,-0.15,0.11,0.12,0.04,0.12,0.21,-0.01,0.38,2.0,-0.5,380,9.549,0.017,8.659,0.013,,0.792,0.016,T,0.82,0.01,L,,8.7147,0.0019,0.019,104.0,,8.69,8.74,,C,,,,,,1.0,,,,,,,,,,S,,,225240.0,B+16 5039,,,0.83,G5,S,136.0544217687075,2.8914366954209756,5304.907684031342
H,381,,00 04 44.44,+51 32 01.9,8.72,,H,1.18518654,51.53385066,,2.46,10.28,-5.27,0.67,0.66,1.14,0.85,0.66,-0.28,0.08,0.23,0.17,-0.04,0.17,-0.06,0.05,0.07,-0.25,0.0,-1.98,381,8.677,0.008,8.697,0.01,,-0.014,0.012,T,0.01,0.01,L,,8.7267,0.0018,0.021,169.0,,8.7,8.77,,C,,,,,,1.0,,,,,,,,,,,,,225237.0,B+50 4232,,,0.02,A2,S,406.5040650406504,0.6746755355168954,10303.295733126492
H,382,,00 04 45.16,-32 21 39.7,9.06,,H,1.18816317,-32.36102308,,4.16,-18.85,-9.18,0.9,0.66,1.2,1.02,0.9,0.1,-0.09,-0.06,-0.35,-0.01,0.15,-0.01,-0.23,0.2,0.09,0.0,-0.06,382,9.472,0.014,9.095,0.015,,0.368,0.018,T,0.43,0.02,L,,9.1456,0.0016,0.018,149.0,,9.11,9.18,,C,,,,,,1.0,,,,,,,,,,,,,225265.0,,C-33 16834,P-33  6435,0.42,F0V,3,240.38461538461536,2.1554666531337148,7055.3597447423
H,383,,00 04 45.33,+00 03 23.4,8.82,,H,1.18887204,0.05649086,,4.08,3.47,4.68,1.33,0.69,1.2,1.43,0.7,0.13,0.3,-0.02,-0.54,0.04,-0.04,0.1,-0.28,0.15,0.02,0.0,-1.24,383,9.311,0.017,8.852,0.017,,0.433,0.022,T,0.5,0.02,L,,8.9174,0.0021,0.015,89.0,,8.89,8.94,,,,,,,,1.0,,,,,,,,,,S,,,225244.0,B-00 4616,,,0.56,F0,S,245.09803921568627,1.8733008154494009,6709.254841251118
H,384,,00 04 46.29,+01 32 13.0,8.18,,H,1.19286162,1.53694172,,5.84,-18.84,-19.35,0.98,0.6,1.2,1.57,0.81,0.24,0.04,-0.19,-0.05,-0.17,0.41,-0.06,-0.08,0.35,0.15,0.0,1.05,384,8.612,0.012,8.224,0.012,,0.376,0.015,G,0.44,0.02,H,,8.2711,0.0013,0.009,81.0,,8.25,8.29,,,,,,,,1.0,,,,,,,,,,S,,,225243.0,B+00 5084,,,0.44,A5,S,171.23287671232876,2.012064235561997,7010.676413362353
H,385,H,00 04 46.84,+38 10 25.8,9.39,,G,1.19515384,38.17382611,A,9.37,22.27,-64.96,2.52,2.63,2.81,2.13,2.35,0.08,0.11,0.05,0.35,-0.07,-0.03,-0.06,0.25,-0.04,0.24,0.0,0.16,385,10.401,0.036,9.506,0.026,*,0.735,0.015,G,0.78,0.01,H,*,9.4801,0.0021,0.017,114.0,*,9.45,9.51,,D,,,00048+3810,I,1.0,2.0,C,,A,AB,15.0,0.662,0.004,0.64,0.02,,,,,B+37 4930,,,0.78,G5,S,106.72358591248667,4.248697954438891,5484.699040831557
H,387,,00 04 49.95,+38 47 10.4,8.46,,H,1.20814095,38.78622411,,1.61,-3.01,-4.25,0.7,0.57,0.92,0.75,0.67,0.04,0.0,0.05,0.44,-0.05,-0.08,-0.04,0.35,0.06,0.21,0.0,-0.58,387,9.122,0.013,8.526,0.012,,0.556,0.016,T,0.63,0.01,L,,8.5858,0.0014,0.014,128.0,,8.56,8.61,,,,,,,,1.0,,,,,,,,,,,,,225259.0,B+37 4931,,,0.59,F2,S,621.1180124223602,-0.505870619840751,6145.345417921852
H,388,,00 04 50.46,+06 25 00.1,9.15,,H,1.21025761,6.41668139,,5.46,-9.52,-11.96,1.24,0.78,1.38,1.38,0.94,0.4,-0.32,-0.17,-0.25,0.05,0.23,0.06,0.03,0.02,0.47,0.0,0.33,388,9.599,0.022,9.182,0.023,,0.394,0.029,T,0.46,0.03,L,,9.2418,0.0016,0.014,76.0,,9.21,9.26,,C,,,,,,1.0,,,,,,,,,,,,,225262.0,B+05 5258,,,0.44,A3,S,183.15018315018312,2.835963213523687,6912.3538084142765
H,389,,00 04 50.81,-29 37 59.0,8.28,,G,1.21171086,-29.63304603,,5.65,21.46,2.9,1.02,0.59,1.16,1.43,0.76,-0.02,-0.13,0.03,-0.03,0.05,0.21,-0.06,-0.3,0.02,-0.37,0.0,-0.44,389,8.284,0.009,8.282,0.011,,0.002,0.01,G,0.02,0.01,H,,8.2934,0.0012,0.014,112.0,,8.27,8.32,,,,,,,,1.0,,,,,,,,,,S,,,225264.0,,C-30 19818,P-30  6850,0.02,A0IV,3,176.99115044247787,2.040242239097192,10100.358060473627
H,390,,00 04 50.82,+50 14 05.6,11.67,3.0,H,1.2117523,50.23487696,,4.86,-4.54,-2.23,1.5,1.66,2.61,1.69,1.67,-0.22,0.2,0.13,0.16,0.02,0.1,0.02,-0.02,0.11,-0.25,4.0,-0.4,390,,,,,,,,,,,T,,11.8133,0.0273,0.258,147.0,,11.32,11.96,9.16,P,1.0,A,,,,1.0,,,,,,,,,,,D,,,,,,0.79,F7,K,205.76131687242795,5.103181346311467,
H,391,H,00 04 50.87,+43 58 14.8,8.18,,G,1.21196013,43.97079063,A,6.95,-91.44,-29.53,1.37,1.22,1.91,1.63,1.22,0.0,0.19,0.11,-0.12,-0.08,-0.23,0.0,0.21,-0.14,-0.22,0.0,1.19,391,8.488,0.015,8.051,0.014,*,0.43,0.015,G,0.5,0.02,H,*,8.2768,0.0012,0.011,132.0,*,8.26,8.3,,D,,,00048+4358,I,1.0,2.0,C,,A,AB,346.0,1.84,0.003,0.75,0.01,S,,,225258.0,B+43 4624,,,0.5,G0,S,143.88489208633092,2.389924022950569,6724.417656800524
H,392,H,00 04 51.96,+30 05 09.4,7.93,,H,1.21651501,30.08593131,A,10.47,71.44,-33.54,1.44,0.92,1.53,1.91,0.93,-0.03,0.22,0.0,-0.18,0.13,0.27,0.13,-0.13,0.07,-0.08,1.0,-0.13,392,8.523,0.011,8.014,0.011,*,0.478,0.014,T,0.55,0.01,L,*,8.0328,0.0012,0.01,77.0,*,8.02,8.05,,D,,,00049+3005,I,1.0,2.0,C,,A,AB,49.0,0.79,0.006,1.64,0.02,S,,,225260.0,B+29 5057,,,0.49,F5,S,95.51098376313276,3.029733408394212,6490.379226503312
H,393,,00 04 52.39,+51 58 57.3,9.21,,H,1.21827175,51.98257157,,3.05,25.3,5.99,0.82,0.76,1.34,1.0,0.9,-0.32,0.2,0.01,0.04,-0.03,0.17,-0.04,0.1,-0.03,-0.25,0.0,1.04,393,10.429,0.026,9.31,0.016,,0.964,0.024,T,0.95,0.02,L,,9.3745,0.0024,0.027,186.0,,9.32,9.42,,,,,,,,1.0,,,,,,,,,,,,,236292.0,B+51 3776,,,1.09,K0,S,327.8688524590164,1.6314991967339303,4830.868968840553
H,394,,00 04 53.21,+34 39 34.4,6.09,,H,1.22172791,34.65955259,,27.18,769.11,100.49,3.42,2.4,4.3,3.5,2.45,0.05,0.26,0.03,-0.21,0.05,0.14,0.04,0.1,0.07,0.12,4.0,,394,6.87,0.004,6.176,0.004,,0.632,0.011,G,0.73,0.03,C,,6.2283,0.0006,0.005,94.0,,6.22,6.24,,C,,,,,,1.0,X,,,,,,,,,S,,,225239.0,B+33 4828,,,0.73,G2V,X,36.79175864606328,3.261247261982378,5845.009272413325
H,395,,00 04 53.32,-30 15 23.8,8.31,,H,1.22216274,-30.25661295,,3.15,17.66,3.82,0.91,0.57,1.1,1.18,0.76,0.02,-0.13,0.05,-0.2,0.05,0.35,0.02,-0.26,0.0,-0.14,3.0,0.45,395,8.35,0.008,8.299,0.01,,0.036,0.007,G,0.05,0.01,H,,8.3279,0.0016,0.014,104.0,,8.3,8.35,,C,,,,,,1.0,,,,,,,,,,S,,,225282.0,,C-30 19820,P-30  6852,0.05,A0IV/V,3,317.46031746031747,0.8015527689480031,9697.28894081955
H,396,,00 04 53.91,-31 59 47.8,7.83,,H,1.22460634,-31.99660262,,2.91,2.7,-20.85,0.85,0.54,0.97,0.96,0.71,0.06,0.03,0.0,-0.12,-0.04,0.15,-0.06,-0.2,0.11,-0.08,0.0,-1.11,396,9.466,0.016,7.973,0.009,,1.256,0.014,T,1.21,0.01,L,,7.9866,0.0016,0.016,128.0,,7.97,8.01,,,,,,,,1.0,,,,,,,,,,S,,,225283.0,,C-32 17805,P-32  6719,1.18,K2III,3,343.64261168384877,0.14946494492953732,4201.705303405522
H,397,,00 04 54.07,+52 14 56.2,8.72,1.0,H,1.22530082,52.2489413,,3.73,13.22,-3.38,0.64,0.63,1.1,0.76,0.64,-0.25,0.0,0.27,-0.01,0.05,0.06,0.03,-0.02,0.07,-0.18,0.0,-0.95,397,8.802,0.009,8.719,0.011,,0.082,0.013,T,0.09,0.01,L,,8.7515,0.0016,0.021,188.0,,8.72,8.79,,U,,,,,,1.0,,,,,,,,,,,,,225275.0,B+51 3778,,,0.07,A0,S,268.0965147453083,1.5785441590434388,9205.424470576712
H,398,H,00 04 54.97,+58 31 55.8,6.61,,H,1.2290269,58.53217392,A,2.13,9.06,-3.04,0.58,0.59,0.82,0.58,0.62,-0.15,0.16,0.23,0.14,-0.03,-0.11,0.0,0.0,0.16,-0.08,1.0,0.2,398,6.602,0.005,6.575,0.007,*,0.025,0.008,T,0.04,0.01,L,*,6.621,0.0008,0.008,135.0,*,6.61,6.64,,D,,,00049+5832,I,1.0,2.0,C,,A,AB,299.0,3.855,0.009,2.81,0.03,S,,,225257.0,B+57 2855,,,0.01,B3V,X,469.4835680751174,-1.748101982806312,9823.72782832937
H,399,,00 04 55.93,+26 38 55.7,6.25,1.0,H,1.23302998,26.64879958,,5.34,112.32,-14.52,0.61,0.45,0.77,0.71,0.47,0.16,0.2,0.1,0.08,0.05,-0.07,0.07,0.03,0.12,0.08,0.0,1.3,399,8.045,0.009,6.41,0.004,,1.368,0.008,T,1.34,0.01,L,,6.3941,0.001,0.01,90.0,,6.38,6.41,,M,,,00049+2639,I,1.0,1.0,,,,,,,,,,S,,,225276.0,B+25 5068,,,1.34,K4IIIb,S,187.26591760299627,-0.11229371485721806,4003.494546784606
H,400,,00 04 56.08,+23 16 10.7,7.82,,H,1.23366004,23.26964739,,39.06,382.15,-7.45,0.79,0.56,0.93,0.88,0.57,0.18,-0.07,-0.06,0.09,-0.07,0.09,-0.05,-0.08,0.06,0.23,0.0,-0.17,400,8.763,0.013,7.902,0.01,,0.755,0.013,T,0.8,0.01,L,,7.9628,0.0013,0.013,99.0,,7.95,7.99,,,,,,,,1.0,,,,,,,,,,S,,,225261.0,B+22 4950,,,0.81,G9V,X,25.601638504864308,5.778661194759179,5420.15213524512
H,401,,00 04 56.21,+56 03 25.1,8.66,,H,1.23422583,56.0569593,,3.49,-3.6,-3.83,0.75,0.79,1.2,1.03,0.9,-0.24,0.0,0.27,-0.18,0.32,0.32,0.24,-0.16,0.07,-0.18,0.0,1.76,401,10.744,0.039,8.798,0.014,,1.614,0.033,T,1.64,0.03,L,,8.7733,0.0016,0.019,149.0,,8.74,8.81,,C,,,,,,1.0,,,,,,,,,,,,,240493.0,B+55 3082,,,1.66,K5,S,286.5329512893983,1.3741271347958994,3629.722175334783
H,402,,00 04 56.39,+64 46 53.1,8.15,,H,1.23494365,64.78140759,,6.02,-8.63,5.09,0.62,0.61,0.81,0.78,0.65,-0.17,0.1,0.29,0.32,-0.08,-0.11,-0.02,0.13,0.18,-0.15,0.0,-1.29,402,8.705,0.01,8.2,0.01,,0.475,0.013,T,0.55,0.01,L,,8.2509,0.0013,0.014,125.0,,8.22,8.28,,C,,,,,,1.0,,,,,,,,,,,,,225273.0,B+63 2103,,,0.49,F5,S,166.11295681063123,2.047982456289123,6504.489755441917
H,403,,00 04 56.93,-18 10 42.6,8.97,,H,1.23720433,-18.17850304,,11.56,-14.7,-91.68,1.0,0.65,1.31,1.31,0.64,0.28,0.15,-0.02,0.02,0.04,0.02,0.0,-0.25,0.1,0.16,4.0,1.98,403,9.822,0.02,9.067,0.016,,0.674,0.019,T,0.73,0.02,L,,9.1099,0.0026,0.026,128.0,,9.06,9.15,,,,,,,,1.0,,,S,,,,,,,S,,,225280.0,B-18 6421,,,0.71,G3V,4,86.50519031141867,4.2847891704225525,5692.1283528279655
H,405,,00 04 57.48,+51 10 50.3,8.15,,H,1.23950992,51.18064908,,1.55,0.39,-2.3,0.61,0.63,1.04,0.74,0.65,-0.28,0.0,0.19,0.25,-0.03,0.11,-0.05,0.11,0.15,-0.25,0.0,-0.12,405,9.691,0.016,8.269,0.009,,1.201,0.014,T,1.16,0.01,L,,8.3105,0.0015,0.016,172.0,,8.28,8.34,,C,,,,,,1.0,,,,,,,,,,,,,236293.0,B+50 4233,,,1.2,K2,S,645.1612903225806,-0.8983415091485423,4306.765815571213
H,404,H,00 04 57.51,+45 40 26.2,7.47,,G,1.23961728,45.67395209,A,14.53,17.18,-65.33,0.76,0.76,1.21,0.71,0.76,0.24,0.25,0.3,-0.57,0.03,-0.25,0.21,0.34,0.16,0.09,2.0,0.45,404,8.024,0.01,7.407,0.009,*,0.55,0.015,G,0.62,0.01,H,*,7.5396,0.0008,0.01,205.0,*,7.52,7.56,,D,,,00050+4540,I,1.0,2.0,C,,A,AB,337.0,3.977,0.007,2.16,0.03,S,,,225291.0,B+44 4549,,,0.62,F8V,X,68.82312456985547,3.2813280714901074,6170.479670332324
H,406,,00 04 58.54,+26 43 30.9,8.63,2.0,H,1.24392487,26.72525618,,1.67,22.95,2.43,0.88,0.62,1.1,1.02,0.67,0.19,0.28,0.21,-0.02,0.09,-0.17,0.15,0.12,0.16,0.15,0.0,1.88,406,10.696,0.049,8.847,0.018,,1.57,0.043,T,2.15,0.1,O,,8.7057,0.0029,0.023,89.0,,8.66,8.75,,U,2.0,,,,,1.0,,,,,,,,,,,,,,B+25 5069,,,1.72,M0,S,598.8023952095809,-0.2564176442620827,3691.1685428724395
H,407,,00 04 58.63,-70 12 43.9,8.13,,G,1.24427458,-70.21220744,,22.09,52.32,-97.72,0.56,0.59,0.71,0.61,0.63,0.08,0.0,-0.18,-0.06,-0.03,0.11,-0.01,-0.08,-0.02,0.16,1.0,0.26,407,8.986,0.011,8.196,0.009,,0.71,0.015,G,0.76,0.01,H,,8.2684,0.0012,0.013,142.0,,8.25,8.29,,C,,,,,,1.0,,,,,,,,,,S,,,225299.0,,,P-70  3038,0.76,G5V,1,45.269352648257126,4.850978579357175,5567.728737397792
H,408,,00 04 58.81,+57 28 07.5,8.23,,H,1.24502692,57.46874679,,4.41,23.21,-3.47,0.65,0.68,1.1,0.77,0.76,-0.17,0.25,0.12,0.23,0.02,0.07,0.1,-0.04,0.34,-0.13,0.0,-0.04,408,9.46,0.016,8.312,0.01,,0.986,0.015,T,0.97,0.01,L,,8.3905,0.0015,0.018,140.0,,8.36,8.42,,,,,,,,1.0,,,,,,,,,,,,,225274.0,B+56 3141,,,1.01,G9III,X,226.75736961451244,1.452192947339194,4776.605012850675
H,409,,00 04 59.06,-70 29 32.7,8.41,,G,1.24608894,-70.49241628,,8.49,-0.59,-27.33,0.6,0.63,0.77,0.64,0.64,0.01,0.1,-0.19,-0.09,0.04,-0.03,0.04,-0.15,-0.03,0.09,1.0,1.13,409,8.909,0.011,8.451,0.011,,0.461,0.015,G,0.53,0.02,H,,8.5093,0.0013,0.013,133.0,,8.48,8.54,,,,,,,,1.0,,,,,,,,,,S,,,225300.0,,,P-71  2787,0.53,F5V,1,117.7856301531213,3.0545384512197646,6571.2265712965645
H,410,,00 05 01.13,+27 40 29.3,6.47,,H,1.25472644,27.67479979,,7.63,83.36,-6.57,0.67,0.43,0.76,0.79,0.47,0.02,0.13,-0.01,0.19,-0.04,-0.07,-0.03,0.0,0.15,-0.06,2.0,2.04,410,7.669,0.008,6.574,0.005,,0.946,0.007,T,0.94,0.01,L,,6.631,0.0007,0.007,87.0,,6.62,6.64,,C,,,,,,1.0,,,,,,,,,,S,,,225292.0,B+26 4744,,,0.95,G8II,X,131.06159895150722,0.8826226897744025,4876.24586270274
H,412,H,00 05 01.81,+66 31 00.4,8.64,,H,1.25755802,66.5167896,A,6.19,43.49,0.09,1.32,1.37,1.54,1.15,1.03,-0.01,0.07,0.29,0.01,0.03,0.07,0.02,0.07,0.21,0.02,3.0,0.97,412,9.23,0.014,8.735,0.013,A,1.3,0.495,G,0.59,0.02,L,*,8.7557,0.0022,0.018,132.0,*,8.73,8.8,,D,,,00050+6631,I,1.0,2.0,C,,A,AB,126.0,1.837,0.03,3.08,0.13,S,,,225271.0,B+65 1995,,,0.59,F5,S,161.55088852988692,2.5984532451005915,4121.437437632341
H,413,,00 05 02.48,-36 00 55.0,7.73,,G,1.26034142,-36.01527326,,19.78,210.16,62.72,0.68,0.49,0.87,0.79,0.57,0.17,0.11,0.07,-0.43,0.0,-0.05,0.06,-0.28,0.13,-0.06,0.0,-1.68,413,8.384,0.008,7.815,0.007,,0.537,0.005,G,0.61,0.01,H,,7.8562,0.0008,0.011,174.0,,7.84,7.89,,,,,,,,1.0,,,,,,,,,,S,,,225297.0,,C-36 16162,P-36  9835,0.61,G0V,3,50.55611729019211,4.211131436305804,6225.704592092701
H,414,,00 05 02.94,-59 49 41.2,8.64,,H,1.26224739,-59.82810463,,1.96,-1.51,-6.84,0.71,0.68,0.95,0.79,0.78,-0.09,-0.04,-0.11,-0.14,0.14,0.11,0.14,0.08,0.02,0.01,0.0,-2.08,414,9.756,0.018,8.736,0.013,,0.889,0.017,T,0.89,0.01,L,,8.7954,0.002,0.022,147.0,,8.75,8.84,,,,,,,,1.0,,,,,,,,,,,,,12.0,,,P-60  7716,0.9,G6III,1,510.2040816326531,0.10128035678238057,5026.088080191952
H,415,,00 05 03.31,+09 16 48.1,8.94,,H,1.26379805,9.28002796,,8.38,9.88,-27.69,1.06,0.73,1.24,1.16,0.88,0.36,0.06,-0.14,0.09,0.05,0.03,0.1,-0.05,0.06,0.57,0.0,1.91,415,9.44,0.02,9.0,0.02,,0.415,0.026,T,0.48,0.03,L,,9.0345,0.0017,0.015,81.0,,9.01,9.07,,C,,,,,,1.0,,,,,,,,,,S,,,225293.0,B+08 5168,,,0.49,F2,S,119.33174224343675,3.5562200931513823,6801.361162166721
H,416,,00 05 03.46,+01 02 16.2,8.84,,H,1.26440114,1.03782858,,8.73,108.93,-48.88,1.12,0.68,1.17,1.27,0.73,0.28,-0.04,0.01,-0.28,-0.11,0.16,-0.11,-0.23,0.09,0.15,0.0,0.62,416,9.735,0.021,8.89,0.017,,0.759,0.02,T,0.8,0.01,L,,8.9812,0.0022,0.015,92.0,,8.96,9.0,,C,,,,,,1.0,,,,,,,,,,,,,225294.0,B+00 5085,,,0.87,G5,S,114.54753722794959,3.5450712185278483,5407.436535533052
H,417,,00 05 03.80,-00 30 10.5,6.32,,H,1.26581912,-0.50290553,,6.95,44.86,-53.47,0.79,0.44,0.81,1.0,0.47,0.15,0.14,-0.03,-0.16,-0.01,0.26,0.0,-0.22,0.05,0.03,0.0,0.51,417,7.712,0.007,6.426,0.005,,1.099,0.001,G,0.91,0.03,E,,6.4798,0.0011,0.008,107.0,,6.47,6.49,,,,,,,,1.0,,,,,,,,,,S,,,6.0,B-01 4525,,,0.91,G9III:,S,143.88489208633092,0.5299240229505697,4516.958061619925
H,418,,00 05 06.13,+61 18 50.3,5.8,,H,1.27555231,61.31396468,,4.5,14.29,2.24,0.41,0.43,0.56,0.44,0.48,-0.24,0.15,0.12,0.23,-0.19,-0.09,-0.13,0.06,0.23,-0.24,0.0,0.57,418,5.704,0.003,5.783,0.003,,-0.067,0.004,T,-0.04,0.0,L,,5.7814,0.0005,0.006,132.0,,5.77,5.79,,,,,,,,1.0,,,,,,,,,,S,,,225289.0,B+60 2667,,,-0.05,B8MNp...,X,222.2222222222222,-0.9339374311232813,11046.098228246647
H,419,,00 05 06.89,-42 34 04.1,8.97,,H,1.27871117,-42.56781669,,5.12,-67.38,-21.1,0.97,0.75,1.34,1.22,1.04,0.02,-0.08,-0.11,0.15,-0.11,0.13,-0.17,-0.35,0.04,-0.12,3.0,2.47,419,10.07,0.018,9.073,0.013,,0.86,0.017,T,0.87,0.01,L,,9.1121,0.0019,0.023,184.0,,9.07,9.15,,,,,,,,1.0,,,S,,,,,,,,,,10.0,,C-43 15579,P-43  9811,0.82,G8/K0V,2,195.3125,2.5163498048791553,5106.136867078238
H,420,,00 05 07.60,-52 09 05.1,7.53,,H,1.28166779,-52.15142338,,23.9,-110.55,-130.74,0.44,0.53,0.85,0.59,0.69,-0.37,-0.05,-0.11,0.21,0.1,-0.07,0.08,0.07,0.09,-0.38,0.0,0.71,420,8.221,0.006,7.597,0.005,,0.577,0.006,T,0.65,0.01,L,,7.6563,0.0009,0.013,265.0,,7.64,7.68,,,,,,,,1.0,,,,,,,,,,S,,,23.0,,,P-52 12251,0.63,G0V,2,41.84100418410042,4.421989504740689,6059.083943683939
H,422,,00 05 08.82,+67 50 24.1,7.41,,H,1.28675856,67.84002075,,2.53,7.13,-7.08,0.49,0.55,0.69,0.54,0.54,-0.11,0.06,0.27,-0.09,-0.04,-0.01,-0.02,0.01,0.17,-0.14,0.0,0.18,422,9.096,0.013,7.563,0.007,,1.288,0.012,T,1.25,0.01,L,,7.5643,0.0012,0.012,144.0,,7.54,7.58,,C,,,,,,1.0,,,,,,,,,,,,,1.0,B+67 1599,,,1.23,K0,S,395.2569169960475,-0.5743973941209113,4143.009111390079
H,423,,00 05 09.26,+30 19 44.8,7.8,,G,1.28858787,30.32911509,A,5.43,-44.71,-34.32,2.14,1.25,1.9,2.64,1.32,0.04,0.45,0.04,-0.06,0.07,0.13,0.02,0.07,-0.04,-0.05,18.0,2.65,423,8.277,0.012,7.816,0.01,A,0.437,0.005,G,0.51,0.01,H,,7.8705,0.0055,0.038,86.0,A,7.85,7.99,,D,,,00052+3020,I,2.0,1.0,C,P,A,,,,,,,S,,,4.0,B+29 5059,,,0.51,F0,S,184.1620626151013,1.4739991479442347,6689.152681342666
H,425,,00 05 09.71,-62 50 43.0,8.14,,H,1.29047896,-62.84527102,,14.25,61.96,20.91,0.62,0.59,0.83,0.73,0.71,-0.18,-0.11,-0.2,-0.03,0.07,-0.01,0.1,0.15,-0.23,-0.22,1.0,-0.06,425,8.846,0.011,8.199,0.01,,0.593,0.011,T,0.66,0.01,L,,8.262,0.0014,0.016,138.0,,8.23,8.29,,C,,,,,,1.0,,,,,,,,,,S,,,24.0,,,P-63  4949,0.66,G0V,1,70.17543859649122,3.9090743217226462,5995.087567306274
H,424,,00 05 09.78,+45 13 44.7,6.71,,G,1.29075302,45.22907883,,6.66,-27.19,-20.38,0.4,0.42,0.75,0.43,0.46,0.02,0.14,0.05,-0.19,0.08,-0.24,0.1,0.29,0.11,0.0,1.0,1.08,424,6.765,0.003,6.695,0.004,,0.068,0.015,G,0.06,0.0,L,,6.7214,0.0007,0.008,183.0,,6.71,6.74,,D,,,00052+4514,I,2.0,1.0,,,,,,,,,,S,,,3.0,B+44 4550,,,0.06,A1Vn,X,150.15015015015015,0.8273711458515054,9349.174503369091
H,427,,00 05 09.95,-43 51 03.0,8.73,,H,1.29143885,-43.85083352,,1.42,45.23,1.19,0.78,0.67,1.2,0.86,0.94,-0.05,0.01,-0.18,0.01,-0.09,0.23,-0.03,-0.28,0.05,0.05,1.0,1.21,427,10.156,0.02,8.832,0.012,,1.124,0.018,T,1.09,0.02,L,,8.9004,0.0019,0.02,165.0,,8.87,8.93,,,,,,,,1.0,,,,,,,,,,,,,22.0,,C-44 15446,P-44 10402,1.06,K1III,2,704.2253521126761,-0.5085582780847169,4463.469356535613
H,426,,00 05 10.02,+30 19 52.7,9.37,,H,1.29174694,30.33130736,B,6.64,-47.21,-37.27,10.81,6.85,8.01,8.89,5.18,0.09,0.41,0.1,-0.06,0.1,0.19,0.06,0.1,0.0,0.03,18.0,2.65,426,9.835,0.025,9.387,0.026,B,0.51,0.02,G,0.44,0.09,L,,9.5468,0.0213,,,B,,,,D,,,00052+3020,I,2.0,1.0,C,I,A,,,,,,,,,,,,,,0.44,F0,S,150.60240963855424,3.4808403968400867,6343.880598874681
H,429,,00 05 10.16,+02 23 50.3,8.69,,H,1.29232665,2.39731072,,11.12,41.95,-42.19,1.05,0.75,1.22,1.27,0.89,0.41,-0.01,-0.12,-0.1,-0.15,0.1,-0.14,-0.18,0.2,0.31,0.0,2.58,429,9.444,0.018,8.746,0.015,,0.644,0.019,T,0.71,0.02,L,,8.8273,0.002,0.023,88.0,,8.79,8.87,,C,,,,,,1.0,,,,,,,,,,,,,5.0,B+01 4825,,,0.66,G5,S,89.92805755395685,3.9205239362301922,5800.437593085512
H,428,,00 05 10.16,+45 47 13.0,9.95,,G,1.29233645,45.78693438,,86.98,869.68,-151.13,0.83,0.8,1.41,0.88,0.88,0.06,0.18,0.13,-0.3,0.09,-0.21,0.12,0.3,0.12,0.05,0.0,0.16,428,11.771,0.08,10.131,0.03,,1.472,0.019,G,1.91,0.11,I,,9.9952,0.0021,0.03,206.0,,9.94,10.05,,C,,,,,,1.0,,,,,,,,,,,G,G,,B+44 4548,,,1.91,M2,S,11.496895838123706,9.647097016646585,3836.1135269513197
H,430,,00 05 10.31,-32 28 06.6,7.1,,H,1.29294285,-32.46851165,,6.27,-62.32,-65.92,0.67,0.48,0.87,0.76,0.68,0.14,-0.12,-0.09,-0.34,-0.05,0.17,-0.05,-0.23,0.21,0.15,1.0,-1.7,430,8.547,0.009,7.218,0.005,,1.128,0.008,T,1.09,0.01,L,,7.27,0.001,0.011,146.0,,7.25,7.29,,,,,,,,1.0,,,,,,,,,,S,,,21.0,,C-33 16836,P-33  6437,1.06,K1III,3,159.4896331738437,1.086337704153582,4455.034400111444
H,431,,00 05 12.48,+36 18 13.3,8.09,,G,1.30198518,36.30368114,,2.45,30.18,-4.15,0.69,0.54,0.9,0.77,0.64,0.09,0.26,-0.05,0.0,0.0,-0.15,-0.01,0.24,0.05,0.16,0.0,1.62,431,8.658,0.011,8.145,0.011,,0.496,0.015,G,0.57,0.02,H,,8.2012,0.0014,0.01,96.0,,8.18,8.22,,C,,,,,,1.0,,,,,,,,,,S,,,16.0,B+35 5164,,,0.57,F5,S,408.1632653061224,0.03583042182266105,6407.085991242047
H,432,,00 05 13.00,+35 34 16.0,6.88,,H,1.30417878,35.57110311,,10.35,2.96,-37.47,0.66,0.46,0.81,0.99,0.56,0.02,-0.06,-0.07,-0.21,-0.02,0.24,0.08,0.32,-0.12,-0.19,0.0,-1.1,432,7.085,0.005,6.903,0.006,,0.174,0.007,T,0.19,0.01,L,,6.9403,0.0007,0.006,101.0,,6.93,6.95,,C,,,,,,1.0,,,,,,,,,,S,,,17.0,B+34 5061,,,0.15,A2,S,96.61835748792271,1.9547017489646832,8369.84300771283
H,434,,00 05 15.24,-27 16 17.8,9.04,,G,1.31348863,-27.27160831,,1.4,130.26,-41.05,1.14,0.75,1.32,1.68,0.87,0.05,0.04,-0.14,0.21,-0.14,0.19,-0.24,-0.34,0.14,-0.24,2.0,-0.38,434,9.767,0.021,9.129,0.019,,0.692,0.001,G,0.75,0.0,H,,9.1658,0.002,0.019,107.0,,9.13,9.2,,,,,,,,1.0,,,,,,,,,,,,,20.0,,C-27 16538,P-27  7607,0.75,F2V,3,714.2857142857143,-0.22935982160881174,5629.193860258677
H,435,,00 05 15.26,-49 08 32.0,9.3,,H,1.31357538,-49.14221463,,10.28,47.02,30.07,0.81,0.91,1.33,0.87,1.19,-0.27,-0.01,0.01,-0.26,0.0,0.12,-0.02,0.05,0.12,-0.23,0.0,0.92,435,9.84,0.014,9.362,0.014,,0.538,0.005,G,0.61,0.01,H,,9.4164,0.0022,0.03,198.0,,9.38,9.47,,,,,,,,1.0,,,,,,,,,,,,,34.0,,C-49 14334,P-49 11855,0.61,F3/F5V,2,97.27626459143968,4.359965573296286,6221.418717992989
H,436,,00 05 17.87,-67 49 52.4,8.49,,G,1.32445343,-67.8312267,,62.48,-117.19,-560.77,0.63,0.68,0.82,0.76,0.7,-0.05,-0.06,-0.12,-0.07,-0.07,0.04,-0.05,-0.19,-0.04,-0.02,0.0,-2.43,436,9.869,0.02,8.6,0.012,,1.076,0.018,G,1.2,0.02,A,,8.6045,0.0012,0.018,145.0,,8.57,8.64,,,,,,,,1.0,,,,,,,,,,,,,55.0,,C-68  2378,P-68  3597,1.2,K5V,X,16.005121638924457,7.46870510434622,4567.37286638686
H,437,,00 05 17.88,+48 28 37.9,8.3,,H,1.32451324,48.47719511,,3.18,-6.25,-9.73,0.63,0.62,1.04,0.73,0.69,0.08,0.19,0.26,0.0,0.2,-0.04,0.22,0.26,0.1,0.07,0.0,-1.13,437,9.542,0.016,8.379,0.011,,0.998,0.015,T,0.98,0.01,L,,8.4654,0.0012,0.015,140.0,,8.44,8.5,,C,,,,,,1.0,,,,,,,,,,S,,,15.0,B+47 4377,,,0.98,G5,S,314.4654088050314,0.8121355999221649,4747.545240656517
H,438,,00 05 18.45,-01 47 38.8,7.95,,H,1.32686621,-1.79412136,,2.21,54.07,14.92,1.06,0.55,1.04,1.47,0.57,0.11,0.1,-0.12,0.01,-0.01,0.19,0.01,-0.26,0.2,0.07,0.0,0.32,438,9.21,0.015,8.056,0.01,,0.991,0.014,T,0.97,0.01,L,,8.115,0.0013,0.012,91.0,,8.09,8.13,,,,,,,,1.0,,,,,,,,,,S,,,27.0,B-02 6091,,,0.98,G5,S,452.4886877828054,-0.32803863157444635,4764.451255939726
H,440,,00 05 19.86,+68 53 03.9,7.08,,H,1.33276937,68.8844091,,5.31,37.01,9.92,0.44,0.52,0.63,0.52,0.49,-0.06,0.07,0.32,0.14,-0.03,-0.12,0.01,0.05,0.04,-0.08,0.0,0.89,440,7.068,0.005,7.08,0.005,,-0.006,0.006,T,0.01,0.01,L,,7.0837,0.001,0.01,129.0,,7.07,7.1,,,,,,,,1.0,,,,,,,,,,S,,,14.0,B+68 1426,,,0.01,B9,S,188.32391713747649,0.705472605407345,10200.701560731035
H,441,,00 05 19.91,-38 51 26.0,6.93,,H,1.33296709,-38.85723115,,4.29,73.31,32.46,0.65,0.49,0.83,0.79,0.66,0.1,-0.02,0.14,-0.3,0.06,0.23,0.05,-0.16,0.04,0.05,3.0,0.37,441,8.127,0.007,7.04,0.005,,0.94,0.007,T,0.93,0.01,L,,7.0931,0.001,0.009,131.0,,7.08,7.11,,C,,,,,,1.0,,,,,,,,,,S,,,32.0,,C-39 15250,P-39  9316,0.94,G8III/IV,3,233.10023310023308,0.0922864609236207,4891.572509518791
H,442,,00 05 20.03,-21 18 55.1,8.38,,H,1.33346262,-21.31530277,,4.33,-19.41,-14.59,1.05,0.6,1.15,1.65,0.58,-0.02,0.06,-0.02,-0.29,0.2,0.15,0.14,-0.42,0.15,-0.27,0.0,2.14,442,8.307,0.008,8.372,0.011,,-0.06,0.002,G,-0.04,0.0,H,,8.3696,0.0013,0.016,126.0,,8.34,8.4,,,,,,,,1.0,,,,,,,,,,S,,,31.0,B-22 6257,C-22 16566,P-22  8431,-0.04,B9V,4,230.94688221709006,1.5624394817668286,10941.168527683778
H,443,,00 05 20.15,-05 42 28.2,4.61,,G,1.33394073,-5.70783255,+,25.38,-8.29,88.19,1.26,0.73,1.05,1.64,0.52,-0.13,0.07,-0.37,-0.08,-0.14,0.39,0.0,-0.26,0.22,0.01,0.0,1.45,443,5.958,0.003,4.738,0.002,,1.029,0.037,G,1.04,0.02,A,,4.7803,0.0005,0.005,91.0,,4.77,4.79,,,,,,,,1.0,O,,,,,,,,,S,,,28.0,B-06 6357,,,1.04,K1III,X,39.40110323089046,1.6324580887934306,4674.17173297854
H,439,,00 05 20.29,-37 21 06.1,8.56,,G,1.33455564,-37.3516811,,229.33,5634.07,-2337.94,0.83,0.68,1.08,0.96,0.79,0.24,-0.01,0.01,-0.15,-0.05,0.02,-0.07,-0.27,-0.15,0.06,0.0,-0.39,439,10.374,0.03,8.74,0.014,,1.462,0.026,G,2.13,0.01,A,,8.6181,0.0016,0.02,139.0,,8.58,8.65,,C,,,,,,1.0,,,,,,,,,,,,,225213.0,,C-37 15492,P-37  9435,2.13,M2V,3,4.360528496053721,10.362304355250892,3851.572659250608
H,444,,00 05 20.78,-59 48 52.2,8.78,,H,1.33660254,-59.81448691,,1.29,44.28,-7.08,0.79,0.77,1.02,0.85,0.92,-0.17,-0.06,-0.2,-0.23,0.11,0.06,0.09,0.22,-0.18,-0.07,0.0,-1.97,444,10.276,0.026,8.911,0.014,,1.156,0.023,T,1.12,0.02,L,,8.9482,0.0021,0.023,138.0,,8.91,9.0,,,,,,,,1.0,,,,,,,,,,,,,54.0,,,P-60  7717,1.17,K2III,1,775.1937984496124,-0.6670514485037558,4396.914042075454
H,445,,00 05 21.63,-56 57 20.2,7.42,,H,1.34012165,-56.95562054,,9.55,33.77,-11.65,0.52,0.52,0.76,0.64,0.66,-0.11,0.08,-0.19,0.01,0.0,0.0,0.02,-0.07,0.07,0.05,0.0,-0.41,445,7.643,0.006,7.436,0.006,,0.191,0.008,T,0.21,0.01,L,,7.4839,0.0013,0.014,165.0,,7.46,7.51,,,,,,,,1.0,,,,,,,,,,S,,,53.0,,,P-57 10426,0.2,A1Vs,1,104.71204188481674,2.3200168579187324,8233.319579563858
H,447,,00 05 22.06,+08 47 16.6,8.26,,H,1.3419003,8.7879537,,1.69,259.85,-59.32,1.07,0.71,1.27,1.08,0.93,0.34,0.41,-0.09,0.0,0.21,-0.06,0.23,0.16,0.15,0.64,0.0,2.52,447,9.531,0.018,8.332,0.012,,1.052,0.015,G,1.11,0.02,I,,8.3958,0.0015,0.014,83.0,,8.37,8.42,,C,,,,,,1.0,,,,,,,,,,S,,,26.0,B+07 5128,,,1.11,G4V:p,X,591.7159763313609,-0.6005664769316326,4621.258665534203
H,446,,00 05 22.15,-79 15 14.1,7.71,,H,1.3422976,-79.25391278,,5.05,23.81,66.32,0.54,0.55,0.64,0.59,0.56,0.03,-0.12,-0.1,0.12,-0.03,-0.09,-0.03,-0.06,0.01,0.08,0.0,-0.97,446,9.135,0.012,7.851,0.007,,1.093,0.011,T,1.05,0.01,L,,7.8761,0.0012,0.013,140.0,,7.85,7.9,,C,,,,,,1.0,,,,,,,,,,S,,,69.0,,,P-79  1249,1.03,K0III,1,198.01980198019803,1.2264568905933073,4529.9965860761895
H,448,,00 05 22.25,+03 36 22.0,6.91,,H,1.34271288,3.60610712,,6.75,-20.57,-6.31,0.98,0.53,1.03,1.05,0.6,0.13,0.15,-0.12,-0.19,0.09,0.24,0.14,-0.14,0.27,0.35,0.0,0.11,448,8.342,0.011,7.023,0.006,,1.12,0.01,T,1.08,0.01,L,,7.0756,0.0012,0.009,70.0,,7.06,7.09,,C,,,,,,1.0,,,,,,,,,,S,,,43.0,B+02 4752,,,1.05,G5,S,148.14814814814815,1.0565188641551249,4471.937939664698
H,449,,00 05 22.74,-33 29 57.9,9.16,,H,1.34473977,-33.49941419,,9.89,28.76,21.23,0.89,0.64,1.18,1.02,0.83,-0.01,-0.11,-0.05,-0.28,0.07,0.15,0.08,-0.1,0.15,-0.07,0.0,-0.03,449,10.083,0.021,9.207,0.016,,0.782,0.02,T,0.82,0.01,L,,9.3116,0.0019,0.019,141.0,,9.27,9.35,,C,,,,,,1.0,,,,,,,,,,,,,52.0,,C-34 16293,P-34  9336,0.75,G8IV,3,101.11223458038423,4.135981457985897,5335.5374473987595
H,450,,00 05 23.99,+28 32 37.5,8.99,,H,1.34994786,28.54375172,,3.3,-3.74,-11.46,1.07,0.66,1.34,0.95,0.71,0.09,0.53,0.01,0.19,-0.04,0.05,0.01,-0.04,0.1,0.09,0.0,-1.85,450,10.529,0.04,9.109,0.02,,1.199,0.035,T,1.16,0.03,L,,9.1522,0.0026,0.016,98.0,,9.13,9.18,,C,,,,,,1.0,,,,,,,,,,,,,,B+27 4673,,,1.68,K7,S,303.03030303030306,1.5825696993894383,4310.690075604885
H,451,,00 05 24.28,+16 19 44.7,8.63,,H,1.35116229,16.32907717,,4.55,33.98,-29.12,0.86,0.55,0.99,1.05,0.67,0.27,0.04,0.06,-0.03,0.15,0.04,0.12,0.14,0.0,0.41,0.0,0.04,451,9.164,0.014,8.675,0.013,,0.46,0.017,T,0.53,0.02,L,,8.7366,0.0022,0.016,103.0,,8.71,8.76,,,,,00054+1620,I,1.0,1.0,,,,,,,,,,,,,42.0,B+15 4935,,,0.55,G0,S,219.78021978021977,1.920056983285563,6576.0502725368815
H,452,,00 05 25.36,+21 34 09.8,9.9,,H,1.35565957,21.56940242,,2.61,37.44,-0.91,1.2,0.77,1.46,1.33,0.87,0.21,0.06,-0.06,-0.15,0.02,0.1,0.02,0.04,0.06,0.27,5.0,1.34,452,10.692,0.044,10.047,0.041,,0.599,0.052,T,0.67,0.05,L,,10.0333,0.0026,0.025,102.0,,9.99,10.08,,,,,,,,1.0,,,,,,,,,,,,,,B+20 5427,,,0.66,F8,S,383.1417624521073,1.9832025366914046,5971.461669160834
H,453,,00 05 25.47,-03 51 05.7,7.59,,H,1.35611944,-3.85159559,,4.65,-5.85,-31.99,1.05,0.49,0.92,1.22,0.55,0.07,0.02,-0.16,-0.54,0.03,0.2,0.05,-0.25,0.22,0.14,0.0,0.39,453,8.926,0.014,7.703,0.009,,1.045,0.013,T,1.02,0.01,L,,7.7528,0.0011,0.009,101.0,,7.74,7.77,,C,,,,,,1.0,,,,,,,,,,S,,,46.0,B-04 6019,,,1.01,K0,S,215.0537634408602,0.9272647644497702,4637.22859096697
H,454,,00 05 26.41,-14 25 19.5,7.39,,H,1.36004465,-14.42209198,,4.76,13.71,-41.06,0.77,0.53,0.99,1.06,0.54,0.29,-0.01,-0.06,-0.13,-0.01,0.34,-0.04,-0.34,0.09,0.23,2.0,-0.42,454,8.644,0.011,7.491,0.007,,0.99,0.01,T,0.97,0.01,L,,7.5557,0.0011,0.012,129.0,,7.53,7.57,,,,,,,,1.0,,,,,,,,,,S,,,48.0,B-15 6539,,,0.94,K0III,4,210.08403361344537,0.7780347636024656,4766.876781934012
H,455,,00 05 27.54,+76 17 29.6,11.99,,H,1.36474708,76.29156292,B,6.35,-10.4,1.81,23.67,22.17,13.02,15.19,13.94,-0.05,-0.03,0.14,0.11,0.01,-0.02,0.02,-0.04,0.1,-0.04,2.0,0.21,455,,,,,,,,,,,T,,12.1528,0.0831,,,B,,,,D,,,00055+7617,I,2.0,1.0,C,I,D,,,,,,,,,D,,,,,0.73,,,157.48031496062993,6.003868626459878,
H,456,,00 05 27.70,-37 18 09.1,7.78,,H,1.36543236,-37.30254152,,4.79,47.03,2.14,0.8,0.51,0.99,0.93,0.63,0.12,0.17,0.09,-0.47,-0.02,-0.15,0.03,-0.3,0.01,-0.09,0.0,-0.37,456,9.22,0.011,7.897,0.007,,1.123,0.01,T,1.09,0.01,L,,7.9465,0.0013,0.011,145.0,,7.93,7.97,,C,,,,,,1.0,,,,,,,,,,S,,,65.0,,C-37 15500,,1.08,K0III,3,208.76826722338205,1.1816775670728168,4465.583341670682
H,457,,00 05 28.03,-42 53 14.6,7.47,2.0,H,1.36678819,-42.88738421,,2.01,-12.75,-1.29,0.66,0.52,0.96,0.81,0.73,-0.06,-0.06,-0.1,0.17,-0.08,0.11,-0.1,-0.33,0.18,-0.07,1.0,0.23,457,9.508,0.013,7.713,0.006,,1.62,0.015,G,2.53,0.05,F,,7.4864,0.0115,0.111,174.0,,7.31,7.63,,U,2.0,C,,,,1.0,,,S,,,,,,,S,,P,66.0,,C-43 15584,P-43  9813,2.53,M3III,X,497.51243781094536,-1.0140197128975563,3621.5070533815237
H,458,,00 05 28.23,-07 39 55.2,6.97,,H,1.36762563,-7.66532823,,3.07,20.67,-37.87,0.79,0.54,0.93,1.0,0.55,0.36,-0.15,-0.15,-0.17,-0.08,0.21,-0.12,-0.36,0.27,0.34,0.0,1.5,458,8.855,0.012,7.124,0.006,,1.444,0.011,T,1.44,0.02,L,,7.1053,0.0011,0.011,101.0,,7.09,7.12,,,,,,,,1.0,,,,,,,,,,S,,,62.0,B-08 6242,,,1.35,K5,S,325.73289902280135,-0.594308122614069,3879.728362204643
H,459,,00 05 28.35,-61 13 32.4,8.82,,H,1.36813317,-61.22566452,,18.57,82.34,-77.7,0.71,0.71,0.95,0.75,0.82,-0.17,0.11,-0.19,0.12,0.09,0.01,0.08,0.18,-0.2,-0.09,0.0,1.09,459,9.641,0.016,8.897,0.014,,0.666,0.016,T,0.73,0.01,L,,8.9574,0.0023,0.023,146.0,,8.92,8.99,,,,,,,,1.0,,,,,,,,,,S,,,67.0,,,P-61  6795,0.77,G5V,1,53.850296176628966,5.1640595186989025,5720.585402490921
H,460,,00 05 28.74,+22 13 28.8,9.13,,H,1.36976446,22.22467477,,22.2,169.54,-75.17,0.9,0.63,1.14,0.93,0.68,0.21,0.05,-0.13,0.0,0.05,-0.1,0.04,0.02,0.04,0.33,0.0,0.48,460,10.067,0.026,9.232,0.02,,0.735,0.025,T,0.78,0.02,L,,9.2698,0.0015,0.018,100.0,,9.24,9.3,,,,,,,,1.0,,,,,,,,,,,,,40.0,B+21 5026,,,0.79,G5,S,45.04504504504505,5.861764872253194,5484.699040831557
H,461,H,00 05 29.06,+34 06 20.4,7.86,,H,1.37106856,34.10565584,*,11.04,-14.88,26.52,0.75,0.51,0.91,0.87,0.56,0.07,0.1,0.0,-0.06,0.02,-0.04,0.0,0.21,0.0,0.15,0.0,-1.13,461,8.439,0.011,7.913,0.01,*,0.494,0.014,T,0.57,0.01,L,*,7.9647,0.0014,0.011,109.0,*,7.95,7.98,,C,,,00055+3406,I,1.0,2.0,C,S,A,AB,310.0,0.152,0.022,1.56,0.52,S,,,39.0,B+33 4832,,,0.58,F8,S,90.57971014492755,3.074845366965901,6416.2266051943725
H,462,,00 05 31.11,-09 37 02.3,7.13,,H,1.37961808,-9.61729691,,19.81,92.83,-71.33,0.79,0.52,0.94,0.99,0.53,0.43,-0.25,-0.24,-0.27,-0.18,0.25,-0.2,-0.45,0.2,0.38,0.0,0.34,462,7.664,0.006,7.19,0.006,,0.446,0.008,T,0.52,0.01,L,,7.2311,0.0009,0.01,133.0,,7.22,7.25,,,,,,,,1.0,,,,,,,,,,S,,,63.0,B-10 6227,,,0.5,F5,S,50.47955577990914,3.614422377692735,6644.396553608211
H,464,,00 05 32.13,-31 58 03.5,12.04,,G,1.38388036,-31.96763926,,0.75,-21.68,-81.45,18.89,12.52,22.3,21.73,18.99,0.08,0.02,-0.16,-0.24,-0.04,0.15,0.0,-0.25,0.22,0.09,0.0,,464,,,,,,0.501,0.015,G,0.57,0.02,H,,12.4598,0.0077,0.063,103.0,,12.31,12.56,,,,,,,,1.0,X,,,,,,,,,,G,G,,,C-32 17809,,0.57,A0,S,1333.3333333333333,1.4153063169584996,6384.357040814874
H,465,,00 05 33.82,+76 17 09.0,8.78,,H,1.39092668,76.28582649,A,3.94,10.5,-3.56,1.64,1.6,1.45,1.7,1.57,-0.07,-0.02,0.09,0.03,-0.05,0.0,-0.05,-0.02,0.05,-0.09,2.0,0.21,465,10.875,0.042,8.926,0.015,A,1.249,0.243,G,1.61,0.07,B,,8.8982,0.0063,0.022,115.0,A,8.86,8.93,,R,,,00055+7617,I,2.0,1.0,C,P,D,,,,,,,,,D,,B+75  907,,,1.21,K2,S,253.80710659898475,1.7574811091278697,4214.777861916206
H,466,,00 05 34.91,+53 10 18.1,7.23,,H,1.395476,53.17169568,,3.52,16.36,-0.82,0.45,0.51,0.83,0.67,0.57,-0.41,0.09,0.12,0.1,0.02,-0.02,0.03,-0.01,0.11,-0.3,0.0,-0.59,466,8.749,0.007,7.361,0.004,,1.174,0.006,T,1.14,0.01,L,,7.3999,0.0009,0.013,222.0,,7.38,7.42,,,,,,,,1.0,,,,,,,,,,S,,,58.0,B+52 3598,,,1.13,K0,S,284.0909090909091,-0.03728668260934498,4360.383667073057
H,467,,00 05 35.14,-47 34 09.5,9.73,,H,1.39643718,-47.5693186,,6.89,75.27,-13.52,1.25,0.89,1.46,1.57,1.4,-0.07,-0.23,-0.14,0.0,-0.03,-0.04,-0.04,-0.03,-0.02,-0.05,0.0,-0.48,467,10.611,0.031,9.789,0.025,,0.725,0.03,T,0.78,0.02,L,,9.8664,0.0029,0.027,117.0,,9.79,9.91,,C,,,,,,1.0,,,,,,,,,,,,,78.0,,C-48 14688,P-48 11011,0.76,G5V,2,145.13788098693757,3.92109610953813,5517.591829378902
H,468,,00 05 35.75,-61 18 35.6,7.36,,H,1.39896188,-61.30989474,,4.25,4.88,9.09,0.5,0.56,0.72,0.54,0.63,-0.12,0.09,-0.21,0.06,0.13,0.0,0.1,0.23,-0.16,0.03,0.0,0.05,468,8.638,0.01,7.481,0.006,,0.993,0.009,T,0.97,0.01,L,,7.5228,0.0009,0.012,153.0,,7.5,7.54,,,,,,,,1.0,,,,,,,,,,S,,,80.0,,,P-62  6468,0.97,K0III,1,235.2941176470588,0.5019446502515583,4759.60801139827
H,469,,00 05 36.25,-51 15 37.6,7.36,,H,1.40103106,-51.26045604,,2.3,12.06,-14.52,0.54,0.55,0.82,0.6,0.63,-0.11,-0.1,-0.12,0.11,0.19,-0.05,0.2,0.26,-0.06,-0.15,0.0,-1.39,469,9.243,0.011,7.512,0.005,,1.444,0.01,T,1.44,0.02,L,,7.4924,0.0012,0.014,176.0,,7.47,7.52,,,,,,,,1.0,,,,,,,,,,S,,,79.0,,C-51 13763,P-51 12075,1.38,K3/K4III,2,434.78260869565224,-0.8313608199120361,3879.728362204643
H,470,,00 05 36.95,+43 24 05.2,8.47,2.0,G,1.40397116,43.40143611,,0.47,12.18,-6.32,0.66,0.55,0.94,0.8,0.61,-0.03,0.03,0.21,0.21,-0.05,-0.11,-0.01,0.43,0.09,-0.11,0.0,0.55,470,8.207,0.008,8.43,0.011,,-0.18,0.015,G,-0.19,0.02,H,,8.4066,0.004,0.037,137.0,,8.34,8.44,,U,2.0,,,,,1.0,,,,,,,,,,,,P,73.0,B+42 4831,,,-0.19,B1.5IV,X,2127.659574468085,-3.1695107103214113,13121.153930884579
H,471,,00 05 38.86,-58 17 22.3,9.37,,H,1.41191024,-58.28951949,,2.52,-2.67,-8.5,0.76,0.83,1.1,0.91,1.05,-0.03,0.02,-0.13,-0.12,0.03,-0.06,0.02,-0.08,0.03,0.02,0.0,0.8,471,11.449,0.063,9.6,0.021,,1.537,0.053,T,1.59,0.12,L,,9.483,0.0027,0.026,153.0,,9.44,9.54,,,,,,,,1.0,,,,,,,,,,,,,,,,P-58  8130,1.58,K5,S,396.8253968253968,1.3770027039077206,3738.6898832558986
H,472,,00 05 39.72,+55 42 35.6,6.99,,H,1.41549758,55.7099023,,4.25,8.82,-1.82,0.48,0.53,0.78,0.63,0.68,-0.34,0.04,0.14,-0.26,0.21,0.27,0.18,-0.22,0.03,-0.29,1.0,-0.45,472,8.522,0.009,7.117,0.006,,1.187,0.008,T,1.15,0.01,L,,7.1505,0.0009,0.009,146.0,,7.13,7.17,,C,,,,,,1.0,,,,,,,,,,S,,,71.0,B+54 3109,,,1.16,K0III,X,235.2941176470588,0.13194465025155822,4334.393977085326
H,473,H,00 05 40.28,+45 48 44.8,8.2,,H,1.41782275,45.81245496,A,85.1,878.73,-153.87,2.51,2.47,2.74,1.65,1.65,-0.05,0.11,0.09,-0.6,0.27,-0.17,0.24,0.18,0.01,0.01,7.0,3.04,473,9.954,0.032,8.299,0.013,*,1.41,0.014,G,1.7,0.04,I,*,8.2899,0.0018,0.027,201.0,*,8.26,8.4,,D,,,00057+4548,I,1.0,2.0,C,,A,AB,178.0,6.041,0.004,0.06,0.01,,,P,38.0,B+45 4408,,,1.7,K2,S,11.750881316098708,7.849647800422939,3934.098141087187
H,474,,00 05 40.85,+44 28 07.3,8.36,,G,1.42019898,44.46868671,,7.0,-1.44,-4.46,0.69,0.58,1.01,0.68,0.63,-0.14,0.22,0.09,0.27,-0.13,-0.01,-0.11,0.43,0.03,-0.2,0.0,-0.42,474,8.655,0.009,8.403,0.01,,0.247,0.002,G,0.28,0.0,H,,8.4357,0.0014,0.014,142.0,,8.41,8.46,,C,,,,,,1.0,,,,,,,,,,,,,72.0,B+43 4627,,,0.28,A0,S,142.85714285714286,2.585490200071283,7816.22725240447
H,475,,00 05 41.60,+58 18 49.2,8.22,,H,1.42333268,58.31365552,,21.03,65.98,-162.94,0.72,0.68,1.06,0.86,0.79,-0.12,0.26,0.24,0.22,-0.1,-0.1,-0.02,0.09,0.16,-0.12,0.0,-0.89,475,8.964,0.012,8.288,0.011,,0.636,0.015,G,0.7,0.01,H,,8.3515,0.0016,0.015,119.0,,8.33,8.38,,,,,,,,1.0,,,,,,,,,,,,,70.0,B+57 2860,,,0.7,G0,S,47.551117451260104,4.834196363431607,5830.070651083036
H,476,,00 05 41.94,+13 23 46.6,5.55,,H,1.42473238,13.39628227,,8.75,42.59,-6.51,0.62,0.45,0.8,0.68,0.54,0.51,-0.19,-0.11,-0.07,-0.06,0.07,-0.07,-0.07,0.12,0.63,0.0,-1.72,476,6.68,0.003,5.646,0.002,,0.901,0.001,G,0.87,0.03,E,,5.7076,0.0004,0.005,147.0,,5.7,5.72,,C,,,,,,1.0,,,,,,,,,,S,,,87.0,B+12 5063,,,0.87,G5III,S,114.28571428571428,0.2600402651115665,4993.736746172879
H,477,,00 05 42.94,-29 57 38.3,9.91,,G,1.42893454,-29.9606343,,5.59,22.96,-0.2,1.47,0.9,1.7,2.19,1.26,0.07,-0.07,0.05,0.29,0.01,0.2,-0.14,-0.23,0.04,-0.19,0.0,1.13,477,10.306,0.031,10.016,0.035,,0.353,0.067,G,0.41,0.07,H,,10.003,0.0033,0.03,100.0,,9.93,10.05,,,,,,,,1.0,,,,,,,,,,,,,91.0,,C-30 19834,P-30  6856,0.41,A9/F0V,3,178.89087656529517,3.6470590394321167,7140.835626793466
H,478,,00 05 43.03,-22 30 35.2,9.67,,H,1.42927167,-22.50977022,,2.19,38.35,-2.37,1.41,0.92,1.68,1.64,0.85,0.01,0.25,-0.13,-0.31,0.05,0.2,0.11,-0.48,0.26,-0.07,2.0,2.42,478,10.303,0.027,9.735,0.026,,0.524,0.015,G,0.6,0.02,H,,9.78,0.0035,0.025,114.0,,9.73,9.83,,,,,,,,1.0,,,,,,,,,,,,,90.0,,C-23 18135,P-23  8376,0.6,F3/F5V,4,456.6210045662101,1.3722205742005915,6282.006031517798
H,480,,00 05 43.24,-15 21 55.8,8.6,,H,1.43016919,-15.36550173,,1.87,-10.35,7.55,1.03,0.57,1.29,1.81,0.61,0.21,-0.12,-0.07,-0.02,0.08,0.27,-0.01,-0.3,0.19,0.08,0.0,-0.65,480,10.016,0.024,8.722,0.014,,1.1,0.022,T,1.06,0.02,L,,8.7667,0.0012,0.013,112.0,,8.74,8.79,,D,,,,,,1.0,,,,,,,,,,,,,88.0,B-16 6415,,,1.02,K1III,4,534.7593582887699,-0.040791967317504785,4514.792642720805
H,479,,00 05 43.25,+25 36 54.6,10.07,,H,1.43020191,25.61517178,,1.32,-4.22,-0.58,1.23,0.83,1.52,1.41,0.92,0.19,-0.05,0.16,-0.26,0.0,0.18,-0.04,-0.04,0.21,0.25,0.0,1.15,479,11.209,0.058,10.144,0.037,,0.923,0.052,T,0.92,0.04,L,,10.2344,0.0024,0.02,95.0,,10.19,10.26,,C,,,,,,1.0,,,,,,,,,,,,,,B+24 4883,,,0.79,G5,S,757.5757575757576,0.6728696560292491,4935.556864316527
H,481,,00 05 44.06,-36 46 42.4,10.15,,H,1.43360334,-36.77845599,,7.28,-13.98,-75.3,1.15,0.85,1.45,1.4,1.09,0.16,0.01,0.14,-0.36,0.03,0.15,0.04,-0.25,-0.11,-0.12,0.0,-1.39,481,10.978,0.04,10.219,0.032,,0.677,0.039,T,0.74,0.03,L,,10.2824,0.003,0.031,153.0,,10.23,10.35,,C,,,,,,1.0,,,,,,,,,,,,,,,C-37 15503,P-37  9437,0.79,G5,S,137.36263736263734,4.460656896565187,5681.534894540597
H,482,H,00 05 44.41,+17 50 25.2,7.75,,G,1.43504635,17.84032678,A,5.95,56.51,-14.95,1.63,1.3,1.68,1.49,1.24,0.4,-0.02,-0.09,0.14,0.1,-0.17,0.07,0.19,-0.06,0.47,2.0,1.24,482,8.189,0.01,7.724,0.01,*,0.414,0.031,G,0.48,0.03,H,*,7.8273,0.0019,0.016,115.0,*,7.81,7.86,,R,,,00057+1750,I,1.0,2.0,C,,A,AB,148.0,7.687,0.002,0.13,0.01,S,,,85.0,B+17 5032,,,0.89,F2+...,S,168.0672268907563,1.622584828642748,6806.558765443766
H,483,,00 05 45.37,+81 04 17.3,9.21,,H,1.4390417,81.07146901,,4.01,20.32,1.02,0.79,0.79,0.94,0.91,0.71,0.03,0.15,0.44,0.27,0.03,0.01,-0.01,0.02,-0.02,-0.16,0.0,-0.37,483,9.311,0.019,9.211,0.024,,0.097,0.029,T,0.11,0.03,L,,9.2515,0.0021,0.026,122.0,,9.21,9.3,,,,,,,,1.0,,,,,,,,,,,,,56.0,B+80  793,,,0.08,A0,S,249.37655860349128,2.2257218631009126,9056.739770549337
H,485,,00 05 47.47,+47 05 14.3,8.47,,H,1.44777978,47.08729369,,2.62,5.29,-0.53,0.7,0.58,1.01,0.79,0.68,-0.07,0.11,0.2,-0.39,0.22,-0.02,0.23,0.24,0.2,-0.07,0.0,-1.37,485,8.525,0.008,8.481,0.01,,0.045,0.012,T,0.06,0.01,L,,8.495,0.0013,0.015,140.0,,8.47,8.52,,C,,,,,,1.0,,,,,,,,,,,,,83.0,B+46 4254,,,0.03,A0,S,381.6793893129771,0.5615064565987282,9596.496831689075
H,486,,00 05 49.69,-52 49 12.4,9.37,,H,1.45705278,-52.82010001,,6.18,12.27,15.2,0.71,0.95,1.34,0.87,1.1,-0.26,0.01,-0.3,0.13,0.07,-0.07,0.06,-0.07,-0.06,-0.21,0.0,1.33,486,9.932,0.016,9.4,0.015,,0.507,0.016,T,0.58,0.02,L,,9.4799,0.0021,0.03,216.0,,9.43,9.53,,C,,,,,,1.0,,,,,,,,,,,,,106.0,,,P-53 10590,0.49,F6V,1,161.81229773462786,3.3249423754440786,6357.311055327577
H,487,H,00 05 50.98,+78 44 18.3,9.44,,H,1.46242223,78.73840785,A,11.21,97.43,44.31,1.29,1.25,1.34,1.67,1.26,-0.09,-0.03,0.16,-0.1,0.02,-0.13,0.04,-0.26,-0.07,-0.11,3.0,-0.79,487,10.225,0.029,9.511,0.025,A,0.617,0.126,G,0.69,0.11,R,*,9.5695,0.0024,0.017,121.0,*,9.55,9.6,,,,,00059+7844,H,1.0,2.0,C,,D,AB,329.0,1.072,0.062,3.39,0.5,,,D,,B+77  936,,,0.69,G0,S,89.20606601248885,4.688028062974865,5901.768262850707
H,488,H,00 05 51.02,-68 33 04.6,9.99,,H,1.46256763,-68.55128874,*,7.92,-62.33,-34.68,4.17,3.86,1.61,1.57,1.49,-0.17,0.03,-0.15,-0.07,0.03,-0.07,-0.02,-0.26,0.07,-0.23,0.0,-0.09,488,10.829,0.041,10.111,0.035,*,0.646,0.041,T,0.71,0.04,L,*,10.1214,0.0035,0.026,134.0,*,10.06,10.17,,,,,00058-6833,H,1.0,2.0,C,,B,AB,261.0,0.267,0.041,2.13,0.38,,,,121.0,,,P-69  3348,0.77,G5/G6V,1,126.26262626262627,4.483625907947467,5793.079693336562
H,489,,00 05 51.87,+02 45 52.7,10.38,,H,1.46611168,2.76462706,,13.23,-82.76,-124.39,1.67,0.99,1.74,1.93,1.11,0.35,-0.17,-0.11,-0.33,-0.18,0.16,-0.2,-0.33,0.21,0.26,0.0,0.85,489,11.327,0.071,10.451,0.051,,0.782,0.065,T,0.82,0.05,L,,10.5277,0.0026,0.025,96.0,,10.47,10.58,,C,,,,,,1.0,,,,,,,,,,,,,,B+01 4827,,,0.71,,,75.58578987150416,5.9877992209375055,5335.5374473987595
H,490,,00 05 52.47,-41 45 10.4,7.51,,H,1.46861724,-41.7528821,,24.85,97.62,-76.4,0.55,0.49,0.92,0.59,0.73,-0.03,-0.21,-0.1,0.18,-0.11,0.09,-0.19,-0.14,0.3,-0.04,3.0,-1.29,490,8.221,0.007,7.574,0.007,,0.595,0.008,G,0.67,0.01,H,,7.6375,0.001,0.012,165.0,,7.62,7.66,,,,,,,,1.0,,,,,,,,,,S,,,105.0,,C-42 16587,P-42  9662,0.67,G0V,X,40.241448692152915,4.486631965346755,5987.189979065372
H,491,,00 05 52.79,+12 31 38.8,8.91,,H,1.46996926,12.52743978,,2.92,2.84,-34.41,0.94,0.64,1.19,1.09,0.77,0.38,0.06,-0.13,-0.16,-0.06,0.19,-0.04,-0.12,0.15,0.57,0.0,-0.09,491,10.464,0.035,9.055,0.018,,1.19,0.031,T,1.15,0.03,L,,9.0812,0.0015,0.015,111.0,,9.06,9.11,,C,,,,,,1.0,,,,,,,,,,,,,94.0,B+11 5097,,,1.03,K0,S,342.4657534246575,1.2369142572420921,4328.442414749455
H,493,,00 05 54.84,+18 14 07.3,7.45,,H,1.47850515,18.23536692,,26.24,-150.87,-149.7,0.66,0.5,0.82,0.71,0.64,0.33,0.14,0.09,0.25,0.11,-0.16,0.08,0.2,0.06,0.34,0.0,-1.27,493,8.156,0.009,7.514,0.007,,0.596,0.01,T,0.67,0.01,L,,7.5793,0.0008,0.009,109.0,,7.56,7.59,,C,,,,,,1.0,G,,,,,,,,,S,,,101.0,B+17 5035,,,0.66,F8,S,38.109756097560975,4.544819153518113,5983.249561845766
H,492,,00 05 54.85,-14 25 57.8,9.57,,G,1.47853237,-14.4327289,,6.5,-7.1,-21.1,1.1,0.84,1.46,1.53,0.83,0.37,-0.02,-0.04,-0.02,-0.05,0.25,-0.12,-0.38,0.2,0.22,0.0,0.12,492,10.112,0.025,9.629,0.026,,0.51,0.02,G,0.58,0.02,H,,9.6904,0.0016,0.021,117.0,,9.64,9.73,,,,,00059-1426,I,1.0,1.0,,,,,,,,,,,,,,B-15 6542,,,0.58,G0,S,153.84615384615387,3.634566783214278,6343.880598874681
H,494,,00 05 55.13,-68 48 41.9,8.99,,H,1.47971363,-68.81162782,,12.99,-37.21,11.68,0.76,0.73,0.94,0.82,0.78,-0.1,0.15,-0.19,-0.03,-0.02,0.03,0.02,-0.25,0.11,0.01,0.0,-0.3,494,9.693,0.017,9.057,0.015,,0.585,0.017,T,0.66,0.02,L,,9.1141,0.0026,0.022,139.0,,9.08,9.15,,,,,,,,1.0,,,,,,,,,,,,,122.0,,,P-69  3349,0.62,F8V,1,76.98229407236336,4.558045755365139,6026.903140414548
H,495,H,00 05 55.56,+18 04 34.4,8.58,,G,1.48151411,18.07622626,A,25.77,-149.96,-147.27,2.23,1.56,2.07,1.69,1.35,0.15,0.04,-0.08,0.06,0.17,-0.14,0.14,0.16,-0.07,0.44,0.0,1.09,495,9.786,0.03,8.655,0.018,*,0.92,0.01,G,0.96,0.01,I,*,8.7243,0.0019,0.015,109.0,*,8.7,8.75,,D,,,00059+1805,I,1.0,2.0,C,,A,AB,132.0,3.445,0.004,0.29,0.02,,,,113.0,B+17 5036,,,0.96,K0...,S,38.80481179666278,5.635572092754524,4943.405869870266
H,496,,00 05 56.71,+24 34 08.6,6.9,,H,1.48628758,24.56904604,,5.31,34.93,-17.05,0.57,0.44,0.73,0.61,0.49,0.17,0.23,-0.06,0.07,-0.02,0.02,0.01,0.0,0.1,0.19,0.0,-0.73,496,8.954,0.013,7.071,0.006,,1.564,0.011,T,1.58,0.01,L,,7.0181,0.0012,0.009,109.0,,7.0,7.04,,,,,,,,1.0,,,,,,,,,,S,,,100.0,B+23 4853,,,1.61,K5,S,188.32391713747649,0.5254726054073453,3699.715308427648
H,497,H,00 05 57.05,+49 37 20.5,7.55,,H,1.48768965,49.62234797,A,7.05,-6.91,-1.86,0.84,0.82,1.15,0.83,0.9,-0.17,0.14,0.12,-0.22,0.03,0.09,0.05,0.29,-0.11,-0.2,1.0,-0.16,497,7.951,0.008,7.635,0.009,A,0.3,0.495,G,0.34,0.02,L,*,7.6243,0.0014,0.01,124.0,*,7.61,7.64,,D,,,00060+4937,I,1.0,2.0,C,,A,AB,108.0,2.408,0.015,2.72,0.05,S,,,98.0,B+48 4244,,,0.34,A3,S,141.84397163120568,1.7909455849569929,7461.863794100636
H,498,,00 05 58.27,+44 44 21.8,7.93,,H,1.4928082,44.73937991,,4.26,-2.15,0.54,0.64,0.55,0.91,0.69,0.6,-0.03,0.15,0.23,0.29,-0.02,-0.04,0.0,0.5,0.17,-0.05,0.0,0.75,498,8.204,0.008,7.953,0.008,,0.239,0.011,T,0.27,0.01,L,,7.9965,0.0015,0.013,135.0,,7.98,8.02,,,,,,,,1.0,,,,,,,,,,S,,,99.0,B+43 4629,,,0.28,A3,S,234.7417840375587,1.0770479955135936,7872.955983166579
H,499,,00 05 58.96,-54 38 26.1,9.71,,H,1.49565621,-54.64056978,,0.87,-20.82,-23.99,0.84,1.06,1.53,1.03,1.31,-0.22,-0.01,-0.24,-0.04,-0.03,0.22,0.04,0.17,-0.16,-0.27,0.0,-0.3,499,10.844,0.033,9.79,0.021,,0.915,0.03,T,0.91,0.02,L,,9.87,0.0022,0.039,176.0,,9.81,9.95,,,,,,,,1.0,,,,,,,,,,,,,120.0,,,P-55 10160,0.81,G8IV/V,1,1149.4252873563219,-0.5924037369069062,4956.546436857988
H,500,,00 06 00.03,-48 40 43.4,9.57,2.0,H,1.50012278,-48.67872936,,1.54,18.13,-12.18,0.92,0.91,1.37,0.95,1.2,-0.19,0.0,-0.08,-0.37,0.06,0.1,0.08,-0.14,0.13,-0.27,5.0,0.31,500,11.961,0.092,9.818,0.021,,1.812,0.078,T,1.96,0.2,K,,9.6593,0.009,0.109,183.0,,9.56,9.84,,U,2.0,C,,,,1.0,,,S,,,,,,,,,P,119.0,,C-49 14336,P-49 11857,1.96,M1/M2,2,649.3506493506493,0.5076036041823162,3377.5185625182858
H,501,,00 06 00.13,-39 08 15.1,8.55,,H,1.50054698,-39.13751717,,4.19,8.33,-27.75,0.96,0.66,1.14,1.29,0.88,-0.05,0.07,0.0,-0.43,0.1,-0.04,0.13,-0.28,0.17,-0.19,1.0,0.02,501,10.321,0.024,8.7,0.012,,1.357,0.021,T,1.32,0.02,L,,8.697,0.0021,0.019,136.0,,8.66,8.74,,,,,,,,1.0,,,,,,,,,,,,,118.0,,C-39 15253,P-39  9318,1.2,K3III,3,238.6634844868735,1.6610701148314773,4022.0939255827907
H,502,,00 06 00.54,+28 16 37.1,6.62,,H,1.50224247,28.27696051,,2.9,-5.09,-4.69,0.65,0.43,0.77,0.63,0.49,0.1,0.37,0.02,0.29,0.0,-0.07,0.04,0.09,0.1,0.09,0.0,-0.58,502,8.613,0.012,6.772,0.006,,1.531,0.011,T,1.58,0.02,L,,6.7361,0.0007,0.008,97.0,,6.72,6.75,,C,,,,,,1.0,,,,,,,,,,S,,,111.0,B+27 4674,,,1.57,K5III,X,344.82758620689657,-1.06801001050522,3747.467017668264
H,503,,00 06 01.05,+16 27 07.5,7.89,,H,1.50439459,16.45207976,,3.07,4.6,-0.9,0.81,0.54,1.01,1.02,0.65,0.31,0.02,0.03,0.0,0.1,0.2,0.09,0.12,0.04,0.38,0.0,-0.42,503,9.059,0.014,7.973,0.01,,0.93,0.015,G,0.92,0.01,I,,8.0309,0.0016,0.013,95.0,,8.01,8.05,,C,,,,,,1.0,,,,,,,,,,S,,,114.0,B+15 4937,,,0.92,G5,S,325.73289902280135,0.325691877385931,4917.344678847713
H,504,,00 06 03.21,+24 54 59.9,7.51,,H,1.51336417,24.91664125,,5.66,85.6,-16.84,0.66,0.48,0.82,0.68,0.52,0.16,0.16,0.01,0.01,-0.03,0.01,-0.01,-0.05,0.14,0.2,2.0,-0.84,504,8.923,0.012,7.614,0.007,,1.112,0.011,T,1.07,0.01,L,,7.6749,0.0012,0.009,105.0,,7.66,7.7,,,,,,,,1.0,,,,,,,,,,S,,,112.0,B+24 4885,,,1.06,K1III-IV,X,176.67844522968198,1.2740821559413575,4488.97682483963
H,505,,00 06 03.39,+63 40 46.8,7.36,,H,1.51413834,63.67965857,,0.08,-5.39,-0.93,0.5,0.49,0.65,0.66,0.54,-0.07,0.14,0.2,0.16,-0.11,-0.09,-0.05,0.03,0.18,-0.07,0.0,-1.34,505,7.525,0.006,7.394,0.006,,0.126,0.008,T,0.14,0.01,L,,7.412,0.0012,0.012,135.0,,7.39,7.43,,,,,,,,1.0,,,,,,,,,,S,,,108.0,B+62 2363,,,0.08,O6pe,X,12500.0,-8.124550065040282,8783.830661819007
H,506,,00 06 03.51,+53 16 36.9,8.66,,H,1.51463805,53.27691513,,1.33,1.87,-0.1,0.59,0.72,1.08,0.88,0.87,-0.48,0.09,0.06,0.15,-0.02,-0.04,-0.03,0.11,0.13,-0.47,0.0,-0.7,506,8.605,0.007,8.653,0.009,,-0.039,0.01,T,-0.02,0.01,L,,8.6561,0.0015,0.02,222.0,,8.62,8.7,,,,,,,,1.0,,,,,,,,,,,,,109.0,B+52 3599,,,-0.06,A2,S,751.8796992481202,-0.7207417951645709,10639.317892599853
H,507,,00 06 04.17,-84 05 53.5,8.51,,H,1.51738261,-84.09820798,,1.8,19.96,2.06,0.69,0.72,0.83,0.77,0.68,0.16,-0.14,-0.35,0.01,0.03,-0.02,0.03,-0.14,0.04,0.22,0.0,-1.08,507,10.578,0.034,8.68,0.012,,1.576,0.029,T,1.59,0.03,L,,8.6327,0.0018,0.024,145.0,,8.6,8.68,,,,,,,,1.0,,,,,,,,,,,,,161.0,,,P-84     1,1.42,K3III,1,555.5555555555555,-0.2136374744834697,3682.6626572128844
H,508,H,00 06 04.26,+40 25 06.7,6.65,,H,1.51773179,40.41853643,A,3.28,-2.99,-2.59,0.96,0.71,0.85,0.82,0.64,0.13,0.18,0.22,0.49,-0.02,0.07,-0.02,0.5,0.19,0.09,3.0,-0.89,508,7.804,0.006,6.754,0.005,*,0.912,0.006,T,0.91,0.0,L,*,6.8123,0.0009,0.008,128.0,*,6.8,6.82,,D,,,00061+4025,H,1.0,2.0,C,,A,AB,46.0,0.467,0.014,3.19,0.05,S,,,110.0,B+39 5219,,,0.91,G5,S,304.8780487804878,-0.7706307814416045,4964.466340064088
H,509,,00 06 05.20,-31 26 39.6,9.67,,H,1.5216826,-31.44433776,,13.05,-61.52,4.68,1.42,0.9,1.67,1.84,1.17,-0.01,0.1,-0.18,-0.23,0.02,0.13,0.05,-0.31,0.18,-0.27,0.0,0.86,509,10.415,0.031,9.714,0.026,,0.633,0.031,T,0.7,0.03,L,,9.8044,0.0029,0.025,103.0,,9.75,9.85,,,,,,,,1.0,,,,,,,,,,,,,129.0,,C-32 17812,P-32  6721,0.74,G3V,3,76.62835249042145,5.248052558371499,5841.266925975904
H,510,H,00 06 08.02,+09 42 53.9,7.8,,G,1.53342667,9.71496461,*,11.07,21.0,-10.87,0.87,0.55,1.0,0.89,0.62,0.33,0.15,-0.05,0.07,0.09,0.08,0.14,-0.04,0.15,0.47,0.0,0.84,510,8.345,0.011,7.851,0.011,*,0.501,0.015,G,0.57,0.02,H,*,7.9035,0.0013,0.01,86.0,*,7.89,7.92,,D,,,00061+0943,H,1.0,2.0,C,S,A,AB,285.0,0.125,0.008,0.41,0.54,S,,,126.0,B+08 5172,,,0.57,F5,S,90.3342366757001,3.0207381043936143,6384.357040814874
H,511,,00 06 08.04,+00 07 17.2,8.21,,H,1.53351571,0.12143808,,5.34,12.33,-8.04,1.2,0.53,1.01,1.34,0.58,0.09,0.16,0.03,-0.53,0.04,0.05,0.12,-0.17,0.08,-0.08,0.0,1.1,511,9.64,0.019,8.336,0.011,,1.108,0.017,T,1.07,0.02,L,,8.3757,0.0011,0.011,98.0,,8.36,8.39,,C,,,,,,1.0,,,,,,,,,,S,,,127.0,B-00 4619,,,1.02,G5,S,187.26591760299627,1.8477062851427828,4497.547550773449
H,512,,00 06 09.06,-29 09 05.0,7.9,,G,1.53776681,-29.15139035,,4.39,17.44,3.49,0.85,0.52,0.96,1.1,0.64,0.0,-0.09,-0.01,-0.08,0.0,0.06,-0.03,-0.17,0.19,-0.16,0.0,-0.31,512,7.869,0.009,7.916,0.01,,-0.03,0.003,G,-0.01,0.0,H,,7.9031,0.0014,0.013,104.0,,7.88,7.93,,C,,,00062-2909,I,1.0,1.0,,,,,,,,,,S,,,141.0,,C-29 18964,P-29  6926,-0.01,B9V,3,227.79043280182233,1.1123226012106073,10515.561781448858
H,513,H,00 06 11.39,+87 53 21.8,8.94,,H,1.54746485,87.88938595,A,2.09,-9.03,15.82,1.26,1.18,1.2,1.6,1.16,-0.11,0.02,0.11,-0.15,-0.07,-0.12,-0.02,-0.15,0.1,-0.3,0.0,-0.87,513,10.231,0.026,9.065,0.017,*,1.0,0.024,T,0.98,0.02,L,*,9.1036,0.002,0.017,122.0,*,9.07,9.12,,D,,,00062+8753,H,1.0,2.0,C,,A,AB,313.0,0.623,0.024,2.95,0.08,,,,,B+87  220,,,0.94,K0,S,478.46889952153117,0.5407314305552688,4742.7381778526815
H,514,,00 06 11.74,-23 32 18.8,9.82,,G,1.54892826,-23.53856546,,5.66,-14.53,-5.95,1.32,0.87,1.65,1.43,0.87,0.12,0.04,-0.03,-0.16,-0.01,0.23,-0.01,-0.33,0.13,0.11,0.0,0.76,514,10.342,0.031,9.923,0.033,,0.418,0.015,G,0.48,0.02,H,,9.9412,0.002,0.019,103.0,,9.91,9.97,,,,,,,,1.0,,,,,,,,,,,,,140.0,,C-24 17980,P-24  7513,0.48,F2V,4,176.67844522968198,3.584082155941358,6785.819911004338
H,515,H,00 06 13.16,-01 53 13.4,8.69,,H,1.55483056,-1.88705095,A,7.38,-9.75,-46.6,1.88,1.12,1.55,2.33,0.92,0.02,0.12,-0.01,-0.11,0.02,-0.09,0.01,-0.13,0.0,0.06,1.0,0.48,515,9.313,0.016,8.77,0.015,*,0.509,0.02,T,0.58,0.02,L,*,8.798,0.002,0.014,81.0,*,8.77,8.82,,C,,,00062-0153,H,1.0,2.0,C,,A,AB,324.0,0.477,0.017,2.79,0.07,S,,,137.0,B-02 6098,,,0.64,F8,S,135.50135501355015,3.0302818091152073,6348.350606926276
H,517,,00 06 15.31,-55 29 55.3,8.89,,H,1.56378577,-55.49869634,,5.95,60.35,0.04,0.79,0.8,1.14,1.02,1.02,-0.19,-0.1,-0.16,0.18,0.14,0.03,0.15,-0.11,0.01,-0.21,0.0,-0.88,517,9.408,0.013,8.901,0.012,,0.476,0.016,T,0.55,0.02,L,,8.9904,0.0022,0.022,155.0,,8.95,9.03,,,,,,,,1.0,,,,,,,,,,,,,152.0,,,P-56 10225,0.52,F5IV/V,1,168.0672268907563,2.7625848286427486,6499.778878315434
H,518,H,00 06 15.54,+58 26 12.1,5.98,,G,1.56474395,58.43668966,A,49.3,247.36,17.77,0.87,0.78,1.05,0.81,0.7,-0.09,0.24,0.19,0.09,-0.01,-0.14,-0.02,0.07,-0.04,-0.04,14.0,0.98,518,7.002,0.017,6.266,0.019,A,0.687,0.0,G,0.74,0.0,H,*,6.1061,0.0008,0.008,124.0,*,6.09,6.12,,D,,,00063+5826,I,1.0,2.0,C,,A,AB,311.0,1.455,0.004,0.94,0.01,S,,,123.0,B+57 2865,,,0.74,G5V,S,20.28397565922921,4.444234596386151,5646.525937576086
H,519,H,00 06 16.80,-64 14 25.9,7.92,2.0,H,1.57000983,-64.24051492,A,5.38,36.94,17.19,1.4,1.41,1.67,1.52,1.58,0.01,-0.03,-0.05,0.11,-0.05,-0.11,-0.06,0.15,-0.18,0.16,21.0,1.6,519,8.343,0.012,7.861,0.012,*,0.459,0.002,G,0.53,0.0,H,*,8.0208,0.0134,0.201,144.0,*,7.88,8.61,,U,,,00062-6414,I,1.0,2.0,C,,C,AB,135.0,5.737,0.018,2.64,0.14,S,,,160.0,,,P-64  4404,0.53,F3IV,1,185.8736059479554,1.5739113783319452,6580.881646344008
H,520,,00 06 16.93,-10 46 42.5,7.6,2.0,H,1.57055075,-10.77847003,,2.35,17.51,-3.02,0.86,0.6,1.15,1.47,0.6,0.47,-0.18,-0.26,-0.2,-0.11,0.32,-0.19,-0.46,0.27,0.29,0.0,-1.08,520,9.658,0.017,7.846,0.008,,1.539,0.015,T,2.63,0.03,O,,7.5951,0.0034,0.039,140.0,,7.54,7.67,,U,2.0,,,,,1.0,,,S,,,,,,,S,,P,139.0,B-11 6199,,,2.61,M...,S,425.531914893617,-0.5446606886413186,3735.773653017839
H,521,,00 06 18.66,-01 14 16.9,8.22,,H,1.57776022,-1.2380176,,4.71,-19.71,-32.5,0.99,0.57,1.03,1.16,0.62,0.22,0.07,-0.12,0.28,-0.07,0.01,-0.09,-0.17,0.2,0.14,0.0,-0.53,521,9.794,0.022,8.347,0.012,,1.22,0.02,T,1.18,0.02,L,,8.3805,0.0016,0.011,95.0,,8.35,8.4,,,,,,,,1.0,,,,,,,,,,,,,146.0,B-02 6099,,,1.18,K2,S,212.31422505307856,1.585104535644481,4269.855325050131
H,522,,00 06 18.66,-49 04 30.3,5.7,,H,1.5777634,-49.07509405,,39.0,575.21,-39.94,0.41,0.42,0.64,0.49,0.53,-0.17,-0.1,-0.03,-0.19,0.04,0.11,0.06,-0.05,-0.1,-0.22,2.0,0.31,522,6.319,0.002,5.763,0.002,,0.519,0.011,G,0.58,0.02,A,,5.8163,0.0007,0.007,208.0,,5.8,5.83,,,,,00063-4905,I,1.0,1.0,,,,,,,,,,S,,,142.0,,C-49 14337,P-49 11858,0.58,G1IV...,X,25.64102564102564,3.6553230351324966,6303.954099405309
H,523,,00 06 18.90,-65 50 21.1,12.17,2.0,G,1.5787602,-65.83919547,,56.92,195.8,-552.5,2.14,2.05,2.73,2.44,2.32,-0.02,-0.08,-0.11,-0.01,0.09,0.06,0.11,-0.1,-0.01,0.07,0.0,1.42,523,,,,,,1.55,0.015,G,2.44,0.06,I,,12.2167,0.0086,0.087,123.0,,12.02,12.34,,U,2.0,,,,,1.0,,,,,,,,,,,D,,,,,,2.44,M4,S,17.568517217146873,10.946324457061234,3719.818455748119
H,524,,00 06 19.92,-12 01 01.9,8.75,,H,1.58300753,-12.01719883,,7.24,66.5,5.96,0.99,0.71,1.32,1.36,0.67,0.49,-0.13,-0.22,0.02,-0.04,0.17,-0.14,-0.43,0.31,0.36,0.0,1.69,524,9.296,0.015,8.789,0.014,,0.487,0.016,T,0.56,0.02,L,,8.8538,0.0018,0.015,122.0,,8.83,8.88,,C,,,,,,1.0,,,,,,,,,,S,,,148.0,B-12 6611,,,0.52,F6/F7V,4,138.12154696132598,3.0486928309857344,6448.441918845357
H,525,,00 06 20.14,+40 53 55.4,6.93,,H,1.58393383,40.89871965,,8.6,82.91,10.65,0.62,0.47,0.73,0.74,0.58,0.0,0.04,-0.05,0.35,-0.01,0.0,-0.03,0.46,-0.1,0.09,2.0,0.42,525,8.337,0.01,7.062,0.006,,1.086,0.009,T,1.05,0.01,L,,7.0996,0.0008,0.009,130.0,,7.08,7.12,,C,,,,,,1.0,,,,,,,,,,S,,,145.0,B+40 5233,,,1.02,K0,S,116.27906976744185,1.6024922562178379,4545.308624915748
H,526,,00 06 20.18,+60 27 25.6,7.97,,H,1.58409669,60.45712221,,4.78,43.26,-0.39,0.54,0.63,0.82,0.6,0.71,-0.24,0.02,0.19,0.26,-0.16,-0.13,-0.12,0.09,0.28,-0.24,0.0,0.51,526,8.267,0.007,7.998,0.008,,0.256,0.01,T,0.29,0.01,L,,8.0392,0.0012,0.015,145.0,,8.01,8.07,,,,,,,,1.0,,,,,,,,,,,,,135.0,B+59 2828,,,0.27,F0,S,209.20502092050208,1.367139483060595,7753.469133048473
H,527,,00 06 20.77,+68 38 10.0,8.06,,H,1.58655035,68.63612309,,3.09,15.66,-8.07,0.56,0.65,0.8,0.62,0.6,-0.03,0.07,0.32,0.12,0.03,-0.1,0.06,0.07,0.08,-0.06,1.0,0.04,527,9.934,0.022,8.22,0.01,,1.431,0.019,T,1.42,0.03,L,,8.2037,0.0013,0.014,136.0,,8.18,8.23,,C,,,,,,1.0,,,,,,,,,,,,,,B+67 1600,,,1.39,K2,S,323.6245954692557,0.5097923971241736,3900.331057511479
H,528,,00 06 21.82,-24 36 09.2,10.13,,H,1.59090838,-24.60254997,,4.69,-14.64,-29.53,1.49,0.88,1.62,2.27,0.99,0.02,0.06,0.06,0.33,0.01,0.24,-0.04,-0.16,-0.1,-0.08,2.0,-0.36,528,10.71,0.044,10.191,0.044,,0.593,0.015,G,0.66,0.01,H,,10.2554,0.0025,0.028,103.0,,10.22,10.29,,,,,,,,1.0,,,,,,,,,,,,,,,C-25 16792,,0.66,F8,S,213.21961620469082,3.485864213575418,5995.087567306274
H,529,,00 06 24.96,-18 02 17.7,7.31,,H,1.60400514,-18.03825665,,6.73,14.92,1.87,0.83,0.48,0.9,1.0,0.44,0.13,0.08,0.03,-0.3,0.11,0.08,0.09,-0.28,0.12,-0.07,0.0,0.48,529,7.776,0.006,7.357,0.007,,0.402,0.003,G,0.47,0.0,H,,7.4051,0.001,0.009,110.0,,7.39,7.42,,C,,,,,,1.0,,,,,,,,,,S,,,156.0,B-18 6426,,,0.47,F2IV,4,148.5884101040119,1.4500753211198836,6869.609713098875
H,530,,00 06 25.96,+42 45 09.9,8.35,,H,1.60817878,42.75275856,,8.11,79.25,0.52,0.58,0.53,0.91,0.65,0.61,-0.03,0.02,0.15,0.0,-0.02,0.03,-0.02,0.35,-0.01,-0.05,1.0,1.52,530,9.086,0.011,8.423,0.01,,0.624,0.015,G,0.69,0.01,H,,8.4839,0.001,0.012,154.0,,8.46,8.51,,C,,,,,,1.0,,,,,,,,,,,,,153.0,B+41 4937,,,0.69,G1V,X,123.30456226880396,2.8951042710557795,5875.134233597396
H,531,,00 06 26.53,+64 11 46.2,5.57,,H,1.61052855,64.19616859,,3.32,9.7,0.01,0.41,0.42,0.54,0.5,0.42,-0.13,0.2,0.22,0.24,-0.13,-0.19,-0.05,0.05,0.14,-0.16,0.0,-0.76,531,5.534,0.002,5.564,0.003,,-0.023,0.003,T,0.0,0.0,L,,5.5684,0.0008,0.006,127.0,,5.56,5.58,,,,,,,,1.0,,,,,,,,,,S,,,144.0,B+63 2107,,,-0.01,B9III,X,301.20481927710847,-1.8243095814798185,10421.504734668133
H,532,,00 06 26.86,-74 24 04.0,9.85,,G,1.61191859,-74.40111182,,4.6,31.88,5.27,1.0,0.97,1.18,1.03,0.99,0.02,0.03,-0.13,-0.29,0.11,0.05,0.11,-0.23,-0.01,0.2,1.0,1.42,532,10.389,0.032,9.877,0.031,,0.526,0.015,G,0.6,0.02,H,,9.9842,0.0025,0.027,114.0,,9.95,10.05,,,,,,,,1.0,,,,,,,,,,,,,183.0,,,P-75     2,0.6,F6V,1,217.39130434782612,3.1637891584078703,6273.272881143872
H,534,,00 06 27.51,-52 55 59.3,9.03,,H,1.61464392,-52.93312701,,3.63,8.55,-1.03,0.68,0.87,1.27,0.86,1.09,-0.29,-0.07,-0.17,0.22,-0.04,-0.06,-0.04,0.04,0.04,-0.27,0.0,1.48,534,10.752,0.03,9.141,0.013,,1.349,0.026,T,1.31,0.03,L,,9.1846,0.0021,0.026,220.0,,9.15,9.25,,,,,,,,1.0,,,S,,,,,,,,,,172.0,,,P-53     2,1.12,K1/K2III:,1,275.4820936639118,1.8295331251805615,4035.734409615233
H,535,,00 06 28.43,-43 37 39.8,10.07,,G,1.61846773,-43.62772225,,5.95,-2.42,-16.62,1.07,0.98,1.54,1.24,1.48,0.04,-0.09,-0.21,0.04,-0.08,0.14,-0.07,-0.2,-0.02,0.01,0.0,1.09,535,10.691,0.029,10.112,0.028,,0.59,0.02,G,0.66,0.02,H,,10.2166,0.0023,0.031,148.0,,10.16,10.27,,,,,,,,1.0,,,,,,,,,,,,,,,C-44     2,P-44     2,0.66,F5,S,168.0672268907563,3.9425848286427483,6006.976021238379
H,536,,00 06 29.27,+27 05 24.5,9.76,3.0,H,1.62196859,27.09013496,,2.9,-1.36,-11.78,1.09,0.74,1.34,1.35,0.82,0.12,0.08,0.15,0.11,-0.02,0.0,-0.01,0.0,0.08,0.11,0.0,1.2,536,11.649,0.101,10.018,0.038,,1.39,0.089,T,3.92,0.96,K,,9.2727,0.0354,0.173,91.0,,8.96,9.67,,U,2.0,,,,,1.0,,,S,,,,,,,,,,,B+26 4746,,,3.92,M6e,K,344.82758620689657,2.0719899894947797,3966.828688903021
H,537,,00 06 31.32,-21 30 04.6,9.35,,G,1.6304798,-21.50128389,,3.91,19.98,8.2,1.44,0.75,1.56,2.01,0.74,-0.07,0.18,-0.02,-0.3,0.13,0.19,0.15,-0.45,0.28,-0.18,0.0,-0.77,537,9.831,0.02,9.369,0.021,,0.41,0.015,G,0.48,0.02,H,,9.444,0.0022,0.021,112.0,,9.41,9.49,,C,,,,,,1.0,,,,,,,,,,,,,171.0,B-22 6261,C-22     1,P-22     1,0.48,F2V,4,255.75447570332483,2.3108837869793337,6827.435710804812
H,538,,00 06 31.68,+05 49 31.1,10.95,,G,1.63200384,5.82530112,,13.26,200.72,38.74,2.17,1.29,2.41,2.4,1.29,0.35,-0.19,-0.05,-0.24,0.1,0.23,0.09,-0.03,0.01,0.35,0.0,-1.03,538,,,,,,1.008,0.006,G,1.05,0.01,I,,11.1132,0.0056,0.038,81.0,,11.06,11.17,,C,,,,,,1.0,,,,,,,,,,,G,,,,,,1.05,K1,S,75.41478129713424,6.562717620343771,4723.612187790311
H,539,,00 06 33.96,+43 46 56.2,8.87,,H,1.64150277,43.78227474,,6.15,-7.17,-21.31,0.8,0.6,1.06,0.85,0.69,-0.16,0.17,0.12,0.29,-0.17,-0.05,-0.14,0.43,0.08,-0.22,0.0,1.46,539,9.331,0.013,8.879,0.013,,0.426,0.017,T,0.49,0.02,L,,8.9635,0.0015,0.015,133.0,,8.94,8.99,,C,,,,,,1.0,,,,,,,,,,,,,165.0,B+42 4834,,,0.5,F8,S,162.60162601626016,2.8143755788770832,6744.750760162165
H,540,,00 06 35.55,+28 33 12.4,6.68,,H,1.64810682,28.55343687,,5.13,-8.29,-13.54,0.64,0.43,0.79,0.64,0.49,0.02,0.41,-0.04,0.25,-0.03,-0.07,-0.01,0.07,0.07,0.01,0.0,-0.93,540,7.947,0.01,6.799,0.006,,0.986,0.009,T,0.97,0.01,L,,6.8498,0.0011,0.008,94.0,,6.83,6.86,,,,,,,,1.0,,,,,,,,,,S,,,167.0,B+27 4676,,,0.98,G9III,X,194.93177387914233,0.23058682555908128,4776.605012850675
H,541,,00 06 35.64,-47 35 05.1,9.69,,G,1.64849601,-47.58474443,,10.02,5.34,6.21,2.59,2.13,3.4,3.16,2.94,-0.04,-0.17,-0.01,0.07,0.0,-0.22,0.01,-0.12,0.04,0.08,2.0,,541,10.277,0.025,9.752,0.024,,0.578,0.003,G,0.65,0.0,H,,9.8195,0.0024,0.032,121.0,,9.77,9.89,,D,,,,,,1.0,X,,,,,,,,,,,,181.0,,C-48     2,P-48     2,0.65,F6V,2,99.8003992015968,4.694338607656134,6055.04114452875
H,542,,00 06 35.88,+56 30 52.2,8.05,,H,1.64950882,56.51450029,,4.21,4.58,-8.15,0.61,0.72,1.09,0.97,0.87,-0.28,0.04,0.16,0.06,0.13,0.23,0.08,-0.12,0.09,-0.3,0.0,3.92,542,8.186,0.007,8.07,0.008,,0.112,0.01,T,0.13,0.01,L,,8.0913,0.0017,0.017,161.0,,8.07,8.12,,,,,00066+5631,I,1.0,1.0,,,S,,,,,,,S,,,164.0,B+55 3087,,,0.09,A0,S,237.52969121140143,1.1714104791783422,8913.273780333835
H,543,,00 06 36.17,-25 17 44.4,10.3,,G,1.65072541,-25.29566618,,2.04,48.19,-7.84,1.52,0.99,1.67,2.15,1.04,0.11,0.03,-0.04,0.25,0.04,-0.02,0.01,-0.17,0.01,0.05,0.0,-1.42,543,10.796,0.046,10.297,0.047,,0.506,0.015,G,0.58,0.02,H,,10.3994,0.0028,0.029,95.0,,10.35,10.45,,C,,,,,,1.0,,,,,,,,,,,,,,,C-25     2,P-25     2,0.58,F5,S,490.19607843137254,1.848150837129495,6361.8015283728
H,544,,00 06 36.53,+29 01 19.0,6.07,1.0,H,1.65221045,29.02193518,,72.98,379.94,-178.34,0.65,0.43,0.75,0.7,0.49,-0.05,0.34,-0.04,0.32,-0.12,-0.09,-0.11,0.05,0.13,-0.17,2.0,1.13,544,7.008,0.006,6.155,0.004,,0.752,0.003,G,0.8,0.0,H,,6.2093,0.0008,0.011,91.0,,6.19,6.23,,U,2.0,,00065+2900,I,1.0,1.0,,,,,,,,,,S,,,166.0,B+28 4704,,,0.8,K0V,X,13.702384214853383,5.386019295143148,5429.730751587964
H,545,,00 06 38.48,+33 39 15.4,8.51,,H,1.66031971,33.65427137,,4.0,37.39,-9.1,0.9,0.63,1.09,1.09,0.75,0.22,0.01,0.03,-0.11,0.03,0.02,-0.02,0.25,0.09,0.36,0.0,-0.47,545,9.95,0.025,8.648,0.015,,1.107,0.023,T,1.07,0.02,L,,8.6756,0.0019,0.013,94.0,,8.66,8.7,,,,,,,,1.0,,,,,,,,,,,,,,B+32 4771,,,0.99,K0,S,250.0,1.5202999566398114,4499.6956104745705
H,546,,00 06 38.84,-36 05 04.8,7.71,,H,1.66184341,-36.08467578,,5.02,13.38,-38.63,0.67,0.51,0.87,0.78,0.6,0.24,0.14,0.14,-0.42,-0.05,-0.11,0.02,-0.22,0.11,-0.01,0.0,-1.83,546,9.048,0.01,7.834,0.006,,1.038,0.009,T,1.01,0.01,L,,7.8793,0.001,0.012,168.0,,7.86,7.9,,,,,,,,1.0,,,,,,,,,,S,,,190.0,,C-36     4,P-36     1,1.03,G8III,3,199.20318725099602,1.2135185857250965,4653.315238332711
H,547,,00 06 39.61,-24 37 14.4,8.56,,G,1.6650581,-24.62067192,,5.61,-25.68,-69.14,0.96,0.62,1.12,1.45,0.67,0.14,0.09,-0.12,0.28,0.1,0.14,0.05,-0.12,-0.1,0.05,0.0,-1.15,547,9.19,0.013,8.606,0.012,,0.548,0.009,G,0.62,0.01,H,,8.676,0.0013,0.013,111.0,,8.65,8.7,,,,,,,,1.0,,,,,,,,,,S,,,189.0,,C-25     4,P-25     4,0.62,F7V,4,178.25311942959001,2.3048143062808073,6178.907041144341
H,548,,00 06 40.07,+70 10 09.4,8.26,,H,1.66696429,70.16926509,,2.44,-0.03,-4.61,0.68,0.74,0.98,0.98,0.76,-0.04,-0.03,0.32,0.01,0.16,0.36,0.03,-0.15,-0.17,-0.15,2.0,1.96,548,9.87,0.024,8.407,0.013,,1.233,0.021,T,1.19,0.02,L,,8.4245,0.0015,0.015,106.0,,8.4,8.46,,,,,,,,1.0,,,,,,,,,,,,,162.0,B+69 1383,,,1.14,K0,S,409.8360655737705,0.19694913169364625,4244.980140373233
H,550,,00 06 41.84,+56 19 28.8,8.62,,H,1.67432667,56.32466451,,2.41,-3.89,-2.52,0.69,0.75,1.12,0.99,1.01,-0.32,0.01,0.17,-0.1,0.19,0.19,0.16,-0.12,0.09,-0.35,0.0,0.41,550,8.812,0.01,8.658,0.012,,0.148,0.015,T,0.16,0.01,L,,8.6711,0.0015,0.019,152.0,,8.64,8.71,,C,,,,,,1.0,,,,,,,,,,,,,175.0,B+55 3088,,,0.12,B9,S,414.93775933609953,0.5300852128743418,8588.596901782697
H,551,,00 06 43.83,+08 39 26.4,10.92,,H,1.6826371,8.65733696,,5.29,-39.3,-55.57,4.96,3.46,6.06,5.13,3.78,0.34,0.2,-0.2,-0.07,-0.04,0.06,0.05,-0.25,0.27,0.54,2.0,,551,11.786,0.115,10.897,0.083,,0.792,0.106,T,0.82,0.08,L,,11.0756,0.004,0.041,90.0,,11.01,11.15,,,,,,,,1.0,X,,S,,,,,,,,G,G,,,,,0.71,,,189.0359168241966,4.537278360175929,5304.907684031342
H,552,,00 06 45.29,-06 15 40.7,10.51,,H,1.68869427,-6.26131902,,1.92,5.73,3.4,1.86,1.34,2.72,2.54,1.39,0.22,-0.03,-0.41,-0.18,-0.19,0.55,0.02,-0.4,0.48,0.48,0.0,-0.43,552,11.467,0.095,10.622,0.071,,0.759,0.09,T,0.8,0.06,L,,10.6531,0.0033,0.026,70.0,,10.59,10.7,,C,,,,,,1.0,,,,,,,,,,,G,,,B-07 6150,,,0.72,,,520.8333333333334,1.9265061435177486,5407.436535533052
H,553,,00 06 45.65,-21 05 29.3,9.83,,G,1.69021404,-21.09148372,,2.3,-246.51,-433.74,8.32,5.77,10.4,11.18,5.55,0.21,0.11,0.08,-0.23,0.03,0.28,-0.04,-0.42,-0.02,-0.04,0.0,,553,10.567,0.038,9.902,0.034,,0.587,0.012,G,0.66,0.01,H,,9.8381,0.0026,0.027,125.0,,9.78,9.88,,D,,,,,,1.0,X,,S,,,,,,,,,,202.0,B-21 6537,,,0.66,G2/G3V,4,434.78260869565224,1.6386391800879636,6018.915262428434
H,554,,00 06 46.33,-13 44 55.3,9.84,,G,1.69303391,-13.74868727,,9.89,-75.12,-81.81,1.27,0.85,1.59,1.6,0.81,0.34,-0.01,-0.04,-0.06,-0.04,0.14,-0.11,-0.41,0.18,0.22,0.0,-0.86,554,10.716,0.041,9.968,0.035,,0.69,0.02,G,0.75,0.02,H,,9.9977,0.0024,0.022,115.0,,9.94,10.04,,,,,,,,1.0,,,,,,,,,,,,,,B-14 6619,,,0.75,G0,S,101.11223458038423,4.815981457985897,5636.113022413328
H,555,,00 06 46.60,+10 04 08.4,9.74,,H,1.69415329,10.06899229,,4.82,13.09,23.99,1.27,0.87,1.5,1.36,1.0,0.37,0.21,-0.05,-0.22,-0.01,0.03,0.02,-0.16,0.15,0.52,0.0,0.98,555,10.334,0.035,9.808,0.033,,0.494,0.043,T,0.57,0.04,L,,9.8475,0.0032,0.018,85.0,,9.81,9.89,,C,,,,,,1.0,,,,,,,,,,,,,,B+09 5320,,,0.64,F8,S,207.46887966804977,3.1552351911942482,6416.2266051943725
H,556,,00 06 46.94,-04 20 59.3,8.21,,H,1.6955746,-4.34981191,,9.08,58.3,-88.21,1.01,0.62,1.09,1.2,0.67,0.21,-0.02,-0.2,-0.37,-0.03,0.11,-0.03,-0.32,0.35,0.22,0.0,-0.17,556,8.886,0.014,8.27,0.013,,0.574,0.017,T,0.65,0.02,L,,8.3312,0.0014,0.013,82.0,,8.31,8.35,,C,,,,,,1.0,,,,,,,,,,S,,,200.0,B-05 6117,,,0.67,F8,S,110.13215859030836,3.000429242605426,6071.247254879856
H,557,,00 06 46.98,+23 29 37.7,8.72,,H,1.69574083,23.49381547,,6.36,40.61,2.69,0.88,0.55,0.97,1.06,0.69,0.13,0.04,-0.12,-0.04,0.12,-0.13,0.1,0.16,-0.01,0.18,0.0,-0.91,557,9.188,0.014,8.78,0.014,,0.41,0.015,G,0.48,0.02,H,,8.8153,0.0013,0.013,101.0,,8.79,8.85,,,,,,,,1.0,,,,,,,,,,,,,187.0,B+22 4954,,,0.48,F4IVws,X,157.2327044025157,2.7372855782420693,6827.435710804812
H,558,,00 06 47.22,-70 35 22.0,8.03,,H,1.69675999,-70.58944075,,1.65,5.83,2.2,0.61,0.61,0.76,0.65,0.64,0.07,0.08,-0.09,-0.07,0.05,0.0,0.05,-0.09,-0.04,0.15,0.0,0.52,558,10.189,0.026,8.222,0.01,,1.631,0.022,T,1.65,0.02,L,,8.1454,0.0019,0.017,131.0,,8.11,8.17,,,,,,,,1.0,,,,,,,,,,,,,218.0,,,P-71     1,1.61,K5p...,1,606.0606060606061,-0.8825802789304689,3606.5456775983994
H,559,,00 06 47.96,+44 36 46.2,9.0,,H,1.69982422,44.61284407,,0.55,-4.15,-4.79,0.78,0.68,1.1,0.81,0.74,-0.11,0.22,0.09,0.33,-0.09,0.0,-0.09,0.53,0.0,-0.14,0.0,0.49,559,8.835,0.011,8.99,0.016,,-0.09,0.015,G,-0.07,0.02,H,,8.9786,0.0014,0.019,148.0,,8.95,9.01,,,,,,,,1.0,,,,,,,,,,,,,186.0,B+43 4635,,,-0.07,F5,S,1818.181818181818,-2.2981865525287812,11407.341296991812
H,560,,00 06 50.02,-23 06 26.7,6.19,,H,1.70843563,-23.10742543,,25.59,97.3,-47.09,0.7,0.42,0.75,0.73,0.42,0.06,0.1,-0.06,-0.05,0.03,0.12,0.05,-0.16,0.12,0.01,2.0,1.99,560,6.635,0.004,6.23,0.003,,0.386,0.007,G,0.45,0.01,H,,6.275,0.0006,0.006,112.0,,6.26,6.29,,,,,,,,1.0,,,,,,,,,,S,,,203.0,,C-23     4,P-23     1,0.45,F2IV,4,39.07776475185619,3.2303514294359275,6955.680236822806
H,561,,00 06 50.31,+68 10 01.7,11.79,,G,1.70960701,68.16712552,,3.17,1.37,-1.14,1.56,1.71,2.2,1.72,1.7,-0.04,0.15,0.31,0.02,-0.03,-0.06,0.0,0.08,0.11,-0.08,0.0,0.27,561,,,,,,0.71,0.02,G,0.76,0.02,R,,11.8733,0.0053,0.058,130.0,,11.77,11.97,,,,,,,,1.0,,,,,,,,,,,D,,,,,,0.76,,,315.45741324921136,4.295296311088756,5567.728737397792
H,562,,00 06 50.63,+20 33 35.1,8.22,,H,1.71097517,20.55974087,,3.69,2.91,7.43,0.77,0.58,1.0,0.84,0.63,0.35,0.16,0.05,0.11,0.12,-0.1,0.11,0.06,-0.08,0.42,1.0,-0.63,562,9.432,0.018,8.329,0.013,,0.951,0.017,T,0.94,0.01,L,,8.383,0.0011,0.012,105.0,,8.36,8.4,,C,,,,,,1.0,,,,,,,,,,S,,,196.0,B+19 5208,,,0.93,G5,S,271.0027100271003,1.0551318307953022,4863.551005898183
H,563,,00 06 50.68,+31 07 49.6,7.93,,H,1.71117886,31.13044847,,4.96,48.11,-10.64,0.93,0.49,0.97,1.04,0.56,0.02,0.25,-0.02,0.26,-0.07,0.04,-0.08,0.17,-0.08,0.08,0.0,-0.18,563,9.344,0.017,8.041,0.01,,1.107,0.015,T,1.07,0.02,L,,8.096,0.0014,0.01,89.0,,8.08,8.11,,C,,,,,,1.0,,,,,,,,,,,,,195.0,B+30 5090,,,1.05,K0,S,201.61290322580646,1.4074083824509867,4499.6956104745705
H,564,,00 06 51.31,-45 51 50.2,10.18,,G,1.71380391,-45.86393212,,0.77,14.88,23.2,1.26,0.99,1.61,1.38,1.29,-0.06,-0.03,-0.05,0.1,-0.19,-0.04,-0.21,0.04,0.34,-0.07,0.0,0.41,564,10.831,0.041,10.241,0.039,,0.58,0.02,G,0.65,0.02,H,,10.3192,0.0032,0.041,140.0,,10.21,10.39,,,,,,,,1.0,,,S,,,,,,,,,,216.0,,C-46     1,P-46     1,0.65,F5V,2,1298.7012987012986,-0.38754637413759063,6046.972924424451
H,565,,00 06 52.32,+01 51 39.6,8.98,,H,1.71801703,1.86101143,,6.64,52.67,7.45,1.2,0.64,1.23,1.48,0.7,0.3,0.13,0.14,-0.26,-0.1,0.0,-0.05,-0.12,0.09,0.05,0.0,-0.62,565,9.642,0.02,9.034,0.018,,0.567,0.024,T,0.64,0.02,L,,9.0997,0.0018,0.016,102.0,,9.07,9.13,,C,,,,,,1.0,,,,,,,,,,,,,199.0,B+01 4832,,,0.64,F8,S,150.60240963855424,3.090840396840088,6099.833677253124
H,566,,00 06 52.37,+49 22 55.6,9.13,,H,1.71819731,49.38212406,,1.34,-7.64,-3.97,0.89,0.78,1.33,1.08,0.94,-0.18,0.09,0.27,-0.32,0.15,0.0,0.19,0.04,0.14,-0.29,0.0,0.3,566,10.559,0.038,9.233,0.02,,1.125,0.034,T,1.09,0.04,L,,9.2975,0.0027,0.02,113.0,,9.25,9.34,,,,,,,,1.0,,,,,,,,,,,,,,B+48 4248,,,0.98,K0,S,746.2686567164178,-0.23447600817596026,4461.357473060969
H,567,,00 06 53.30,-38 52 39.7,6.91,,H,1.72206966,-38.87768936,,3.69,-11.35,8.97,0.68,0.47,0.8,0.77,0.61,0.0,0.06,0.01,-0.43,0.07,0.14,0.11,-0.17,0.07,-0.09,0.0,-0.45,567,8.351,0.008,7.028,0.005,,1.123,0.007,T,1.09,0.01,L,,7.0837,0.001,0.01,145.0,,7.06,7.1,,,,,,,,1.0,,,,,,,,,,S,,,213.0,,C-39     4,P-39     1,1.05,K0III,3,271.0027100271003,-0.25486816920469835,4465.583341670682
H,568,,00 06 53.37,-55 09 38.9,8.79,,H,1.72236956,-55.16079775,,1.16,16.42,-12.52,0.75,0.8,1.17,0.88,1.05,-0.23,-0.1,-0.05,0.05,0.06,0.12,0.08,-0.07,0.03,-0.2,0.0,-1.91,568,10.367,0.023,8.902,0.012,,1.234,0.02,T,1.19,0.02,L,,8.9491,0.0024,0.025,158.0,,8.91,8.99,,,,,,,,1.0,,,,,,,,,,,,,217.0,,,P-55     2,1.28,K3III,1,862.0689655172414,-0.8877100538654084,4243.079226783708
H,569,,00 06 53.95,-03 37 32.6,8.23,,G,1.72480379,-3.62572272,,18.71,-123.77,-222.42,1.05,0.64,1.05,1.12,0.66,0.22,0.03,-0.26,-0.52,-0.07,0.06,-0.05,-0.38,0.29,0.25,0.0,0.59,569,8.923,0.014,8.31,0.013,,0.58,0.012,G,0.65,0.01,H,,8.3487,0.0016,0.011,84.0,,8.33,8.37,,C,,,,,,1.0,,,,,,,,,,S,,,208.0,B-04 6025,,,0.65,G0,S,53.44735435595938,4.59036893750005,6046.972924424451
H,570,,00 06 55.38,-30 36 30.6,12.19,,H,1.73076217,-30.60851144,B,3.82,15.21,3.89,59.49,37.37,3.43,4.08,2.98,0.06,0.01,-0.01,0.13,-0.03,0.19,-0.04,0.01,0.0,0.02,1.0,-0.45,570,,,,,,,,,,,T,,12.0119,0.1504,,,B,,,,D,,,00069-3036,I,2.0,1.0,C,F,D,,,,,,,,,D,,,,,0.72,,,261.78010471204186,5.100316814558543,
H,571,,00 06 55.74,-30 36 11.1,10.24,,G,1.73226563,-30.6030818,A,3.82,15.21,3.89,3.97,2.56,3.43,4.08,2.98,0.06,0.05,0.01,-0.17,-0.04,0.19,-0.05,-0.21,0.0,0.02,1.0,-0.45,571,10.594,0.037,10.297,0.045,A,0.402,0.018,G,0.47,0.02,H,,10.3522,0.0388,0.057,109.0,A,10.23,10.43,,D,,,00069-3036,I,2.0,1.0,C,P,D,,,,,,,,,D,212.0,,C-31     6,P-31     4,0.47,F2/F3V,3,261.78010471204186,3.1503168145585434,6869.609713098875
H,572,,00 06 56.14,+38 12 09.4,8.83,,H,1.73390197,38.20259978,,2.0,1.4,-24.92,0.87,0.64,1.14,0.93,0.72,0.13,0.07,0.08,0.37,-0.08,-0.06,-0.06,0.25,0.11,0.2,0.0,1.99,572,10.274,0.03,8.962,0.017,,1.114,0.027,T,1.08,0.03,L,,8.9998,0.0018,0.013,112.0,,8.98,9.02,,,,,,,,1.0,,,,,,,,,,,,,,B+37 4937,,,1.04,G5,S,500.0,0.33514997831990634,4484.704322660731
H,573,,00 06 56.30,-43 59 07.0,7.62,,H,1.73459748,-43.98527,,3.73,41.23,16.72,0.59,0.61,0.94,0.71,0.84,0.03,-0.09,-0.22,0.1,-0.11,0.11,-0.1,-0.23,0.1,0.04,0.0,0.63,573,8.834,0.01,7.726,0.007,,0.955,0.009,T,0.94,0.01,L,,7.7801,0.0013,0.017,153.0,,7.75,7.81,,,,,,,,1.0,,,,,,,,,,S,,,228.0,,C-44     5,P-44     3,0.95,G8III,2,268.0965147453083,0.4785441590434383,4853.4453144401205
H,574,,00 06 59.50,-40 24 50.4,8.96,,H,1.74792713,-40.41400635,,4.04,20.34,-6.27,0.62,0.64,1.13,0.64,0.84,0.03,0.04,-0.19,0.23,-0.15,0.21,-0.13,-0.17,0.23,0.1,0.0,-0.08,574,9.474,0.013,9.001,0.012,,0.446,0.016,T,0.52,0.02,L,,9.0627,0.0019,0.02,174.0,,9.03,9.1,,,,,,,,1.0,,,,,,,,,,S,,,227.0,,C-41     6,P-41     4,0.54,F3IV/V,2,247.5247524752475,1.9919068255530252,6644.396553608211
H,575,,00 06 59.57,+65 32 19.4,10.41,,H,1.74821471,65.53871712,,2.89,-1.68,-1.36,1.45,1.38,1.9,1.69,1.39,-0.04,0.2,0.39,-0.17,-0.01,0.04,0.02,0.11,0.06,-0.24,0.0,2.31,575,10.964,0.051,10.458,0.053,,0.51,0.02,G,0.58,0.02,R,,10.5218,0.004,0.039,121.0,,10.47,10.59,,,,,,,,1.0,,,,,,,,,,,G,,,B+64 1899,,,0.58,B8,S,346.0207612456747,2.7144892137827403,6343.880598874681
H,576,,00 06 59.68,+53 58 29.5,8.97,,H,1.74865205,53.97486354,,3.75,-1.79,-4.2,0.71,0.77,1.18,0.92,0.96,-0.37,0.22,0.06,0.12,-0.12,0.06,-0.12,0.19,0.0,-0.29,0.0,-0.46,576,9.016,0.009,8.967,0.012,,0.05,0.014,T,0.06,0.01,L,,8.9896,0.0016,0.022,187.0,,8.94,9.03,,,,,,,,1.0,,,,,,,,,,,,,206.0,B+53 3291,,,0.02,A,S,266.6666666666667,1.8401563386385948,9541.500263149748
H,577,,00 07 00.54,+32 52 13.0,9.61,,H,1.75224377,32.87028504,,15.97,176.9,-76.84,1.17,0.78,1.47,1.54,1.02,0.22,0.26,0.01,0.27,0.12,-0.18,0.07,0.37,-0.17,0.36,2.0,0.86,577,10.58,0.045,9.711,0.032,,0.761,0.042,T,0.8,0.03,L,,9.754,0.0027,0.017,92.0,,9.73,9.79,,,,,,,,1.0,,,,,,,,,,,,,,B+32 4772,,,0.79,G5,S,62.61740763932373,5.626524580692414,5401.1025473633135
H,578,,00 07 01.99,+22 50 40.2,8.29,2.0,H,1.75830785,22.84448874,,8.4,11.06,-15.23,0.79,0.54,0.93,0.9,0.6,0.14,0.09,-0.13,0.29,-0.05,0.12,-0.03,0.11,0.04,0.17,0.0,0.74,578,8.729,0.012,8.333,0.012,,0.387,0.015,G,0.45,0.02,H,,8.3798,0.0013,0.015,101.0,,8.35,8.45,,U,,,,,,1.0,,,,,,,,,,S,,,222.0,B+22 4955,,,0.45,F0,S,119.04761904761904,2.9113964303094084,6950.232159734053
H,579,,00 07 02.43,+05 17 16.9,8.3,2.0,H,1.76013095,5.28802852,,0.43,-4.57,-13.5,1.12,0.63,1.15,1.12,0.69,0.28,0.06,-0.04,-0.37,0.0,0.09,0.0,-0.17,0.19,0.42,0.0,-0.88,579,10.353,0.034,8.525,0.014,,1.552,0.03,T,2.41,0.06,O,,8.3312,0.0024,0.024,85.0,,8.28,8.36,,U,2.0,,,,,1.0,,,,,,,,,,,,,223.0,B+04 5089,,,2.57,M...,S,2325.5813953488373,-3.5326577221020656,3716.932700830959
H,580,,00 07 02.57,-18 49 14.7,8.26,,H,1.76070652,-18.82075644,,4.01,59.16,9.4,0.89,0.55,1.06,1.24,0.52,0.22,0.32,0.09,0.01,0.07,-0.02,0.02,-0.18,0.09,-0.09,2.0,0.16,580,8.832,0.013,8.295,0.012,,0.494,0.02,G,0.57,0.02,H,,8.3645,0.0014,0.013,113.0,,8.33,8.39,,,,,,,,1.0,,,,,,,,,,S,,,225.0,B-09 6570,,,0.57,F5,S,249.37655860349128,1.2757218631009115,6416.2266051943725
H,581,,00 07 04.16,+06 52 32.2,7.44,,G,1.76733158,6.87560716,,7.12,-36.14,-24.37,0.83,0.52,0.92,0.87,0.54,0.29,0.13,-0.02,-0.07,0.12,-0.01,0.12,-0.02,0.13,0.37,0.0,3.04,581,7.695,0.007,7.471,0.009,,0.203,0.015,G,0.22,0.02,H,,7.5062,0.0011,0.009,89.0,,7.49,7.53,,C,,,,,,1.0,,,,,,,,,,S,,,231.0,B+06 5242,,,0.22,A5,S,140.4494382022472,1.7023999681842819,8139.861558496986
H,582,,00 07 05.48,+62 23 33.8,9.52,,H,1.77282221,62.39273559,,4.4,7.17,-2.62,0.75,0.87,1.07,0.94,1.1,-0.13,0.14,0.17,0.05,0.07,0.01,0.08,0.01,0.03,-0.09,0.0,1.34,582,9.668,0.018,9.462,0.023,,0.19,0.029,T,0.21,0.03,L,,9.5755,0.0017,0.019,115.0,,9.54,9.61,,,,,,,,1.0,,,,,,,,,,,G,,,B+61 2594,,,0.36,A0V,X,227.27272727272725,2.737263382430937,8241.214577063694
H,583,,00 07 06.12,+85 24 17.5,8.2,,H,1.77548337,85.40485204,,4.41,28.93,3.5,0.62,0.59,0.71,0.67,0.6,-0.08,0.07,0.1,-0.09,-0.12,0.06,-0.11,-0.08,0.13,-0.19,0.0,1.17,583,8.538,0.009,8.227,0.01,,0.295,0.013,T,0.34,0.02,L,,8.2782,0.0016,0.017,134.0,,8.26,8.32,,,,,,,,1.0,,,,,,,,,,S,,,174.0,B+84  546,,,0.29,A3,S,226.75736961451244,1.4221929473391928,7493.78895863985
H,584,H,00 07 07.57,-15 51 00.3,8.68,,G,1.78153664,-15.8500875,*,7.89,72.06,-29.35,3.79,3.06,2.34,2.62,1.29,0.44,-0.11,-0.08,0.3,0.06,0.4,-0.01,-0.2,0.18,0.3,2.0,-0.11,584,9.245,0.014,8.746,0.014,*,0.529,0.015,G,0.6,0.02,H,*,8.7833,0.0018,0.014,102.0,*,8.76,8.8,,,,,00071-1551,H,1.0,2.0,C,,B,AB,201.0,0.27,0.044,2.91,0.46,S,,,233.0,B-16 6419,,,0.6,F5V,4,126.7427122940431,3.1653850160471,6260.222136267419
H,585,,00 07 07.79,-30 33 41.7,8.65,,G,1.78247366,-30.56157424,,4.33,19.77,3.6,1.03,0.63,1.16,1.32,0.79,-0.03,-0.07,0.07,-0.24,0.05,0.26,0.03,-0.24,-0.03,-0.21,2.0,-0.01,585,8.734,0.011,8.667,0.014,,0.061,0.004,G,0.07,0.0,H,,8.6909,0.0019,0.016,112.0,,8.66,8.72,,,,,,,,1.0,,,,,,,,,,S,,,235.0,,C-31    10,P-31     5,0.07,A1V,3,230.94688221709006,1.8324394817668281,9422.936975494651
H,586,,00 07 08.01,-23 02 10.1,10.52,,H,1.78337358,-23.03614091,,6.74,24.5,-44.35,1.89,1.08,2.27,2.4,1.11,0.01,0.35,-0.24,-0.01,0.01,0.02,-0.02,-0.27,0.01,-0.03,0.0,0.3,586,11.254,0.062,10.707,0.062,,0.512,0.078,T,0.58,0.08,L,,10.6315,0.0034,0.033,110.0,,10.57,10.68,,C,,,,,,1.0,,,,,,,,,,,G,,,,C-23     6,,0.7,G0,S,148.3679525222552,4.6632994826765986,6334.960933732096
H,587,,00 07 08.26,-37 55 44.9,8.41,,H,1.78443728,-37.92914178,,5.14,-15.77,-10.95,0.78,0.59,1.01,0.97,0.8,0.18,0.17,0.12,-0.26,-0.01,-0.06,0.0,-0.1,-0.01,0.11,0.0,-0.63,587,8.893,0.011,8.453,0.011,,0.405,0.015,G,0.47,0.02,H,,8.503,0.0015,0.015,131.0,,8.48,8.53,,,,,,,,1.0,,,,,,,,,,S,,,243.0,,C-38     7,P-38     3,0.47,F3V,3,194.55252918287937,1.964815594976379,6853.728300608523
H,588,,00 07 08.32,+14 49 25.5,9.18,,H,1.78467109,14.82374977,,5.85,12.04,-9.08,0.98,0.7,1.26,1.11,0.85,0.45,0.04,-0.13,-0.08,-0.04,0.16,-0.03,-0.03,0.18,0.62,0.0,0.39,588,9.566,0.018,9.215,0.019,,0.333,0.024,T,0.39,0.03,L,,9.2587,0.0016,0.018,121.0,,9.23,9.31,,C,,,,,,1.0,,,,,,,,,,S,,,,B+14 5099,,,0.35,F2,S,170.94017094017093,3.0157793304109024,7258.381277715198
H,589,,00 07 09.06,+72 46 30.8,8.42,,H,1.78773802,72.77522493,,4.84,19.28,-2.33,0.69,0.72,0.88,0.81,0.71,0.03,0.1,0.4,0.18,0.03,0.01,-0.01,-0.16,-0.08,-0.08,0.0,-2.17,589,8.793,0.01,8.429,0.01,,0.345,0.013,T,0.4,0.02,L,,8.5062,0.0016,0.016,131.0,,8.47,8.53,,,,,,,,1.0,,,,,,,,,,S,,,204.0,B+71 1250,,,0.28,A3,S,206.61157024793388,1.8442268082220616,7187.3526857834595
H,590,,00 07 10.18,+34 51 13.7,8.86,2.0,H,1.79242036,34.85379559,,3.28,1.0,-0.56,0.99,0.62,1.1,1.31,0.72,-0.03,0.01,0.08,-0.25,0.07,0.09,0.1,0.22,-0.01,-0.15,0.0,0.91,590,10.983,0.053,9.155,0.019,,1.552,0.046,T,3.07,0.06,O,,8.7467,0.0102,0.109,99.0,,8.63,8.94,,U,2.0,,,,,1.0,,,S,,,,,,,,,P,,B+34 5067,,,3.39,M5,S,304.8780487804878,1.4393692185583946,3716.932700830959
H,591,,00 07 11.02,+46 45 25.3,7.92,,H,1.79591904,46.75702172,,4.03,-4.94,-17.99,0.58,0.51,0.9,0.65,0.59,-0.06,0.12,0.07,-0.19,0.17,-0.14,0.19,0.2,0.16,-0.05,0.0,-1.2,591,9.265,0.012,8.03,0.008,,1.054,0.011,T,1.02,0.01,L,,8.0856,0.0013,0.015,156.0,,8.06,8.11,,,,,,,,1.0,,,,,,,,,,,,,230.0,B+45 4418,,,1.01,K0,S,248.13895781637714,0.9465252307055483,4616.717083828433
H,593,,00 07 12.59,+06 12 15.6,8.85,,H,1.80243855,6.20432213,,4.19,-7.73,-16.86,1.26,0.67,1.28,1.34,0.7,0.23,-0.13,0.05,-0.3,0.12,0.02,0.11,0.01,0.05,0.24,0.0,-0.12,593,9.211,0.016,8.871,0.017,,0.323,0.022,T,0.37,0.03,L,,8.931,0.0016,0.012,81.0,,8.91,8.95,,C,,,,,,1.0,,,,,,,,,,,,,238.0,B+05 5263,,,0.3,A3,S,238.6634844868735,1.9610701148314762,7318.753220964585
H,594,,00 07 12.67,-60 04 14.9,9.31,1.0,H,1.80277966,-60.07079486,,6.51,53.87,-15.5,0.84,0.88,1.2,0.89,1.03,-0.08,-0.14,-0.16,-0.3,0.07,0.14,0.1,0.09,-0.18,-0.06,0.0,-0.6,594,9.611,0.016,9.369,0.019,,0.226,0.025,T,0.25,0.03,L,,9.3791,0.0032,0.028,139.0,,9.34,9.45,,U,,,,,,1.0,,,,,,,,,,,,,260.0,,,P-60     1,0.29,A9V,1,153.60983102918587,3.37790494284096,7967.094933834219
H,595,,00 07 12.78,-22 01 39.6,10.28,,H,1.80323898,-22.02767673,,6.34,-13.65,-22.71,1.63,0.94,2.0,2.59,1.05,0.06,0.07,-0.09,-0.35,0.11,0.2,0.11,-0.35,0.29,-0.05,0.0,-1.8,595,10.777,0.044,10.349,0.048,,0.503,0.015,G,0.58,0.02,H,,10.3904,0.0031,0.028,108.0,,10.33,10.44,,C,,,,,,1.0,,,,,,,,,,,,,241.0,B-22 6265,C-22     4,P-22     3,0.58,F3V,4,157.72870662460568,4.290446289408663,6375.314140191938
H,596,,00 07 13.29,-76 43 51.3,7.56,,H,1.80537479,-76.73091557,,11.92,78.25,-5.43,0.51,0.51,0.61,0.59,0.54,-0.01,0.11,-0.14,0.08,0.04,0.02,0.04,0.03,-0.06,0.15,2.0,1.53,596,8.025,0.007,7.597,0.007,,0.419,0.013,G,0.49,0.01,H,,7.6537,0.0011,0.012,135.0,,7.64,7.68,,C,,,,,,1.0,,,,,,,,,,S,,,276.0,,,P-77     1,0.49,F5IV-V,X,83.89261744966443,2.9413812770210876,6780.656605633341
H,597,,00 07 13.71,+73 12 37.1,7.88,,G,1.80711473,73.21031615,,4.23,39.29,-8.02,0.55,0.64,0.74,0.6,0.65,-0.05,0.03,0.38,-0.12,0.03,0.17,-0.04,-0.14,-0.04,-0.21,0.0,-1.75,597,8.34,0.008,7.899,0.01,,0.407,0.015,G,0.47,0.02,H,,7.9708,0.0014,0.012,124.0,,7.95,7.99,,,,,,,,1.0,,,,,,,,,,S,,,219.0,B+72 1140,,,0.47,F2,S,236.40661938534276,1.0117018368752122,6843.184916139754
H,598,,00 07 14.46,+20 33 20.6,7.99,,H,1.81025436,20.55571109,,3.54,12.29,1.16,0.81,0.59,1.0,0.95,0.74,0.33,0.12,-0.03,0.16,0.28,-0.23,0.25,0.32,-0.13,0.49,3.0,1.02,598,9.844,0.023,8.117,0.011,,1.441,0.02,T,1.44,0.03,L,,8.1267,0.0015,0.011,107.0,,8.11,8.15,,C,,,,,,1.0,,,,,,,,,,S,,,236.0,B+19 5210,,,1.37,K0,S,282.4858757062147,0.7350163101289393,3884.462695189797
H,599,,00 07 15.43,-41 53 22.6,8.23,,G,1.81427471,-41.88961116,,17.18,-63.89,18.52,0.66,0.56,1.0,0.75,0.83,-0.05,-0.1,-0.15,0.31,-0.17,0.17,-0.23,-0.18,0.27,-0.08,1.0,-0.66,599,8.963,0.01,8.292,0.009,,0.599,0.002,G,0.67,0.0,H,,8.3564,0.0013,0.014,156.0,,8.33,8.39,,,,,,,,1.0,,,,,,,,,,S,,,259.0,,C-42     3,P-42     3,0.67,F8/G0V,2,58.20721769499418,4.4051157974761175,5971.461669160834
H,600,,00 07 16.64,-27 23 52.0,8.52,,H,1.81932153,-27.39777661,,2.2,-13.4,-25.19,1.13,0.67,1.24,1.73,0.69,0.03,0.06,-0.16,-0.14,-0.04,0.17,-0.05,-0.38,0.08,-0.29,2.0,1.28,600,9.899,0.02,8.626,0.012,,1.084,0.018,T,1.05,0.01,L,,8.685,0.0016,0.018,110.0,,8.65,8.72,,C,,,,,,1.0,,,,,,,,,,S,,,257.0,,C-28     6,P-28     2,1.09,K1III,3,454.5454545454545,0.23211340411103087,4549.703515239823
H,601,H,00 07 18.15,+20 57 56.2,9.14,,G,1.82562487,20.96559758,A,17.98,4.66,-218.76,2.24,1.56,2.35,1.99,1.4,0.29,0.03,-0.02,-0.04,0.1,-0.08,0.1,0.13,-0.1,0.36,5.0,1.86,601,10.073,0.028,9.23,0.021,A,0.74,0.015,G,0.79,0.01,H,*,9.1243,0.0019,0.017,106.0,*,9.09,9.15,,D,,,00073+2058,H,1.0,2.0,C,,A,AB,165.0,3.129,0.02,2.28,0.05,,,,250.0,B+20 5430,,,0.79,G5,S,55.61735261401557,5.41394843698605,5468.4090187676065
H,602,,00 07 18.27,-17 23 13.3,6.2,,H,1.82613856,-17.38703103,,6.24,-10.77,17.02,0.79,0.42,0.85,1.01,0.41,0.13,0.27,0.14,-0.29,0.13,0.12,0.13,-0.21,0.07,-0.17,0.0,2.25,602,6.361,0.004,6.219,0.006,,0.133,0.005,G,0.15,0.01,H,,6.2536,0.0009,0.008,94.0,,6.24,6.27,,C,,,,,,1.0,,,,,,,,,,S,,,256.0,B-18 6428,,,0.15,A2IV/V,4,160.25641025641025,0.17592294841211942,8720.653940155162
H,603,H,00 07 18.39,+07 42 12.9,7.64,,G,1.82662524,7.70357212,A,5.87,-4.44,-5.68,2.45,1.46,1.72,1.83,0.91,0.21,0.16,0.02,-0.02,0.1,0.02,0.1,-0.07,0.12,0.26,1.0,-0.27,603,8.204,0.012,7.718,0.009,*,0.493,0.015,G,0.57,0.02,H,*,7.7436,0.0011,0.009,89.0,*,7.72,7.76,,D,,,00073+0742,H,1.0,2.0,C,,A,AB,321.0,0.428,0.002,0.05,0.01,S,,,251.0,B+06 5243,,,0.57,F5,S,170.35775127768312,1.4831905062380715,6420.80748744367
H,604,,00 07 19.49,+01 39 54.3,8.95,,H,1.8312275,1.66508782,,8.23,-81.37,-4.47,1.12,0.69,1.18,1.45,0.73,0.25,0.14,0.01,-0.19,-0.03,0.07,-0.02,-0.19,0.08,0.04,0.0,1.97,604,9.715,0.022,9.006,0.019,,0.653,0.024,T,0.72,0.02,L,,9.0823,0.0023,0.018,95.0,,9.05,9.13,,,,,,,,1.0,,,,,,,,,,,,,253.0,B+00 5087,,,0.66,G0,S,121.50668286755771,3.5269991760613486,5767.483783351441
H,605,,00 07 22.04,-56 50 12.7,7.48,1.0,H,1.84185174,-56.83685592,,2.87,14.39,-20.88,0.61,0.59,0.87,0.74,0.69,-0.18,0.03,-0.09,-0.02,0.0,-0.05,0.0,-0.07,0.05,-0.09,1.0,-0.17,605,9.493,0.014,7.651,0.006,,1.532,0.012,T,1.58,0.03,L,,7.5982,0.002,0.022,152.0,,7.56,7.63,,U,,,,,,1.0,,,,,,,,,,S,,,273.0,,,P-57     6,1.47,K5III,1,348.4320557491289,-0.2305905163300377,3746.0011903569207
H,606,,00 07 22.41,-25 21 22.8,7.06,,H,1.84336535,-25.35632439,,20.63,210.67,-133.54,0.87,0.5,0.91,1.18,0.5,-0.02,0.2,-0.11,0.09,-0.04,0.07,-0.03,-0.26,0.12,-0.1,2.0,-1.14,606,7.602,0.006,7.106,0.007,,0.463,0.015,G,0.53,0.02,H,,7.1628,0.001,0.008,104.0,,7.15,7.18,,,,,,,,1.0,,,,,,,,,,S,,,268.0,,C-26     8,P-26     3,0.53,F5V,4,48.47309743092583,3.632496139865758,6561.602109895485
H,607,,00 07 22.48,+26 27 03.2,7.33,,H,1.84365756,26.45088655,,9.37,131.2,-117.65,0.68,0.44,0.84,0.83,0.52,0.13,0.23,0.07,0.05,-0.02,0.04,0.03,0.05,0.23,0.07,0.0,-0.02,607,8.618,0.011,7.438,0.007,,1.011,0.01,T,0.99,0.01,L,,7.4919,0.0011,0.009,99.0,,7.48,7.51,,C,,,,,,1.0,,,,,,,,,,S,,,249.0,B+25 5073,,,0.98,K1IV,X,106.72358591248667,2.188697954438891,4716.48182136663
H,608,H,00 07 22.90,-11 02 00.1,8.98,,H,1.84541576,-11.03336416,A,1.52,-27.64,-13.11,1.83,1.33,2.42,2.81,1.27,0.5,0.02,0.12,-0.27,-0.01,0.45,-0.14,-0.28,0.27,0.43,1.0,-0.39,608,10.133,0.028,9.108,0.018,A,0.739,0.126,G,0.93,0.06,L,*,9.1373,0.0013,0.018,131.0,*,9.1,9.17,,D,,,00074-1102,H,1.0,2.0,C,,C,AB,176.0,1.076,0.042,3.48,0.23,S,,,266.0,B-11 6205,,,0.93,G5,S,657.8947368421053,-0.11078206027613824,5471.658760735893
H,609,,00 07 23.23,-11 36 46.5,8.24,,H,1.846808,-11.61292585,,7.19,-4.62,-11.17,0.94,0.64,1.22,1.42,0.63,0.45,-0.12,-0.15,-0.1,-0.07,0.21,-0.15,-0.42,0.24,0.35,0.0,0.89,609,8.554,0.009,8.269,0.01,,0.271,0.013,T,0.31,0.02,L,,8.3113,0.0018,0.016,123.0,,8.28,8.34,,,,,,,,1.0,,,,,,,,,,S,,,267.0,B-12 6617,,,0.24,A6:m...,4,139.08205841446454,2.5236444519144126,7651.2894634358
H,611,,00 07 25.27,-40 28 46.5,8.53,,H,1.85529015,-40.47958534,,7.21,185.87,10.37,0.68,0.97,1.14,1.04,1.35,0.32,-0.09,-0.39,-0.22,-0.49,0.3,-0.29,-0.63,0.41,0.44,0.0,0.69,611,9.679,0.015,8.62,0.01,,0.909,0.014,T,0.91,0.01,L,,8.6727,0.0015,0.016,169.0,,8.64,8.71,,C,,,,,,1.0,G,,,,,,,,,S,,,270.0,,C-41     8,P-41     5,0.93,K0V,2,138.69625520110955,2.819676323597145,4972.41308826234
H,610,,00 07 25.90,-77 29 39.0,8.4,2.0,H,1.85792694,-77.49416581,,2.19,-0.76,-9.52,0.7,0.63,0.77,0.82,0.63,0.1,0.02,-0.15,0.15,0.02,0.09,0.04,-0.02,-0.05,0.14,0.0,0.56,610,9.676,0.021,8.493,0.014,,1.014,0.02,T,0.99,0.02,L,,8.5622,0.0023,0.028,119.0,,8.53,8.69,,U,2.0,,00075-7730,I,1.0,1.0,,,,,,,,,,,,P,312.0,,,P-78     1,0.98,G8III,1,456.6210045662101,0.10222057420059194,4709.374122196646
H,612,,00 07 28.06,-56 00 41.6,7.48,,H,1.86689616,-56.01154749,,7.51,73.66,26.59,0.51,0.57,0.77,0.54,0.68,-0.15,-0.01,-0.23,-0.07,0.1,0.06,0.13,-0.12,0.04,-0.07,2.0,-1.01,612,8.006,0.005,7.526,0.006,,0.466,0.006,G,0.54,0.01,H,,7.5876,0.0009,0.013,179.0,,7.56,7.61,,C,,,,,,1.0,,,,,,,,,,S,,,285.0,,,P-56    10,0.54,F5IV/V,1,133.15579227696406,1.8581996850208418,6547.222484879559
H,613,,00 07 29.26,+17 18 09.9,8.46,,H,1.87192965,17.30273637,,1.63,3.19,0.23,0.84,0.59,1.06,1.0,0.75,0.34,-0.02,-0.09,0.12,0.03,-0.05,0.02,0.14,-0.1,0.48,0.0,-0.37,613,10.546,0.033,8.609,0.013,,1.59,0.015,G,1.56,0.01,J,,8.5765,0.0015,0.015,111.0,,8.55,8.61,,,,,,,,1.0,,,,,,,,,,,,,264.0,B+16    1,,,1.56,K0,S,613.4969325153374,-0.47906197798021033,3662.9728797773446
H,614,,00 07 31.23,+35 44 44.7,9.29,,H,1.88011435,35.74574814,,2.41,-11.32,-3.79,0.93,0.62,1.07,1.2,0.73,-0.04,0.16,-0.04,0.09,-0.01,-0.05,-0.01,0.32,-0.03,-0.06,0.0,0.19,614,10.658,0.043,9.48,0.025,,1.01,0.039,T,0.99,0.03,L,,9.4531,0.0022,0.017,114.0,,9.43,9.48,,C,,,,,,1.0,,,,,,,,,,,,,,B+34    1,,,1.05,K0,S,414.93775933609953,1.2000852128743418,4718.856086025702
H,615,,00 07 31.29,+24 19 16.4,8.57,,H,1.88037933,24.32121026,,5.48,24.98,-1.18,0.75,0.52,0.94,0.78,0.63,0.15,0.18,-0.12,0.0,0.11,-0.12,0.09,0.13,0.01,0.29,0.0,0.08,615,8.859,0.012,8.597,0.013,,0.249,0.017,T,0.28,0.02,L,,8.6437,0.0015,0.011,103.0,,8.62,8.67,,,,,,,,1.0,,,,,,,,,,,,,282.0,B+23    2,,,0.21,A5,S,182.4817518248175,2.263902792421846,7802.1848608539185
H,616,,00 07 32.34,-23 49 08.2,8.7,,H,1.88473813,-23.8189432,,30.76,319.74,92.09,1.05,0.62,1.21,1.22,0.7,0.08,0.09,-0.03,-0.04,0.05,0.12,0.05,-0.14,0.0,0.13,0.0,-0.75,616,9.687,0.019,8.789,0.014,,0.798,0.003,G,0.84,0.0,H,,8.8434,0.0024,0.017,109.0,,8.82,8.87,,C,,,,,,1.0,,,,,,,,,,,,,283.0,,C-24     8,P-24     3,0.83,K0V,4,32.50975292587776,6.139931655646967,5286.7087555232765
H,617,,00 07 32.79,+32 00 31.6,8.5,,H,1.88664549,32.0087787,,10.08,-32.12,-14.06,0.76,0.58,0.93,0.83,0.65,0.21,0.3,0.13,0.23,-0.01,-0.08,0.02,0.25,0.04,0.2,0.0,0.81,617,9.039,0.015,8.56,0.014,,0.451,0.019,T,0.52,0.02,L,,8.5966,0.0015,0.011,108.0,,8.58,8.61,,C,,,,,,1.0,,,,,,,,,,,,,,B+31    1,,,0.49,F5,S,99.2063492063492,3.517302660547532,6619.8111716624835
H,618,H,00 07 34.70,-60 38 30.2,8.37,,H,1.89458828,-60.64172798,A,8.86,40.28,-38.19,1.11,1.26,1.46,1.18,1.39,-0.07,-0.12,-0.06,-0.01,0.09,0.11,0.11,0.23,-0.17,-0.04,1.0,0.91,618,9.05,0.016,8.4,0.015,*,0.595,0.016,T,0.67,0.01,L,*,8.5011,0.0019,0.019,147.0,*,8.47,8.53,,D,,,00076-6039,I,1.0,2.0,C,,A,AB,30.0,5.437,0.016,2.63,0.08,S,,,309.0,,,P-61     1,0.58,F7V,1,112.86681715575622,3.107168609435253,5987.189979065372
H,619,,00 07 35.18,+31 40 08.6,6.87,,H,1.89656955,31.66904954,,6.05,8.35,-20.12,0.67,0.45,0.77,0.73,0.5,0.08,0.17,0.12,0.28,-0.15,-0.16,-0.12,0.18,0.03,0.08,0.0,0.64,619,8.315,0.01,6.991,0.006,,1.124,0.009,T,1.09,0.01,L,,7.0364,0.0005,0.006,103.0,,7.03,7.05,,D,,,00076+3140,I,1.0,1.0,,,,,,,,,,S,,,281.0,B+30    1,,,1.09,G5,S,165.28925619834712,0.7787768732623439,4463.469356535613
H,621,,00 07 36.58,-62 18 54.3,7.5,2.0,H,1.90242019,-62.31507712,,2.5,3.01,-7.34,0.53,0.52,0.69,0.64,0.63,-0.12,0.03,-0.1,-0.08,0.11,-0.11,0.09,0.2,-0.14,-0.07,0.0,0.21,621,9.709,0.018,7.698,0.008,,1.703,0.016,T,2.09,0.05,O,,7.5704,0.0038,0.031,142.0,,7.53,7.62,,U,2.0,,,,,1.0,,,,,,,,,,S,,,310.0,,,P-63     5,1.96,M1III,1,400.0,-0.5102999566398108,3511.6917833337834
H,620,,00 07 36.78,-86 02 19.6,7.39,,H,1.90322981,-86.03877612,,2.53,22.73,6.98,0.45,0.49,0.57,0.58,0.49,0.11,-0.02,-0.17,-0.02,0.11,-0.08,0.08,0.04,-0.04,0.09,0.0,-0.6,620,7.369,0.005,7.378,0.006,,-0.018,0.003,G,0.0,0.0,H,,7.3925,0.0009,0.01,137.0,,7.37,7.41,,C,,,,,,1.0,,,,,,,,,,S,,,385.0,,,P-86     2,0.0,B9IV,1,395.2569169960475,-0.5943973941209117,10355.461805136052
H,624,,00 07 37.41,-45 07 09.5,8.19,,G,1.90586322,-45.11929768,,8.21,27.82,-98.92,0.73,0.6,0.99,0.81,0.72,0.03,0.13,-0.15,0.09,-0.16,0.09,-0.13,-0.13,0.21,0.04,1.0,-0.13,624,8.914,0.011,8.279,0.01,,0.584,0.002,G,0.66,0.0,H,,8.3276,0.0016,0.016,131.0,,8.3,8.36,,C,,,,,,1.0,,,,,,,,,,S,,,307.0,,C-45     7,P-45     4,0.66,F8/G0V,2,121.80267965895248,2.761715785597203,6030.905632789332
H,622,H,00 07 37.42,+52 46 22.8,7.56,,H,1.90590207,52.7729898,A,2.74,-7.6,-8.5,0.86,0.9,1.26,1.04,1.0,-0.4,-0.12,0.16,-0.06,0.14,0.22,0.14,-0.17,-0.1,-0.42,1.0,0.03,622,8.696,0.008,7.686,0.006,A,0.9,0.495,G,0.9,0.01,L,*,7.7158,0.0013,0.014,187.0,*,7.69,7.74,,,,,00076+5246,I,1.0,2.0,C,,B,AB,84.0,3.667,0.03,3.53,0.14,S,,,278.0,B+51    2,,,0.9,G5,S,364.963503649635,-0.2512471858980607,4996.415833275054
H,623,,00 07 37.42,+53 31 35.5,8.37,1.0,G,1.9059326,53.52653764,,9.73,53.08,1.91,0.57,0.63,1.0,0.78,0.77,-0.44,0.17,0.05,0.2,-0.08,-0.09,-0.06,0.13,0.07,-0.36,0.0,-0.99,623,8.758,0.008,8.381,0.008,,0.379,0.015,G,0.44,0.02,H,,8.4573,0.0025,0.033,236.0,,8.4,8.51,0.93,P,1.0,A,,,,1.0,,,,,,,,,,,,,277.0,B+52    2,,,0.44,F0,S,102.77492291880782,3.3105642013417587,6994.078455052008
H,625,,00 07 37.68,+40 04 42.7,7.39,,H,1.90698995,40.07851976,,5.37,35.24,-8.78,0.64,0.45,0.8,0.71,0.55,0.02,0.1,0.03,0.39,0.0,-0.18,0.0,0.39,0.0,0.14,3.0,-0.55,625,8.672,0.01,7.497,0.007,,1.008,0.01,T,0.98,0.01,L,,7.5541,0.0008,0.008,126.0,,7.54,7.57,,C,,,,,,1.0,,,,,,,,,,S,,,279.0,B+39    2,,,0.99,K0,S,186.21973929236498,1.0398714284977784,4723.612187790311
H,626,,00 07 37.94,+40 08 52.8,6.73,,H,1.90808924,40.14799609,,10.14,-25.03,-17.45,0.6,0.43,0.73,0.66,0.53,0.01,0.12,0.02,0.43,-0.02,-0.1,-0.03,0.46,-0.03,0.12,0.0,0.67,626,7.939,0.008,6.837,0.004,,0.951,0.007,T,0.94,0.01,L,,6.8949,0.0006,0.007,130.0,,6.88,6.91,,C,,,00076+4009,I,1.0,1.0,,,,,,,,,,S,,,290.0,B+39    3,,,0.94,G5,S,98.61932938856015,1.7601897749865865,4863.551005898183
H,627,,00 07 39.11,-66 53 43.4,8.66,,H,1.91294578,-66.89539355,,2.38,15.51,2.67,0.68,0.68,0.88,0.7,0.73,-0.07,0.04,-0.22,-0.14,-0.02,0.08,0.0,-0.16,0.01,-0.02,2.0,-0.38,627,9.63,0.016,8.743,0.013,,0.79,0.015,T,0.82,0.01,L,,8.8127,0.002,0.019,130.0,,8.77,8.86,,,,,,,,1.0,,,,,,,,,,S,,,324.0,,,P-67     1,0.83,G3III,1,420.16806722689074,0.5428847852825598,5311.003662742578
H,628,,00 07 40.01,+01 05 39.3,8.25,,G,1.91669898,1.09425779,,2.89,-15.98,-22.12,1.05,0.57,1.06,1.33,0.61,0.14,0.18,-0.02,-0.05,-0.02,0.22,-0.01,-0.1,0.03,-0.1,0.0,0.87,628,8.45,0.011,8.271,0.012,,0.17,0.015,G,0.19,0.01,H,,8.2876,0.0014,0.012,82.0,,8.27,8.32,,,,,,,,1.0,,,,,,,,,,S,,,294.0,B+00    3,,,0.19,A0,S,346.0207612456747,0.5544892137827402,8402.695283320794
H,629,,00 07 40.19,-07 55 16.7,8.47,,H,1.91744231,-7.92129475,,3.33,10.4,-11.57,0.98,0.73,1.15,1.28,0.67,0.38,-0.12,-0.25,-0.16,-0.15,0.16,-0.18,-0.49,0.23,0.34,0.0,-0.02,629,9.681,0.019,8.576,0.013,,0.953,0.018,T,0.94,0.01,L,,8.632,0.0015,0.016,102.0,,8.61,8.66,,,,,,,,1.0,,,,,,,,,,S,,,305.0,B-08    2,,,0.95,G5,S,300.3003003003003,1.0822211675316007,4858.492605410197
H,630,,00 07 40.51,+39 02 05.7,8.01,,H,1.91877912,39.03491283,,9.58,-67.6,-56.82,0.76,0.53,0.89,0.83,0.64,-0.08,-0.02,0.1,0.55,-0.14,-0.07,-0.16,0.52,0.06,0.08,0.0,-0.04,630,8.542,0.009,8.057,0.009,,0.456,0.012,T,0.53,0.01,L,,8.1159,0.0012,0.011,141.0,,8.09,8.14,,C,,,,,,1.0,,,,,,,,,,S,,,291.0,B+38    2,,,0.51,F5,S,104.38413361169103,2.9168275453927226,6595.421995871784
H,631,,00 07 40.92,-65 55 56.2,6.83,,H,1.92048929,-65.93227482,,7.84,29.3,-62.83,0.51,0.51,0.65,0.55,0.53,0.06,-0.07,-0.17,-0.12,0.02,0.16,0.05,-0.16,0.02,0.15,0.0,-0.87,631,8.318,0.008,6.95,0.005,,1.158,0.007,T,1.12,0.01,L,,6.9943,0.001,0.011,144.0,,6.98,7.01,,C,,,,,,1.0,,,,,,,,,,S,,,323.0,,,P-66     2,1.13,K1/K2III,1,127.55102040816327,1.3015803134221926,4392.823418542202
H,632,H,00 07 40.98,-56 14 58.4,9.06,2.0,H,1.92073631,-56.24955098,*,1.6,20.14,3.36,0.89,0.94,1.32,0.9,1.22,-0.25,0.2,-0.12,-0.11,0.14,0.0,0.16,-0.02,0.02,-0.12,4.0,0.89,632,11.217,0.045,9.317,0.015,*,1.074,0.197,G,1.04,0.16,R,*,9.2287,0.004,0.041,169.0,*,9.17,9.3,,U,2.0,,00077-5615,H,1.0,2.0,C,S,C,AB,70.0,0.142,0.086,1.83,1.62,,,,322.0,,,P-56    13,1.04,M2III:,1,625.0,0.08059991327962379,4571.812794777759
H,633,,00 07 42.61,-46 32 40.8,8.79,,H,1.92754108,-46.54467295,,4.21,35.12,-16.78,0.99,0.68,1.16,1.13,0.96,-0.12,0.03,0.0,0.03,0.05,0.12,0.07,-0.07,0.08,-0.05,0.0,1.15,633,10.257,0.024,8.929,0.013,,1.127,0.021,T,1.09,0.02,L,,8.9599,0.0026,0.021,119.0,,8.92,8.99,,,,,,,,1.0,,,,,,,,,,,,,321.0,,C-47    13,P-47     4,1.1,K2III,2,237.52969121140143,1.9114104791783406,4457.139998090821
H,634,H,00 07 43.10,+37 11 07.7,7.44,,H,1.92958594,37.18548226,A,7.19,7.74,-16.16,0.81,0.65,0.92,0.72,0.62,-0.06,0.1,-0.04,0.5,-0.25,0.17,-0.3,0.41,-0.07,-0.03,0.0,0.2,634,8.04,0.009,7.531,0.008,*,0.478,0.011,T,0.55,0.01,L,*,7.5464,0.0008,0.009,150.0,*,7.53,7.56,,D,,,00077+3711,I,1.0,2.0,C,,A,AB,237.0,1.021,0.009,2.98,0.04,S,,,292.0,B+36    1,,,0.57,F5,S,139.08205841446454,1.7236444519144127,6490.379226503312
H,635,,00 07 44.10,-02 32 55.3,6.43,,H,1.93373158,-2.54868621,,6.69,30.12,2.77,0.82,0.51,0.92,1.3,0.58,0.2,-0.01,-0.27,-0.04,-0.2,0.38,-0.13,-0.32,0.18,0.09,2.0,-1.64,635,6.28,0.005,6.418,0.005,,-0.146,0.005,G,-0.1,0.02,A,,6.3985,0.0008,0.008,68.0,,6.39,6.41,,C,,,,,,1.0,,,,,,,,,,S,,,315.0,B-03    2,,,-0.1,B8IIIsp...,X,149.47683109118086,0.557130588839116,12409.277335193046
H,636,,00 07 46.86,-22 30 30.5,5.93,,G,1.94523194,-22.50847542,,12.45,70.1,-34.71,0.79,0.41,0.74,0.94,0.41,-0.09,0.1,-0.04,-0.4,0.22,0.03,0.22,-0.25,0.1,-0.18,2.0,0.27,636,6.104,0.003,5.955,0.003,,0.141,0.006,G,0.16,0.01,H,,5.9806,0.0006,0.006,117.0,,5.97,5.99,,,,,00078-2231,I,1.0,1.0,,,,,,,,,,S,,,319.0,,C-23    13,P-23     4,0.16,A1V,4,80.32128514056225,1.4058467571587752,8649.669831221829
H,637,,00 07 47.80,-05 29 09.6,8.85,,H,1.94918183,-5.48598739,,4.31,10.38,28.47,1.31,0.75,1.43,1.7,0.78,0.09,0.02,-0.4,0.05,-0.11,0.21,-0.02,-0.43,0.43,0.19,4.0,0.12,637,10.358,0.04,8.942,0.021,,1.196,0.035,T,1.16,0.03,L,,9.0114,0.0018,0.012,66.0,,8.99,9.04,,C,,,,,,1.0,,,,,,,,,,,,,317.0,B-06    1,,,1.16,K0,S,232.01856148491882,2.0223863508036573,4316.590540162757
H,638,,00 07 48.13,+21 44 44.3,9.86,,H,1.95053905,21.74565092,,4.43,-12.74,-31.76,1.09,0.74,1.32,1.15,0.85,0.22,0.07,0.01,0.01,0.09,-0.05,0.08,0.1,-0.04,0.34,0.0,-0.04,638,10.131,0.027,9.875,0.031,,0.244,0.039,T,0.27,0.05,L,,9.9327,0.0022,0.02,103.0,,9.9,9.97,,C,,,,,,1.0,,,,,,,,,,,,,,B+20    4,,,0.19,A2,S,225.73363431151245,3.092018631115347,7837.395137000656
H,639,,00 07 48.39,-11 07 44.6,8.55,,H,1.9516436,-11.12904586,,7.06,8.69,-6.18,0.97,0.64,1.33,1.57,0.72,0.47,-0.17,-0.09,-0.27,-0.1,0.32,-0.19,-0.35,0.34,0.36,0.0,0.29,639,9.81,0.019,8.691,0.013,,0.964,0.018,T,0.95,0.01,L,,8.7148,0.0017,0.014,128.0,,8.69,8.74,,,,,,,,1.0,,,,,,,,,,S,,,318.0,B-11    2,,,0.92,G5,S,141.643059490085,2.7940235052590197,4830.868968840553
H,640,,00 07 50.99,+38 43 18.4,7.66,,H,1.96245593,38.72179052,,5.76,-14.56,-23.97,0.6,0.48,0.78,0.63,0.55,0.15,0.09,0.12,0.38,-0.04,-0.02,-0.05,0.37,0.07,0.25,0.0,0.13,640,7.874,0.008,7.685,0.008,,0.181,0.011,T,0.2,0.01,L,,7.7247,0.001,0.009,129.0,,7.71,7.74,,C,,,,,,1.0,,,,,,,,,,S,,,313.0,B+37    3,,,0.14,A3,S,173.61111111111111,1.4621124171160602,8313.027386328373
H,641,,00 07 51.88,+55 34 37.3,7.82,1.0,H,1.96614972,55.57701937,,21.83,203.33,8.74,0.55,0.58,0.84,0.67,0.75,-0.36,0.07,0.11,-0.29,0.21,0.28,0.19,-0.2,-0.01,-0.37,0.0,-0.45,641,8.544,0.009,7.886,0.008,,0.61,0.01,T,0.68,0.01,L,,7.9494,0.0015,0.016,156.0,,7.92,7.97,,U,,,,,,1.0,,,,,,,,,,S,,,299.0,B+54    1,,,0.64,G0,S,45.80852038479157,4.515268678545697,5928.662795375081
H,642,,00 07 53.11,-04 51 17.6,9.08,,G,1.97130707,-4.85488887,,11.55,199.9,-26.97,1.1,0.81,1.4,1.52,0.81,0.21,0.12,-0.31,-0.11,-0.1,0.31,0.01,-0.37,0.41,0.25,2.0,-1.21,642,9.801,0.026,9.151,0.023,,0.595,0.001,G,0.67,0.0,H,,9.1892,0.0023,0.017,78.0,,9.16,9.23,,,,,,,,1.0,,,,,,,,,,,,,316.0,B-05    3,,,0.67,G0,S,86.58008658008657,4.392909921140816,5987.189979065372
H,643,,00 07 54.70,-42 09 13.9,10.1,,G,1.97791396,-42.15385091,,5.57,-10.57,-44.26,1.1,0.94,1.58,1.23,1.26,-0.03,0.0,-0.17,0.2,-0.08,0.14,-0.1,-0.18,-0.05,-0.1,0.0,-1.07,643,10.644,0.029,10.08,0.028,,0.57,0.02,G,0.64,0.02,H,,10.23,0.0031,0.03,142.0,,10.18,10.28,,,,,,,,1.0,,,,,,,,,,,,,,,C-42     7,P-42     4,0.64,F8,S,179.53321364452424,3.8292759758686437,6087.546961754481
H,644,,00 07 54.91,-51 15 28.3,8.21,,H,1.97877242,-51.25786512,,3.5,-22.26,-17.3,0.62,0.71,1.11,0.69,0.78,-0.22,0.05,-0.28,0.13,0.19,-0.07,0.19,0.25,-0.04,-0.23,0.0,-0.84,644,9.625,0.013,8.348,0.008,,1.087,0.012,T,1.05,0.01,L,,8.3779,0.0016,0.019,204.0,,8.35,8.41,,,,,,,,1.0,,,,,,,,,,S,,,340.0,,C-51    12,P-51     8,1.04,K0/K1III,2,285.7142857142857,0.9303402217513792,4543.114527329833
H,645,H,00 07 59.18,-14 13 36.2,8.85,,H,1.99660033,-14.22671354,B,7.79,89.49,-94.73,6.96,3.16,2.24,2.58,1.57,0.32,-0.03,0.0,0.07,0.0,0.15,0.02,-0.12,0.04,0.24,3.0,-0.89,645,9.582,0.023,8.884,0.02,*,0.631,0.023,T,0.7,0.02,L,*,8.9845,0.0032,0.03,119.0,*,8.94,9.03,,R,,,00080-1414,I,1.0,2.0,C,,B,BA,290.0,9.653,0.009,0.1,0.03,S,,,336.0,B-15    3,,,0.02,G3:V: + G2:,G,128.36970474967907,3.307687288362822,5848.756764712992
H,647,,00 07 59.32,-78 12 39.5,7.79,,H,1.99715281,-78.21097486,,1.17,25.51,-6.81,0.56,0.59,0.67,0.65,0.59,0.06,0.02,-0.19,-0.01,0.07,0.09,0.07,0.06,-0.06,0.19,0.0,-0.13,647,9.693,0.017,7.954,0.008,,1.45,0.015,T,1.45,0.02,L,,7.9259,0.001,0.012,131.0,,7.91,7.94,,D,,,,,,1.0,,,,,,,,,,S,,,368.0,,,P-78     2,1.42,K3III,1,854.7008547008547,-1.869070691269191,3870.2956395244883
H,646,,00 07 59.34,-18 41 04.9,7.58,,H,1.99726573,-18.68470818,,3.64,8.65,-7.76,0.91,0.48,0.94,1.1,0.61,0.08,0.28,0.03,0.02,0.07,-0.01,0.13,-0.08,0.04,-0.09,0.0,0.58,646,9.243,0.016,7.731,0.009,,1.271,0.014,T,1.23,0.01,L,,7.7416,0.0013,0.013,118.0,,7.72,7.77,,,,,,,,1.0,G,,,,,,,,,S,,,337.0,B-19    2,,,1.2,K1IV,4,274.7252747252747,0.38550691824528105,4173.97632338522
H,649,,00 08 00.25,-07 32 41.2,7.85,,G,2.00105125,-7.5447734,,10.66,-28.98,31.53,0.94,0.6,0.99,1.04,0.59,0.26,-0.12,-0.22,-0.38,-0.12,0.15,-0.13,-0.48,0.28,0.3,0.0,1.19,649,8.407,0.009,7.903,0.009,,0.505,0.015,G,0.58,0.02,H,,7.9536,0.0012,0.01,97.0,,7.94,7.97,,C,,,,,,1.0,,,,,,,,,,S,,,334.0,B-08    3,,,0.58,F5V,X,93.80863039399624,2.988786023452767,6366.29885586778
H,648,,00 08 00.35,-78 35 55.5,7.18,,H,2.00147404,-78.59876143,,8.95,-2.21,0.84,0.54,0.56,0.6,0.65,0.55,0.1,-0.04,-0.27,-0.19,-0.13,0.0,-0.14,0.05,0.06,0.25,0.0,-0.45,648,7.367,0.005,7.196,0.006,,0.156,0.007,T,0.17,0.01,L,,7.231,0.0012,0.011,149.0,,7.21,7.25,,,,,,,,1.0,G,,,,,,,,,S,,,369.0,,,P-79     1,0.14,A3V,1,111.731843575419,1.9391151765795591,8519.954100708685
H,650,,00 08 00.76,+29 50 15.0,7.54,,H,2.00316528,29.83750636,,3.83,3.29,2.74,0.8,0.47,0.93,1.18,0.55,0.01,0.24,0.04,-0.04,0.01,0.29,0.02,0.11,-0.04,-0.17,2.0,1.58,650,8.025,0.009,7.582,0.008,,0.408,0.015,G,0.47,0.02,H,,7.6315,0.0008,0.009,90.0,,7.62,7.64,,C,,,,,,1.0,,,,,,,,,,S,,,333.0,B+29    2,,,0.47,F2,S,261.0966057441253,0.4559938698431134,6837.926421274538
H,651,,00 08 00.79,-39 36 43.5,9.72,,H,2.00331222,-39.61207474,,6.43,45.91,-17.55,0.8,0.75,1.39,0.92,1.1,0.0,-0.01,-0.16,0.32,-0.08,0.18,-0.03,-0.25,0.28,0.1,1.0,-0.77,651,10.25,0.021,9.805,0.021,,0.434,0.024,T,0.5,0.03,L,,9.82,0.0022,0.022,152.0,,9.78,9.86,,,,,,,,1.0,,,,,,,,,,,,,345.0,,C-40    11,P-40     3,0.52,F3/F5V,2,155.52099533437013,3.7610548646211113,6704.2170297243065
H,652,,00 08 01.73,+31 23 28.4,7.12,,H,2.00721943,31.39121911,,8.19,-28.28,-23.96,0.66,0.42,0.74,0.71,0.46,0.08,0.2,0.12,0.25,-0.1,-0.05,-0.07,0.2,0.11,0.07,0.0,1.58,652,7.332,0.006,7.14,0.008,,0.184,0.009,T,0.2,0.01,L,,7.1844,0.0008,0.006,98.0,,7.17,7.2,,C,,,00081+3123,I,2.0,1.0,,,,,,,,,,S,,,332.0,B+30    2,,,0.16,A5,S,122.1001221001221,1.686419508802092,8288.937030539451
H,653,,00 08 01.89,-30 01 54.1,9.77,,H,2.00786726,-30.03169007,,6.67,21.7,3.17,1.31,0.84,1.5,1.76,0.95,0.01,-0.05,-0.03,0.21,-0.06,0.18,-0.13,-0.29,0.04,-0.17,2.0,-1.3,653,10.098,0.024,9.744,0.027,,0.306,0.011,G,0.35,0.01,H,,9.8503,0.0026,0.023,110.0,,9.81,9.89,,,,,,,,1.0,,,,,,,,,,,,,343.0,,C-30    10,P-30     3,0.35,A8/A9V,3,149.92503748125938,3.890629169582744,7423.943766267737
H,654,,00 08 02.05,-45 22 55.7,8.84,,H,2.00852236,-45.38213796,,4.37,43.52,-15.86,0.91,0.69,1.17,1.0,0.85,-0.12,0.16,-0.16,-0.02,-0.15,0.01,-0.14,-0.06,0.17,-0.17,0.0,1.64,654,10.195,0.028,8.976,0.017,,1.042,0.026,T,1.01,0.02,L,,9.0037,0.0022,0.024,141.0,,8.96,9.05,,,,,,,,1.0,,,S,,,,,,,,,,346.0,,C-46    10,P-46     4,0.94,K0III,2,228.83295194508008,2.0424071848521095,4644.108498501637
H,655,,00 08 03.52,-33 31 45.6,5.67,,G,2.01465535,-33.52933371,,10.02,-42.75,3.15,0.59,0.42,0.71,0.6,0.51,0.06,0.02,-0.02,-0.47,0.07,0.09,0.12,-0.04,0.14,0.0,0.0,-0.82,655,7.1,0.004,5.786,0.003,,1.119,0.001,G,1.06,0.03,E,,5.8385,0.0006,0.006,140.0,,5.83,5.85,,C,,,,,,1.0,,,,,,,,,,S,,,344.0,,C-34    17,P-34     5,1.06,K1III,3,99.8003992015968,0.6743386076561348,4474.060364102422
H,656,,00 08 04.62,+53 47 47.0,8.15,,G,2.01924689,53.79639636,,9.77,73.44,-61.98,0.54,0.63,0.98,0.76,0.74,-0.45,0.17,0.02,0.2,-0.09,-0.07,-0.07,0.1,0.04,-0.34,0.0,0.41,656,8.871,0.008,8.222,0.007,,0.617,0.015,G,0.69,0.01,H,,8.2746,0.0014,0.016,229.0,,8.25,8.3,,,,,,,,1.0,,,,,,,,,,,,,330.0,B+52    6,,,0.69,F8,S,102.3541453428864,3.099472818593865,5901.768262850707
H,657,,00 08 05.02,-29 24 58.9,9.61,,H,2.02090072,-29.41637426,,3.92,-21.6,-14.55,1.41,0.73,1.34,1.88,0.87,-0.09,0.01,0.01,-0.04,-0.04,0.0,-0.05,-0.17,0.08,-0.27,0.0,-1.04,657,10.815,0.039,9.676,0.024,,0.961,0.015,G,0.95,0.01,J,,9.7784,0.0028,0.023,105.0,,9.74,9.81,,C,,,,,,1.0,,,,,,,,,,,,,,,C-30    12,P-30     5,0.95,G5,S,255.10204081632654,2.5764303351022857,4838.369718850402
H,658,,00 08 05.81,+04 55 38.4,8.19,,H,2.02420888,4.9273342,,3.44,-39.04,-36.96,1.14,0.63,1.16,1.1,0.67,0.3,0.08,0.09,-0.41,-0.02,0.07,-0.03,-0.17,0.15,0.44,0.0,0.74,658,9.558,0.022,8.291,0.014,,1.079,0.02,T,1.04,0.02,L,,8.3562,0.0015,0.011,86.0,,8.34,8.38,,C,,,,,,1.0,,,,,,,,,,S,,,342.0,B+04    1,,,1.02,G5,S,290.69767441860466,0.8727922128576502,4560.729961655777
H,659,,00 08 09.57,+31 22 44.4,7.27,,H,2.0398659,31.37900363,,4.9,44.21,-2.18,0.68,0.43,0.76,0.74,0.47,0.08,0.16,0.13,0.23,-0.11,-0.07,-0.08,0.2,0.12,0.07,2.0,0.76,659,7.513,0.007,7.296,0.008,,0.207,0.01,T,0.23,0.01,L,,7.3325,0.0008,0.007,96.0,,7.32,7.34,,C,,,00081+3123,I,2.0,1.0,,,,,,,,,,S,,,341.0,B+30    3,,,0.2,A3,S,204.0816326530612,0.7209804001425679,8109.225077184878
H,660,,00 08 10.00,+71 09 34.2,8.51,,H,2.0416806,71.1594885,,3.26,3.05,-15.17,0.64,0.7,0.84,0.8,0.76,-0.04,-0.01,0.24,-0.15,0.02,0.18,-0.03,-0.26,-0.08,-0.15,3.0,1.2,660,8.757,0.011,8.532,0.012,,0.215,0.015,T,0.24,0.02,L,,8.573,0.0015,0.014,128.0,,8.55,8.6,,,,,,,,1.0,,,,,,,,,,,,,326.0,B+70    1,,,0.19,A0,S,306.7484662576687,1.0760880003396949,8048.706356288361
H,661,,00 08 11.72,-59 03 47.1,8.36,,H,2.04884213,-59.06308248,,2.42,36.25,4.04,0.64,0.72,0.93,0.7,0.79,0.02,-0.11,-0.1,0.15,0.11,0.12,0.13,0.27,-0.15,0.03,0.0,0.39,661,9.808,0.018,8.498,0.011,,1.113,0.017,T,1.08,0.02,L,,8.5324,0.0018,0.021,151.0,,8.5,8.58,,,,,,,,1.0,,,,,,,,,,S,,,367.0,,,P-59     2,1.11,K1IIICN...,1,413.22314049586777,0.27907682990215577,4486.839504802614
H,663,,00 08 11.94,-38 16 51.8,10.0,,G,2.04976404,-38.28106844,,4.93,-142.65,-117.19,1.2,0.84,1.47,1.44,1.18,0.07,0.14,0.01,-0.41,-0.02,-0.04,0.01,-0.18,0.09,0.01,0.0,0.24,663,10.611,0.03,10.014,0.027,,0.55,0.006,G,0.62,0.01,H,,10.1257,0.0028,0.029,135.0,,10.07,10.17,,C,,,,,,1.0,,,,,,,,,,,,,,,C-38    11,P-38     4,0.62,G0,S,202.8397565922921,3.4642345963861496,6170.479670332324
H,662,,00 08 11.97,-70 03 21.0,8.74,,H,2.04986865,-70.05583226,,1.92,7.75,3.04,0.64,0.73,0.83,0.71,0.85,0.08,-0.09,-0.24,-0.27,-0.05,0.16,-0.02,-0.03,-0.03,0.09,1.0,0.38,662,10.332,0.027,8.876,0.014,,1.227,0.024,T,1.19,0.02,L,,8.9069,0.0014,0.016,135.0,,8.88,8.94,,,,,,,,1.0,,,,,,,,,,,,,384.0,,,P-70     3,1.17,K2III,1,520.8333333333334,0.15650614351774905,4256.423179732712
H,664,,00 08 12.09,-02 26 51.7,6.18,2.0,H,2.05038298,-2.44769895,,3.25,7.25,-4.87,0.8,0.5,0.96,1.28,0.6,0.24,-0.1,-0.34,-0.08,-0.2,0.42,-0.1,-0.21,0.28,0.17,0.0,-1.3,664,7.967,0.014,6.362,0.008,,1.366,0.001,G,1.33,0.0,H,,6.3245,0.013,0.075,69.0,,6.26,6.44,48.34,P,1.0,A,,,,1.0,,,,,,,,,,S,,,352.0,B-03    3,,,1.33,K2III,S,307.69230769230774,-1.260583195105629,4006.862895775092
H,665,,00 08 13.16,-43 38 48.1,10.26,,G,2.05484372,-43.64669264,,7.53,-4.19,-69.58,1.06,1.1,1.63,1.19,1.7,0.07,-0.07,-0.18,0.02,-0.12,0.19,-0.12,-0.24,0.05,0.04,0.0,0.75,665,11.267,0.054,10.337,0.038,,0.73,0.02,G,0.78,0.02,H,,10.4294,0.0029,0.033,137.0,,10.37,10.49,,C,,,,,,1.0,,,,,,,,,,,,,,,C-44    11,P-44     6,0.78,G0,S,132.80212483399734,4.643974881003503,5501.092963336511
H,666,,00 08 13.62,-49 43 18.6,10.16,,H,2.05676952,-49.7218363,,5.68,6.23,1.99,1.45,1.66,2.36,1.8,2.25,-0.12,-0.01,-0.13,-0.08,-0.05,-0.03,-0.07,0.05,-0.04,-0.03,0.0,2.69,666,10.635,0.03,10.233,0.033,,0.393,0.037,T,0.46,0.04,L,,10.2499,0.0047,0.048,148.0,,10.18,10.32,,,,,,,,1.0,,,S,,,,,,,S,,,365.0,,C-50    10,P-50     8,0.55,F5V,2,176.05633802816902,3.9317416785550936,6917.7375107109165
H,667,,00 08 13.67,+29 43 56.4,8.31,,H,2.05695057,29.73233165,,4.08,-13.35,-24.15,0.87,0.54,1.06,1.26,0.62,0.04,0.19,0.07,-0.19,0.06,0.33,0.07,0.13,-0.04,-0.11,2.0,-0.35,667,9.653,0.021,8.42,0.013,,1.053,0.019,T,1.02,0.02,L,,8.478,0.0012,0.012,92.0,,8.46,8.49,,C,,,,,,1.0,,,,,,,,,,,,,,B+28    3,,,1.02,K0,S,245.09803921568627,1.363300815449401,4618.986698981167
H,668,,00 08 14.66,+42 13 24.4,8.58,,H,2.06109217,42.22343513,,3.46,13.71,-5.63,0.63,0.58,0.97,0.74,0.72,-0.01,0.07,0.09,0.04,0.03,-0.04,0.01,0.42,0.0,0.07,0.0,1.77,668,9.737,0.016,8.682,0.011,,0.915,0.015,T,0.91,0.01,L,,8.742,0.0011,0.013,152.0,,8.72,8.76,,C,,,,,,1.0,,,,,,,,,,,,,349.0,B+41    2,,,0.93,G5,S,289.01734104046244,1.2753804939638824,4956.546436857988
H,669,,00 08 16.37,-14 49 28.1,7.04,,H,2.06820906,-14.82446576,,36.18,-12.43,-10.72,0.78,0.51,1.02,1.11,0.51,0.3,-0.14,-0.19,-0.23,-0.08,0.41,-0.08,-0.37,0.27,0.33,0.0,1.41,669,7.786,0.007,7.107,0.005,,0.624,0.015,G,0.69,0.01,H,,7.17,0.0008,0.009,122.0,,7.15,7.18,,,,,,,,1.0,,,,,,,,,,S,,,361.0,B-15    7,,,0.69,G2/G3V,4,27.63957987838585,4.832342812618975,5875.134233597396
H,670,,00 08 16.95,+34 29 43.0,8.81,,H,2.07061029,34.49526635,,3.75,6.16,-6.75,1.0,0.64,1.19,1.29,0.78,0.14,0.06,0.08,-0.3,0.0,0.14,0.02,0.32,0.01,0.08,0.0,0.64,670,9.177,0.016,8.828,0.016,,0.31,0.015,G,0.36,0.02,H,,8.8855,0.0015,0.013,86.0,,8.86,8.91,,,,,,,,1.0,,,,,,,,,,,,,350.0,B+33    5,,,0.36,A2,S,266.6666666666667,1.6801563386385947,7398.8967764907065
H,671,,00 08 17.55,-08 49 26.5,5.99,,G,2.07313617,-8.82402541,,9.79,-34.13,-35.67,0.72,0.53,0.92,1.11,0.52,0.31,-0.09,-0.33,-0.04,-0.19,0.43,-0.09,-0.42,0.3,0.38,0.0,1.14,671,7.307,0.006,6.101,0.003,,1.034,0.003,G,0.99,0.03,E,,6.1569,0.0008,0.005,97.0,,6.15,6.17,,,,,,,,1.0,,,,,,,,,,S,,,360.0,B-09    5,,,0.99,G8III:,S,102.14504596527068,0.9439134590156897,4662.560527320384
H,673,H,00 08 18.61,-32 42 03.0,8.22,,H,2.07755792,-32.70083924,A,3.5,69.69,-51.57,1.37,0.99,1.43,1.36,1.07,0.08,0.02,0.09,-0.42,0.02,0.03,0.06,-0.02,0.12,0.1,4.0,0.8,673,9.609,0.017,8.361,0.011,*,1.064,0.016,T,1.03,0.01,L,*,8.3826,0.0016,0.014,138.0,*,8.36,8.41,,,,,00083-3242,I,1.0,2.0,C,,D,AB,219.0,0.943,0.024,3.28,0.12,S,,D,364.0,,C-33    12,P-33     2,1.02,K1III,3,285.7142857142857,0.940340221751379,4594.149429058323
H,674,H,00 08 21.05,-42 56 37.2,9.86,,H,2.08770637,-42.94365592,A,7.73,121.71,6.99,2.78,2.37,3.35,3.21,3.15,0.08,0.03,-0.22,0.2,-0.06,0.01,-0.09,-0.16,-0.11,-0.01,1.0,0.51,674,10.973,0.043,10.068,0.031,*,0.789,0.041,T,0.82,0.03,L,*,9.9915,0.0045,0.044,131.0,*,9.93,10.07,,R,,,00083-4257,I,1.0,2.0,C,,A,AB,294.0,1.003,0.012,1.1,0.05,,,,383.0,,C-43    11,P-43     5,2.87,K0V,2,129.36610608020698,4.300897469591624,5314.057247068927
H,675,,00 08 22.13,+03 26 26.6,8.0,,H,2.09220806,3.44072762,,2.84,34.46,-34.46,1.09,0.65,1.05,1.13,0.64,0.17,0.06,-0.06,-0.44,-0.12,0.23,-0.1,-0.49,0.14,0.32,2.0,-0.68,675,9.512,0.021,8.1,0.012,,1.193,0.019,T,1.15,0.02,L,,8.1624,0.0011,0.01,73.0,,8.14,8.19,,C,,,,,,1.0,,,,,,,,,,S,,,359.0,B+02    3,,,1.2,G5,S,352.11267605633805,0.2665917002351872,4322.507961237437
H,676,,00 08 22.57,+21 55 27.5,9.4,,H,2.09403593,21.92431268,,10.7,233.52,59.84,1.0,0.68,1.27,1.05,0.84,0.25,0.16,0.0,0.05,0.14,-0.1,0.1,0.21,-0.13,0.4,0.0,0.24,676,10.095,0.026,9.483,0.024,,0.57,0.031,T,0.64,0.03,L,,9.5219,0.0024,0.017,111.0,,9.48,9.55,,,,,,,,1.0,,,,,,,,,,,,,,B+21    1,,,0.58,G0,S,93.45794392523365,4.546918888426048,6087.546961754481
H,678,,00 08 23.14,-19 13 26.7,9.1,,H,2.09641108,-19.22409603,,3.83,-25.53,-23.14,1.14,0.64,1.17,1.66,0.62,0.14,-0.03,0.02,0.31,-0.02,0.2,-0.18,-0.31,0.13,-0.16,0.0,-1.26,678,10.585,0.039,9.204,0.02,,1.169,0.034,T,1.13,0.03,L,,9.2725,0.0019,0.023,108.0,,9.23,9.31,,,,,,,,1.0,,,,,,,,,,,,,380.0,B-20    4,,,0.92,K1IV,4,261.0966057441253,2.015993869843113,4370.466973686394
H,677,,00 08 23.17,+29 05 27.0,2.07,1.0,H,2.09653333,29.09082805,+,33.6,135.68,-162.95,0.8,0.5,0.73,0.63,0.45,0.37,0.32,-0.05,0.35,0.09,0.02,-0.16,-0.1,0.1,-0.18,2.0,-0.48,677,2.003,0.003,2.05,0.004,,-0.038,0.005,T,-0.1,0.03,C,,2.0371,0.0006,0.005,79.0,,2.03,2.05,,M,,,00083+2905,I,1.0,1.0,O,,,,,,,,,S,,P,358.0,B+28    4,,,-0.1,B9p,X,29.76190476190476,-0.2983036130507797,10625.406633713012
H,679,,00 08 24.27,+50 14 43.3,8.11,,H,2.10111748,50.24535175,,2.18,18.05,-8.19,0.54,0.61,0.95,0.63,0.64,-0.14,0.12,0.21,0.3,-0.01,-0.01,0.01,0.26,0.14,-0.11,0.0,0.59,679,8.219,0.008,8.118,0.009,,0.098,0.011,T,0.11,0.01,L,,8.1525,0.001,0.015,158.0,,8.13,8.18,,,,,,,,1.0,,,,,,,,,,S,,,356.0,B+49    3,,,0.09,A0,S,458.7155963302752,-0.19771753197697706,9047.016257686135
H,680,,00 08 24.82,-57 11 42.3,8.89,,H,2.10343088,-57.19508646,,2.8,-10.12,-19.28,0.78,0.79,1.1,1.06,1.05,-0.05,0.06,-0.15,0.09,0.01,0.13,0.04,-0.08,-0.04,0.04,0.0,-0.12,680,10.416,0.025,9.022,0.013,,1.179,0.022,T,1.14,0.02,L,,9.0563,0.002,0.023,157.0,,9.02,9.11,,C,,,,,,1.0,,,,,,,,,,,,,398.0,,,P-57    10,1.12,K1III,1,357.14285714285717,1.1257901567110968,4350.349039107418
H,681,,00 08 25.31,-51 24 02.7,9.43,,G,2.1054674,-51.40075918,,1.52,32.36,6.35,0.79,0.9,1.51,0.96,1.04,-0.32,0.06,-0.32,0.28,0.1,-0.01,0.1,0.17,-0.18,-0.26,0.0,-0.65,681,9.927,0.015,9.491,0.016,,0.47,0.005,G,0.54,0.01,H,,9.5373,0.0021,0.026,204.0,,9.49,9.59,,C,,,,,,1.0,,,S,,,,,,,,,,396.0,,,P-52     3,0.54,F2V,2,657.8947368421053,0.33921793972386105,6528.155383829912
H,682,,00 08 25.69,+06 37 00.5,7.59,1.0,H,2.10705914,6.6168073,,25.15,87.26,-0.9,0.86,0.54,0.97,0.89,0.59,0.33,0.09,0.09,-0.13,0.09,-0.07,0.1,0.04,0.17,0.36,0.0,-0.48,682,8.352,0.011,7.671,0.009,,0.626,0.015,G,0.69,0.01,H,,7.7269,0.002,0.014,85.0,,7.69,7.75,,U,2.0,,,,,1.0,,,,,,,,,,S,,,377.0,B+05    2,,,0.69,G2V,X,39.761431411530815,4.59268994695973,5867.57180466523
H,683,H,00 08 26.04,+41 57 28.8,8.72,,H,2.10850712,41.95798984,A,2.88,3.66,-3.34,0.89,0.82,1.35,1.12,0.9,0.02,-0.07,0.14,0.0,-0.04,-0.19,-0.02,0.31,-0.05,0.08,0.0,-1.65,683,8.707,0.009,8.729,0.011,A,0.071,0.14,G,0.02,0.01,L,*,8.7314,0.0014,0.014,169.0,*,8.71,8.76,,C,,,00084+4157,H,1.0,2.0,C,,D,AB,271.0,1.476,0.094,3.72,0.25,,,D,357.0,B+41    3,,,0.02,A0,S,347.22222222222223,1.0169624387961544,9317.952706453369
H,684,,00 08 26.47,-44 16 25.1,9.86,,G,2.11027964,-44.27363457,,2.3,19.09,3.33,1.07,0.98,1.46,1.24,1.33,-0.1,-0.02,-0.01,0.15,-0.17,0.11,-0.2,0.1,0.05,-0.18,3.0,-0.34,684,10.114,0.022,9.866,0.025,,0.157,0.003,G,0.17,0.0,H,,9.9435,0.003,0.032,140.0,,9.87,10.0,,,,,,,,1.0,,,,,,,,,,,,,395.0,,C-44    12,P-44     7,0.17,A3III,X,434.78260869565224,1.668639180087963,8511.458759005045
H,685,,00 08 26.89,-53 26 35.5,9.23,,H,2.1120568,-53.44318788,,0.65,12.23,8.28,0.73,0.89,1.34,0.84,1.05,-0.28,-0.05,-0.21,0.04,-0.09,0.13,-0.07,0.14,-0.09,-0.28,2.0,0.98,685,10.456,0.024,9.306,0.015,,0.988,0.022,T,0.97,0.02,L,,9.3935,0.0023,0.03,196.0,,9.34,9.46,,,,,,,,1.0,,,,,,,,,,,,,397.0,,,P-54    14,1.02,K0III,1,1538.4615384615383,-1.7054332167857211,4771.735663226478
H,686,,00 08 27.09,-30 04 06.8,9.5,,G,2.11287951,-30.06855565,,5.59,35.79,-16.94,1.48,0.75,1.5,2.1,0.97,-0.04,-0.1,-0.09,-0.07,-0.01,0.14,-0.04,-0.21,0.18,-0.22,0.0,0.49,686,10.125,0.025,9.538,0.023,,0.493,0.02,G,0.57,0.02,H,,9.6174,0.0023,0.023,110.0,,9.58,9.66,,,,,,,,1.0,,,,,,,,,,,,,394.0,,C-30    13,P-30     6,0.57,G:III/IV+..,3,178.89087656529517,3.2370590394321166,6420.80748744367
H,687,,00 08 27.34,+17 25 28.0,10.73,,G,2.11390101,17.42445447,,45.64,-92.54,-63.62,1.53,1.15,1.92,1.79,1.45,0.4,0.05,0.09,-0.01,-0.03,0.04,-0.03,-0.01,0.16,0.53,0.0,0.19,687,12.731,0.318,10.939,0.093,,1.46,0.015,G,1.85,0.07,I,,10.8784,0.0047,0.04,105.0,,10.83,10.95,,,,,,,,1.0,,,,,,,,,,,G,,,,,,1.85,M0,S,21.910604732690622,9.026728178730885,3854.6800562527155
H,688,,00 08 27.63,-24 05 37.5,7.59,,G,2.11513383,-24.09375148,,7.6,48.21,7.47,0.83,0.5,0.89,0.92,0.5,0.09,0.06,-0.06,0.16,-0.05,0.1,-0.07,-0.23,0.0,0.01,0.0,-0.01,688,8.184,0.01,7.647,0.007,,0.508,0.006,G,0.58,0.01,H,,7.7081,0.001,0.01,119.0,,7.68,7.73,,,,,,,,1.0,,,,,,,,,,S,,,392.0,,C-24    14,P-24     4,0.58,F3/F5V,4,131.57894736842104,1.9940679614039567,6352.827420303602
H,689,H,00 08 28.39,+34 56 04.3,7.41,,G,2.11827092,34.93452295,*,12.72,114.26,9.75,0.74,0.48,0.86,1.06,0.57,0.05,0.06,0.02,-0.24,-0.01,0.14,0.05,0.24,-0.05,-0.13,0.0,0.47,689,8.113,0.009,7.47,0.007,*,0.606,0.015,G,0.68,0.01,H,*,7.5384,0.001,0.009,97.0,*,7.53,7.55,,D,,,00085+3456,H,1.0,2.0,C,S,A,AB,358.0,0.101,0.009,0.04,0.54,S,,,375.0,B+34    3,,,0.68,F8,S,78.61635220125785,2.932435556561975,5944.149606353677
H,690,,00 08 29.78,-66 30 50.9,9.26,,H,2.12406316,-66.51414469,,11.01,15.14,-23.47,0.77,0.74,0.95,0.91,0.87,0.03,-0.03,-0.21,-0.21,-0.03,0.1,-0.01,-0.25,0.02,0.05,0.0,-1.74,690,10.059,0.023,9.303,0.019,,0.675,0.023,T,0.73,0.02,L,,9.3972,0.002,0.022,134.0,,9.36,9.43,,,,,,,,1.0,,,,,,,,,,,,,403.0,,,P-67     2,0.77,G3/G5IV/V,1,90.82652134423252,4.468936594858758,5688.592506286537
H,691,,00 08 30.12,+52 20 11.1,7.78,,G,2.12551099,52.33640337,,14.43,79.72,22.32,0.56,0.58,0.96,0.7,0.7,-0.33,0.12,0.13,0.0,0.03,0.17,0.0,0.02,-0.07,-0.36,0.0,-0.42,691,8.186,0.006,7.808,0.007,,0.358,0.009,T,0.42,0.01,L,,7.8687,0.0014,0.014,173.0,,7.84,7.9,,,,,,,,1.0,,,,,,,,,,S,,,373.0,B+51    4,,,0.46,F5,S,69.3000693000693,3.576331655467471,7112.093996658919
H,692,,00 08 30.86,-06 47 31.8,7.76,,H,2.12860271,-6.7921591,,2.77,43.9,2.82,0.94,0.64,1.26,1.26,0.66,0.23,0.02,-0.35,-0.15,-0.22,0.51,-0.04,-0.47,0.41,0.46,0.0,-0.44,692,9.9,0.024,7.95,0.01,,1.618,0.021,T,1.64,0.02,L,,7.874,0.0025,0.017,90.0,,7.85,7.9,,,,,,,,1.0,,,,,,,,,,S,,,391.0,B-07    3,,,1.52,K2,S,361.01083032490976,-0.027601154677757478,3624.241140584247
H,693,,00 08 31.26,+20 16 02.5,8.94,,H,2.1302586,20.26736526,,9.47,2.65,-34.96,0.98,0.61,1.13,1.06,0.71,0.2,0.19,0.05,0.18,0.12,-0.12,0.13,0.25,0.01,0.22,2.0,-0.11,693,9.447,0.019,9.003,0.019,,0.419,0.025,T,0.49,0.03,L,,9.0374,0.0018,0.016,113.0,,9.01,9.07,,C,,,,,,1.0,,,,,,,,,,S,,,387.0,B+19    7,,,0.51,F5,S,105.59662090813093,3.8217498950163673,6780.656605633341
H,694,,00 08 31.51,+11 10 17.5,8.95,,H,2.13130944,11.17153688,,2.3,3.67,-1.46,1.27,0.68,1.37,1.27,0.74,0.3,0.13,0.04,-0.22,0.07,0.02,0.08,-0.11,0.18,0.49,0.0,-0.38,694,9.46,0.023,8.998,0.023,,0.435,0.03,T,0.5,0.03,L,,9.047,0.0022,0.018,81.0,,9.0,9.07,,C,,,,,,1.0,,,,,,,,,,S,,,388.0,B+10    3,,,0.48,F2,S,434.78260869565224,0.7586391800879628,6699.1874132057255
H,695,,00 08 32.87,+63 12 14.6,6.41,,H,2.13694986,63.20404897,,2.17,-9.43,-3.52,0.46,0.49,0.63,0.55,0.59,-0.07,0.23,0.18,0.17,-0.16,-0.04,-0.11,0.15,0.09,-0.1,1.0,1.41,695,7.698,0.006,6.535,0.004,,0.998,0.006,T,0.98,0.01,L,,6.5746,0.0009,0.007,139.0,,6.56,6.58,,C,,,,,,1.0,G,,,,,,,,,S,,,371.0,B+62    5,,,0.97,G3II,X,460.8294930875576,-1.9077013307573516,4747.545240656517
H,696,,00 08 33.49,-17 34 40.9,6.11,2.0,H,2.13953227,-17.57804019,,2.42,14.92,-47.27,0.75,0.41,0.79,1.0,0.41,0.04,0.18,0.04,-0.21,0.21,0.15,0.18,-0.14,0.08,-0.12,0.0,-1.3,696,8.274,0.012,6.311,0.008,,1.664,0.017,G,1.84,0.05,F,,6.201,0.0062,0.041,91.0,,6.11,6.27,,U,2.0,C,,,,1.0,,,,,,,,,,S,,P,402.0,B-18    3,,,1.84,M0/M1IIICNp,4,413.22314049586777,-1.9709231700978433,3562.420234560194
H,697,,00 08 35.31,+53 15 14.8,7.76,,H,2.14711178,53.25410868,,8.84,84.9,-3.38,0.5,0.55,0.94,0.74,0.67,-0.44,0.13,0.08,0.1,-0.01,-0.08,0.01,-0.04,0.09,-0.38,0.0,-1.47,697,8.247,0.006,7.807,0.007,,0.415,0.008,T,0.48,0.01,L,,7.855,0.0008,0.014,227.0,,7.83,7.88,,C,,,,,,1.0,,,,,,,,,,S,,,372.0,B+52    8,,,0.52,F2,S,113.12217194570135,2.492261325065366,6801.361162166721
H,698,,00 08 38.78,-74 14 18.3,7.38,,H,2.1615853,-74.23842588,,2.89,-1.36,-12.01,0.58,0.57,0.71,0.66,0.61,0.02,-0.14,-0.03,-0.17,0.14,0.17,0.14,-0.13,-0.02,0.15,0.0,-1.24,698,9.109,0.014,7.528,0.007,,1.326,0.012,T,1.29,0.01,L,,7.5298,0.0014,0.011,119.0,,7.51,7.55,,C,,,,,,1.0,,,,,,,,,,S,,,442.0,,,P-74     7,1.26,K3III,1,346.0207612456747,-0.3155107862172599,4075.494327381757
H,699,,00 08 41.02,+36 37 38.7,6.21,,H,2.17092314,36.62742794,,30.26,-114.72,-124.6,0.52,0.41,0.69,0.51,0.46,0.13,0.22,0.07,0.32,-0.1,0.03,-0.12,0.33,0.01,0.17,0.0,0.07,699,6.808,0.004,6.271,0.003,,0.504,0.004,T,0.58,0.0,L,,6.3176,0.0005,0.005,156.0,,6.31,6.33,,C,,,,,,1.0,,,,,,,,,,S,,,400.0,B+35    8,,,0.58,F8IV,S,33.046926635822864,3.6143446184358403,6370.803054295158
H,700,,00 08 43.09,-02 13 21.3,7.05,,H,2.17953436,-2.22257211,,5.97,40.46,-4.43,0.92,0.56,1.04,1.5,0.66,0.2,0.09,-0.27,-0.03,-0.16,0.24,-0.07,-0.2,0.27,0.08,0.0,1.65,700,8.297,0.011,7.179,0.008,,0.963,0.011,T,0.95,0.01,L,,7.2169,0.0013,0.01,67.0,,7.2,7.23,,D,,,,,,1.0,,,S,,,,,,,S,,,406.0,B-03    5,,,0.94,G5,S,167.50418760469012,0.9298716556468456,4833.366487053389
H,701,,00 08 43.94,+74 12 53.0,7.44,,H,2.18307102,74.21471191,,6.36,47.07,21.98,0.56,0.52,0.66,0.64,0.53,-0.08,-0.01,0.3,-0.19,-0.01,0.12,-0.04,0.09,0.1,-0.11,0.0,-1.4,701,7.418,0.006,7.43,0.008,,-0.006,0.009,T,0.01,0.01,L,,7.4463,0.0013,0.011,118.0,,7.43,7.47,,,,,,,,1.0,,,,,,,,,,S,,,370.0,B+73    2,,,0.01,A0,S,157.2327044025157,1.457285578242069,10200.701560731035
H,702,H,00 08 44.96,-52 19 40.6,8.5,,H,2.18732032,-52.32795054,A,5.07,8.48,-48.92,0.97,1.16,1.56,1.18,1.41,-0.41,-0.04,-0.04,0.02,0.12,0.07,0.12,-0.17,-0.13,-0.47,1.0,0.97,702,8.893,0.01,8.463,0.011,*,0.406,0.014,T,0.47,0.01,L,*,8.5955,0.0017,0.023,240.0,*,8.56,8.64,,D,,,00087-5220,I,1.0,2.0,C,,A,AB,126.0,8.093,0.011,2.16,0.04,S,,,429.0,,,P-53     9,0.37,F2III/IV,1,197.2386587771203,2.0250397966666807,6848.452201524804
H,704,,00 08 45.86,+14 08 31.4,7.84,,H,2.19110187,14.14205698,,5.19,18.87,-33.4,0.72,0.54,0.91,0.75,0.6,0.42,0.06,-0.1,-0.07,-0.05,0.13,-0.01,-0.14,0.27,0.54,0.0,1.1,704,9.282,0.014,7.954,0.009,,1.125,0.012,G,1.09,0.01,H,,8.0043,0.0013,0.011,116.0,,7.99,8.02,,C,,,,,,1.0,,,,,,,,,,S,,,405.0,B+13    3,,,1.09,K0,S,192.67822736030826,1.415836789242289,4461.357473060969
H,706,,00 08 46.18,-34 47 39.8,7.88,,G,2.19243127,-34.79438791,,5.03,5.24,6.05,0.62,0.51,0.85,0.76,0.58,0.26,-0.01,0.13,-0.38,-0.03,0.01,0.02,-0.17,0.07,-0.02,0.0,-0.8,706,8.403,0.007,7.931,0.008,,0.473,0.001,G,0.54,0.0,H,,7.982,0.0009,0.011,164.0,,7.96,8.01,,,,,,,,1.0,,,,,,,,,,S,,,427.0,,C-35    20,P-35     8,0.54,F3V,3,198.80715705765405,1.3878399252796374,6513.933703222605
H,707,,00 08 46.75,-66 45 34.1,9.1,,H,2.19477287,-66.75946527,,3.19,-3.76,1.58,0.74,0.76,0.96,0.83,0.87,-0.07,0.04,-0.15,-0.1,0.0,0.02,0.0,-0.21,-0.02,-0.07,0.0,-0.55,707,10.504,0.03,9.194,0.017,,1.113,0.027,T,1.08,0.03,L,,9.2675,0.0021,0.02,137.0,,9.23,9.3,,C,,,,,,1.0,,,,,,,,,,,,,441.0,,,P-67     4,1.02,K0III,1,313.47962382445144,1.6189534152859046,4486.839504802614
H,708,,00 08 46.83,-36 44 38.7,8.65,,H,2.1951331,-36.74408179,,6.86,-34.75,-37.51,0.86,0.69,1.05,1.0,0.89,0.26,0.16,0.1,-0.5,-0.06,-0.07,0.0,-0.2,0.05,0.13,0.0,-0.27,708,9.162,0.013,8.702,0.013,,0.471,0.015,G,0.54,0.02,H,,8.7523,0.0016,0.015,129.0,,8.72,8.78,,C,,,,,,1.0,,,,,,,,,,S,,,428.0,,C-37    16,P-37     5,0.54,F3V,3,145.77259475218656,2.8316205785337596,6523.407364544044
H,705,,00 08 47.38,+86 47 16.4,8.41,,H,2.1974024,86.78789828,,16.24,331.45,-6.63,0.61,0.62,0.7,0.68,0.63,-0.08,0.01,0.06,0.02,0.01,-0.08,-0.02,-0.22,0.09,-0.25,1.0,-0.17,705,9.102,0.013,8.462,0.012,,0.588,0.013,T,0.66,0.01,L,,8.5387,0.0015,0.013,120.0,,8.52,8.56,,C,,,,,,1.0,,,,,,,,,,,,,245.0,B+85  412,,,0.71,G2V,X,61.57635467980296,4.462930124525782,6014.92985129542
H,709,,00 08 48.41,-47 03 38.4,7.81,,G,2.20171313,-47.06066168,,8.58,100.36,-46.0,0.71,0.56,0.86,0.82,0.79,-0.11,-0.14,0.1,0.0,0.1,0.05,0.12,-0.01,-0.11,-0.05,0.0,0.02,709,8.365,0.009,7.859,0.009,,0.481,0.015,G,0.55,0.02,H,,7.9168,0.0014,0.015,123.0,,7.89,7.95,,,,,,,,1.0,,,,,,,,,,S,,,439.0,,C-47    16,P-47     6,0.55,F5IV,2,116.55011655011654,2.477436439243527,6476.334733465545
H,710,,00 08 48.74,+08 01 18.3,7.43,,G,2.20309454,8.02174864,,11.61,7.44,49.14,0.91,0.52,1.01,0.8,0.52,0.28,0.46,0.04,0.07,0.14,-0.12,0.21,0.02,0.15,0.35,4.0,-1.73,710,7.786,0.008,7.474,0.009,,0.296,0.011,T,0.34,0.01,L,,7.5171,0.001,0.01,92.0,,7.5,7.53,,C,,,00088+0801,I,1.0,1.0,,,,,,,,,,S,,,418.0,B+07    5,,,0.4,F0,S,86.13264427217916,2.754161098692869,7487.380046677648
H,711,,00 08 49.12,-07 53 49.4,8.76,,H,2.20465275,-7.89705908,,0.97,42.57,-1.78,1.01,0.79,1.18,1.14,0.77,0.43,-0.3,-0.27,-0.24,-0.14,0.09,-0.21,-0.42,0.26,0.32,0.0,-0.25,711,10.009,0.026,8.889,0.017,,0.965,0.024,T,0.95,0.02,L,,8.9233,0.0017,0.015,98.0,,8.9,8.95,,,,,,,,1.0,,,,,,,,,,S,,,425.0,B-08    5,,,0.91,G5,S,1030.9278350515465,-1.306141328668776,4828.37417620967
H,712,,00 08 49.90,+40 50 27.8,7.58,,H,2.20791519,40.84104758,,4.72,-9.2,-11.88,0.7,0.52,0.82,0.83,0.62,-0.02,0.08,0.01,0.44,-0.02,0.0,-0.03,0.57,-0.06,0.05,0.0,0.1,712,8.833,0.011,7.675,0.008,,0.994,0.011,T,0.97,0.01,L,,7.7448,0.001,0.012,132.0,,7.73,7.77,,C,,,00090+4051,I,2.0,1.0,,,,,,,,,,S,,,413.0,B+40    5,,,0.96,G5,S,211.86440677966104,0.9497099931704387,4757.190284138469
H,713,,00 08 49.90,-60 15 52.3,9.55,,H,2.20792389,-60.26452754,,4.78,-2.54,-15.53,0.84,0.84,1.13,0.95,1.1,-0.05,-0.09,-0.15,-0.11,0.11,0.07,0.14,0.08,-0.2,0.0,1.0,0.61,713,10.091,0.021,9.601,0.021,,0.473,0.023,T,0.54,0.02,L,,9.6573,0.0025,0.023,136.0,,9.6,9.71,,C,,,,,,1.0,,,,,,,,,,,,,458.0,,,P-60     4,0.55,F5V,1,209.20502092050208,2.947139483060596,6513.933703222605
H,714,,00 08 50.00,+40 29 40.4,6.82,,H,2.2083263,40.49456869,,3.19,7.09,-7.99,0.61,0.46,0.76,0.73,0.56,0.0,0.15,0.02,0.35,-0.04,-0.01,-0.07,0.47,-0.13,0.08,0.0,-0.83,714,8.865,0.01,6.978,0.005,,1.568,0.009,T,1.59,0.01,L,,6.9335,0.0012,0.009,131.0,,6.92,6.95,,,,,,,,1.0,,,,,,,,,,S,,,414.0,B+39   11,,,1.6,K5,S,313.47962382445144,-0.6610465847140947,3694.0129075338446
H,715,,00 08 51.84,-25 32 52.1,10.24,,H,2.21598889,-25.54780455,,1.8,35.82,20.37,1.6,0.91,1.68,2.06,0.93,0.01,0.28,-0.08,0.0,-0.11,-0.03,-0.09,-0.28,0.11,-0.14,0.0,0.01,715,10.705,0.04,10.301,0.045,,0.46,0.02,G,0.53,0.02,H,,10.3432,0.0026,0.025,103.0,,10.29,10.39,,C,,,,,,1.0,,,,,,,,,,,,,,,C-26    26,P-26     6,0.53,F0,S,555.5555555555555,1.5163625255165307,6576.0502725368815
H,716,,00 08 52.07,+25 27 46.3,6.24,,H,2.21695394,25.46285169,,7.78,104.61,54.77,0.68,0.44,0.81,0.83,0.51,0.13,-0.02,-0.06,-0.29,0.03,0.2,0.06,0.06,0.1,0.09,0.0,0.34,716,7.488,0.007,6.355,0.004,,0.976,0.003,G,0.97,0.03,E,,6.4099,0.0006,0.006,105.0,,6.4,6.42,,C,,,,,,1.0,,,,,,,,,,S,,,417.0,B+24    3,,,0.97,K0III,X,128.53470437017995,0.6948979849484456,4801.110025544659
H,717,H,00 08 52.24,+00 41 32.8,7.31,,H,2.21766632,0.69244524,*,1.36,5.08,3.16,2.8,1.19,1.53,1.72,1.16,0.35,-0.01,-0.06,-0.02,0.06,0.31,0.08,0.1,0.06,0.24,3.0,-0.75,717,9.204,0.018,7.491,0.009,*,1.43,0.016,T,1.42,0.03,L,*,7.45,0.0014,0.009,72.0,*,7.42,7.47,,D,,,00089+0042,H,1.0,2.0,C,,A,AB,211.0,0.254,0.016,1.64,0.12,S,,,422.0,B-00    6,,,1.43,K2,S,735.2941176470588,-2.022305458148913,3901.9253220718683
H,718,,00 08 52.90,-42 55 05.6,10.52,,G,2.22041567,-42.91821148,,3.4,20.15,-12.68,1.23,1.16,1.82,1.51,1.8,0.08,-0.19,-0.16,0.14,-0.06,0.08,-0.05,-0.13,0.01,0.09,0.0,0.77,718,11.007,0.043,10.432,0.04,,0.51,0.02,G,0.58,0.02,H,,10.6431,0.0032,0.035,129.0,,10.58,10.7,,C,,,,,,1.0,,,,,,,,,,,G,,,,C-43    17,P-43     7,0.58,F5,S,294.11764705882354,3.1773945852112755,6343.880598874681
H,719,,00 08 53.00,-35 49 08.5,9.27,,H,2.22083743,-35.81902966,,0.25,11.28,-9.3,0.92,0.78,1.21,1.01,0.85,0.3,0.15,0.14,-0.48,-0.06,-0.16,0.07,-0.1,0.15,0.04,0.0,-1.4,719,10.748,0.034,9.396,0.017,,1.146,0.03,T,1.11,0.03,L,,9.4368,0.0015,0.019,150.0,,9.39,9.48,,,,,,,,1.0,,,,,,,,,,,,,438.0,,C-36    19,P-36     6,1.08,K1III,3,4000.0,-3.740299956639813,4417.487704269367
H,720,,00 08 53.66,-22 10 46.2,7.13,2.0,H,2.22356284,-22.17950257,,3.16,-16.75,-6.16,0.96,0.49,0.96,1.18,0.54,0.03,0.19,0.03,-0.39,0.18,-0.03,0.16,-0.11,-0.04,-0.04,2.0,1.11,720,9.245,0.015,7.31,0.007,,1.64,0.015,G,2.25,0.05,F,,7.1836,0.0029,0.034,102.0,,7.12,7.23,,U,2.0,,,,,1.0,,,,,,,,,,S,,P,437.0,B-22    7,C-22    13,P-22     6,2.25,M2III,4,316.4556962025316,-0.3715645869079802,3594.399505081432
H,721,H,00 08 55.31,-26 13 25.1,9.14,,H,2.23047849,-26.22362939,*,2.6,-0.01,-7.67,2.24,1.49,1.43,1.83,0.86,0.02,0.08,-0.04,0.02,-0.06,-0.04,-0.06,-0.22,0.12,-0.16,0.0,-1.05,721,10.474,0.03,9.241,0.017,*,1.053,0.027,T,1.02,0.02,L,*,9.3044,0.0016,0.02,124.0,*,9.27,9.34,,D,,,00089-2613,H,1.0,2.0,C,,A,AB,296.0,0.258,0.027,2.28,0.27,,,,454.0,,C-26    28,P-26     7,1.08,K1III,3,384.6153846153846,1.2148667398540907,4618.986698981167
H,722,,00 08 56.56,+12 48 16.1,8.48,,G,2.23568502,12.804472,,12.89,38.21,-36.92,0.8,0.6,1.03,0.85,0.62,0.56,0.0,-0.01,-0.08,-0.16,0.16,-0.15,-0.22,0.19,0.61,3.0,-0.4,722,9.094,0.012,8.519,0.011,,0.537,0.014,T,0.61,0.01,L,,8.5949,0.0008,0.012,140.0,,8.57,8.62,,D,,,,,,1.0,,,,,,,,,,S,,,435.0,B+11    2,,,0.64,G0,S,77.57951900698215,4.031264586767016,6225.704592092701
H,723,,00 08 56.98,+66 27 23.9,8.57,1.0,H,2.23740813,66.45664771,,31.34,174.82,5.96,1.65,1.58,2.1,1.89,1.78,-0.09,0.09,0.12,-0.09,-0.03,-0.05,-0.01,0.0,0.08,-0.15,0.0,,723,9.734,0.018,8.705,0.013,,0.885,0.017,T,0.89,0.01,L,,8.7095,0.0035,0.03,137.0,,8.66,8.77,356.0,P,1.0,A,,,,1.0,X,,S,,,,,,,,,,404.0,B+65    3,,,0.88,G5,S,31.908104658583277,6.050494960662857,5036.970817359684
H,724,,00 08 59.22,-21 12 22.7,7.21,,H,2.24674499,-21.20630061,,7.86,33.7,-21.63,0.8,0.57,1.07,1.03,0.57,0.23,-0.02,-0.17,-0.29,-0.1,0.39,-0.06,-0.37,0.28,0.18,0.0,1.12,724,8.613,0.01,7.336,0.007,,1.087,0.01,T,1.05,0.01,L,,7.3744,0.0014,0.01,98.0,,7.36,7.39,,,,,00090-2112,I,1.0,1.0,,,S,,,,,,,S,,,452.0,B-22    8,,,1.02,K0III,4,127.2264631043257,1.6871127301970388,4543.114527329833
H,725,,00 08 59.52,+34 22 04.6,9.05,,H,2.24799593,34.36795586,,1.01,-9.46,-10.28,1.08,0.69,1.33,1.4,0.92,0.08,0.17,-0.01,-0.18,0.06,0.12,0.05,0.42,-0.05,0.09,0.0,-0.77,725,11.184,0.065,9.206,0.021,,1.64,0.054,T,1.66,0.06,L,,9.1609,0.002,0.016,91.0,,9.14,9.19,,C,,,,,,1.0,,,,,,,,,,,,,,B+33    7,,,1.59,K5,S,990.09900990099,-0.9283931310867857,3594.399505081432
H,726,,00 08 59.59,-39 44 13.6,7.72,,H,2.24830416,-39.73711336,,18.22,113.13,-18.8,0.57,0.54,0.95,0.65,0.76,0.03,0.0,-0.16,0.26,-0.09,0.11,-0.08,-0.26,0.23,0.07,0.0,-0.08,726,8.487,0.008,7.793,0.006,,0.62,0.007,G,0.69,0.01,H,,7.8539,0.0012,0.012,168.0,,7.84,7.88,,C,,,,,,1.0,,,,,,,,,,S,,,457.0,,C-40    15,P-40     5,0.69,G0V,2,54.88474204171241,4.022741863184897,5890.322012321262
H,727,,00 08 59.95,+49 51 29.2,8.03,,H,2.24977114,49.85810859,,7.7,-21.11,-12.25,0.67,0.6,0.96,0.72,0.68,-0.02,0.3,0.12,0.19,0.09,-0.07,0.14,0.29,0.18,0.02,0.0,0.04,727,8.432,0.009,8.048,0.009,,0.364,0.012,T,0.43,0.01,L,,8.1168,0.0014,0.013,117.0,,8.1,8.14,,,,,,,,1.0,,,,,,,,,,S,,,433.0,B+49    7,,,0.4,A3,S,129.87012987012986,2.462453625862409,7077.934811525072
H,728,,00 09 00.16,+28 14 51.2,6.47,,H,2.25065511,28.24755645,,8.65,5.9,-5.62,0.75,0.44,0.94,0.62,0.52,0.03,0.6,-0.02,0.25,-0.02,0.02,0.06,0.15,0.12,0.05,2.0,-1.14,728,6.771,0.004,6.498,0.005,,0.242,0.007,G,0.27,0.01,H,,6.5439,0.0007,0.006,94.0,,6.54,6.56,,,,,,,,1.0,,,,,,,,,,S,,,434.0,B+27    3,,,0.27,A4Vm,X,115.60693641618496,1.1550805373240705,7851.577099621505
H,729,,00 09 02.34,+18 12 43.3,5.57,,H,2.2597423,18.21202529,,11.17,140.93,-25.57,0.58,0.42,0.72,0.58,0.47,0.29,0.2,0.0,0.03,0.06,-0.01,0.08,0.0,0.08,0.37,0.0,1.48,729,6.902,0.005,5.675,0.003,,1.043,0.003,G,0.99,0.03,E,,5.7323,0.0006,0.005,104.0,,5.72,5.74,,C,,,,,,1.0,,,,,,,,,,S,,,448.0,B+17    7,,,0.99,G9III,S,89.52551477170994,0.8102658655780459,4641.812807489934
H,730,H,00 09 02.35,-54 00 07.1,6.32,,G,2.25978189,-54.00196301,*,7.0,46.45,13.08,0.84,1.3,0.74,0.88,0.87,-0.24,-0.06,0.01,-0.02,0.05,-0.01,0.07,0.04,-0.11,-0.36,2.0,-0.3,730,7.236,0.004,6.41,0.003,*,0.738,0.008,G,0.81,0.02,A,*,6.4622,0.0006,0.008,174.0,*,6.45,6.48,,D,,,00090-5400,I,1.0,2.0,C,,A,AB,88.0,0.239,0.004,1.32,0.05,S,,,469.0,,,P-54    19,0.81,G4IV...,X,142.85714285714286,0.545490200071284,5474.912625706403
H,732,,00 09 02.66,-35 05 30.7,7.78,,G,2.26106347,-35.09184956,,6.49,37.0,-12.15,0.64,0.51,0.82,0.7,0.53,0.3,0.08,0.14,-0.44,-0.06,-0.04,0.02,-0.17,0.1,0.03,0.0,-1.23,732,8.258,0.007,7.806,0.006,,0.417,0.003,G,0.48,0.0,H,,7.8732,0.0011,0.012,175.0,,7.85,7.89,,,,,,,,1.0,,,,,,,,,,S,,,466.0,,C-35    22,P-35     9,0.48,F3IV/V,3,154.08320493066256,1.841223484001846,6790.991757348858
H,731,,00 09 02.75,+27 39 04.5,11.65,,G,2.26145881,27.65123946,,22.5,223.28,146.63,2.41,1.52,2.96,2.72,1.8,0.11,0.22,0.04,0.01,0.06,0.13,0.06,0.06,0.07,0.15,2.0,-0.49,731,,,,,,1.26,0.02,G,1.43,0.03,I,,11.8607,0.0061,0.045,89.0,,11.79,11.94,,,,,00090+2739,I,1.0,1.0,,,,,,,,,,,D,,,,,,1.43,M1,S,44.44444444444444,8.410912590556812,4194.273288699762
H,733,,00 09 02.77,+09 50 59.9,8.58,,H,2.26154948,9.84996128,,10.46,124.98,2.32,0.93,0.65,1.13,0.92,0.67,0.34,0.21,-0.08,-0.06,0.0,-0.01,0.06,-0.21,0.19,0.48,0.0,1.45,733,9.437,0.017,8.65,0.014,,0.714,0.017,T,0.77,0.01,L,,8.722,0.0017,0.014,85.0,,8.7,8.75,,,,,,,,1.0,,,,,,,,,,S,,,449.0,B+09    5,,,0.82,G5,S,95.60229445506693,3.677658422656277,5554.2639690201895
H,734,,00 09 02.85,-24 20 06.2,10.37,,G,2.26186026,-24.33505454,,3.89,-0.59,21.18,1.38,0.9,1.6,1.82,0.92,0.01,-0.05,0.02,-0.11,0.04,0.22,0.01,-0.23,0.09,-0.08,0.0,-1.61,734,10.717,0.035,10.385,0.041,,0.432,0.015,G,0.5,0.02,H,,10.4567,0.003,0.025,114.0,,10.41,10.5,,C,,,,,,1.0,,,,,,,,,,,,,,,C-25    26,P-25    12,0.5,F2,S,257.0694087403599,3.3197480066285383,6714.3008688410055
H,735,,00 09 03.17,+22 39 51.4,9.23,,H,2.26322766,22.66426725,,6.32,-2.96,-0.7,0.97,0.6,1.08,1.1,0.77,0.18,0.25,-0.01,0.08,0.14,-0.13,0.13,0.27,-0.01,0.24,0.0,-0.08,735,9.662,0.022,9.257,0.023,,0.383,0.029,T,0.45,0.03,L,,9.321,0.0017,0.016,101.0,,9.3,9.35,,,,,,,,1.0,,,,,,,,,,,,,446.0,B+21    2,,,0.47,F5,S,158.2278481012658,3.2335853914119266,6972.080340607371
H,736,,00 09 03.39,-59 16 50.1,9.2,,H,2.26412852,-59.28059246,,8.35,-58.26,-156.88,0.8,0.94,1.16,0.91,1.13,-0.06,0.05,-0.18,0.11,0.07,0.05,0.08,0.36,-0.09,-0.02,0.0,0.63,736,10.214,0.023,9.28,0.017,,0.811,0.022,T,0.84,0.02,L,,9.3395,0.0029,0.026,141.0,,9.3,9.39,,,,,,,,1.0,,,,,,,,,,,,,482.0,,,P-59     4,0.82,G8V,1,119.76047904191617,3.8084323774180096,5247.729703306565
H,737,,00 09 03.58,+40 50 35.8,6.93,,H,2.26490408,40.84327725,,16.09,126.0,-171.99,0.6,0.45,0.75,0.73,0.54,0.05,0.03,0.04,0.23,0.03,-0.05,0.02,0.43,-0.04,0.1,0.0,-0.16,737,8.124,0.008,7.039,0.006,,0.8,0.495,G,0.93,0.01,L,,7.0929,0.0009,0.007,129.0,,7.08,7.11,,D,,,00090+4051,I,2.0,1.0,,,,,,,,,,S,,,445.0,B+40    7,,,0.93,G5,S,62.15040397762586,2.962780220495147,5280.671926994783
H,738,,00 09 03.90,-27 07 20.5,11.73,,G,2.266269,-27.12235235,,42.82,696.09,87.88,2.47,1.41,2.61,3.48,1.54,-0.01,-0.07,-0.03,-0.17,0.07,0.1,0.06,-0.23,0.01,-0.16,0.0,0.27,738,,,,,,1.493,0.01,G,1.9,0.0,A,,11.7932,0.0055,0.05,111.0,,11.72,11.87,,,,,,,,1.0,,,,,,,,,,,D,,,,C-27    16,,1.9,,,23.353573096683792,9.888233314792098,3804.0657473109172
H,739,,00 09 03.92,-28 19 48.0,9.32,,G,2.26631833,-28.33000796,,4.32,48.22,-31.28,1.23,0.68,1.37,1.63,0.82,0.01,0.18,0.04,-0.08,0.01,0.08,0.03,-0.17,0.16,-0.07,3.0,0.57,739,9.977,0.022,9.365,0.02,,0.549,0.015,G,0.62,0.01,H,,9.4502,0.0019,0.021,122.0,,9.42,9.49,,C,,,,,,1.0,,,,,,,,,,,,,464.0,,C-29    20,P-29     7,0.62,F6V,3,231.48148148148147,2.497418734074561,6174.690258703779
H,740,,00 09 04.30,+19 55 28.7,7.11,,H,2.26793216,19.92463831,,8.73,10.08,20.67,0.63,0.47,0.77,0.71,0.52,0.25,0.16,0.03,0.15,0.11,-0.13,0.12,0.16,0.02,0.27,2.0,1.05,740,7.66,0.007,7.173,0.007,,0.476,0.004,G,0.55,0.0,H,,7.2122,0.0009,0.008,107.0,,7.2,7.23,,,,,,,,1.0,,,,,,,,,,S,,,447.0,B+19   10,,,0.55,F5,S,114.54753722794959,1.8150712185278488,6499.778878315434
H,741,,00 09 05.64,-36 39 02.2,9.79,,H,2.27351039,-36.65060208,,0.11,18.31,5.77,1.16,0.96,1.41,1.43,1.24,0.27,0.19,0.15,-0.47,-0.13,-0.14,-0.11,-0.26,0.06,0.28,2.0,2.54,741,11.09,0.045,9.912,0.027,,1.01,0.041,T,0.99,0.03,L,,9.9582,0.0027,0.027,133.0,,9.91,10.0,,,,,,,,1.0,G,,,,,,,,,,,,,,C-37    17,P-37     6,1.1,K1,S,9090.909090909092,-5.003036574208876,4718.856086025702
H,742,,00 09 06.42,-50 36 27.9,8.21,,H,2.27673999,-50.60776281,,2.98,4.31,-14.99,0.68,0.67,1.01,0.84,0.76,-0.15,-0.03,-0.23,0.07,0.22,-0.1,0.19,0.05,-0.03,-0.19,0.0,2.14,742,9.932,0.017,8.334,0.008,,1.339,0.015,T,1.3,0.02,L,,8.3613,0.0017,0.018,164.0,,8.33,8.39,,,,,,,,1.0,,,,,,,,,,S,,,481.0,,C-51    22,P-51    14,1.22,K3III,2,335.5704697986577,0.5810813203812772,4052.921409906206
H,743,H,00 09 06.98,-50 00 49.1,8.42,,H,2.27906762,-50.013628,A,1.37,0.01,-7.69,1.21,1.2,1.61,1.21,1.41,-0.21,0.08,-0.09,-0.05,0.11,0.06,0.13,0.31,-0.11,-0.24,2.0,0.73,743,9.934,0.018,8.562,0.01,A,1.4,0.495,G,1.15,0.02,L,*,8.5825,0.0017,0.02,159.0,*,8.55,8.61,,,,,00091-5001,I,1.0,2.0,C,,A,AB,320.0,1.063,0.025,2.91,0.1,S,,,479.0,,C-50    18,P-50    11,1.15,K1,2,729.92700729927,-0.8963971642179676,3950.392766032684
H,744,,00 09 08.56,-50 10 00.4,7.05,,H,2.28568036,-50.16678657,,3.15,19.89,-6.51,0.48,0.49,0.72,0.57,0.59,-0.12,-0.05,-0.14,0.08,0.13,-0.04,0.15,0.22,-0.09,-0.21,0.0,0.37,744,6.89,0.004,7.021,0.005,,-0.122,0.003,G,-0.11,0.0,H,,7.0135,0.0009,0.009,161.0,,7.0,7.03,,C,,,00091-5010,I,1.0,1.0,,,,,,,,,,S,,,480.0,,C-50    20,P-50    13,-0.11,B5V,2,317.46031746031747,-0.4584472310519976,11956.561440093128
H,745,,00 09 09.20,-38 17 22.1,9.26,,G,2.28833154,-38.28947361,,6.75,164.62,-63.85,0.9,0.73,1.19,1.12,1.07,0.09,-0.05,-0.12,-0.27,-0.09,0.24,-0.08,-0.23,0.17,0.15,0.0,1.62,745,10.09,0.02,9.319,0.017,,0.671,0.002,G,0.73,0.0,H,,9.4024,0.0018,0.018,139.0,,9.36,9.44,,C,,,,,,1.0,,,,,,,,,,,,,477.0,,C-38    17,P-38     5,0.73,G3V,3,148.14814814814815,3.4065188641551245,5702.764173000684
H,746,,00 09 10.09,+59 09 00.8,2.28,1.0,H,2.29204036,59.15021814,,59.89,523.39,-180.42,0.36,0.42,0.56,0.41,0.48,-0.08,0.19,0.11,0.09,-0.09,-0.1,-0.05,-0.07,0.14,-0.12,0.0,-1.06,746,2.72,0.003,2.318,0.003,,0.38,0.004,T,0.4,0.03,C,,2.3579,0.0017,0.014,130.0,,2.34,2.38,0.1,P,1.0,A,00092+5909,I,1.0,1.0,,,,,,,,,,S,,P,432.0,B+58    3,,,0.4,F2III-IV,X,16.69727834362999,1.1667715654210435,6988.564781536702
H,747,,00 09 10.17,+44 43 18.6,8.77,,H,2.29237517,44.72184555,A,4.8,53.46,-33.26,1.73,1.48,2.04,1.67,1.4,0.02,0.1,0.2,-0.16,0.08,-0.12,0.12,0.25,0.11,-0.01,0.0,1.21,747,9.286,0.012,8.796,0.012,A,0.461,0.015,T,0.53,0.02,L,,8.8693,0.0083,0.045,167.0,A,8.82,8.98,,D,,,00092+4443,I,2.0,1.0,C,P,A,,,,,,,S,,,460.0,B+43    7,,,0.53,G5,S,208.33333333333334,2.176206186877936,6571.2265712965645
H,748,,00 09 11.06,+21 03 33.7,9.25,,H,2.29606736,21.05936782,,5.87,23.36,-7.44,0.94,0.6,1.08,1.06,0.69,0.21,0.13,0.04,-0.1,0.2,-0.03,0.16,0.21,-0.04,0.34,2.0,1.63,748,9.897,0.023,9.323,0.02,,0.537,0.027,T,0.61,0.03,L,,9.3653,0.0014,0.016,115.0,,9.34,9.4,,,,,,,,1.0,,,,,,,,,,,,,461.0,B+20    7,,,0.71,G0,S,170.35775127768312,3.093190506238072,6225.704592092701
H,749,,00 09 11.48,-31 28 38.2,9.3,,H,2.29783513,-31.47728797,,4.36,44.0,4.53,1.32,0.76,1.46,1.62,0.94,-0.08,-0.05,-0.1,-0.23,0.02,0.33,0.06,-0.18,0.1,-0.12,0.0,0.81,749,10.54,0.036,9.41,0.023,,0.972,0.033,T,0.96,0.03,L,,9.4621,0.0024,0.02,96.0,,9.42,9.5,,C,,,,,,1.0,,,,,,,,,,,,,475.0,,C-32    18,P-32    11,1.17,K2III,3,229.3577981651376,2.4974324463429314,4810.986555454773
H,750,,00 09 11.60,+44 43 22.0,10.63,,H,2.29831313,44.72276734,B,12.2,67.05,-38.38,14.5,13.82,9.4,9.6,8.67,0.02,0.14,0.26,-0.24,0.1,-0.11,0.15,0.2,0.14,-0.05,0.0,1.21,750,11.295,0.067,10.734,0.068,B,0.525,0.085,T,0.6,0.09,L,,10.7288,0.0392,,,B,,,,D,,,00092+4443,I,2.0,1.0,C,I,A,,,,,,,,,P,,,,,0.73,,,81.9672131147541,6.061799153373742,6277.63618067412
H,751,,00 09 12.90,+42 15 15.8,9.9,,H,2.30375144,42.25439291,,4.56,10.75,10.07,0.87,0.71,1.26,1.01,0.86,-0.08,0.04,0.03,0.06,-0.03,-0.07,-0.06,0.42,-0.04,-0.01,0.0,0.38,751,10.596,0.031,9.994,0.03,,0.561,0.038,T,0.63,0.04,L,,10.0182,0.0021,0.022,151.0,,9.98,10.05,,,,,,,,1.0,,,,,,,,,,,G,,,B+41    4,,,0.65,F8,S,219.2982456140351,3.1948242133221756,6124.567949163871
H,752,,00 09 12.98,-00 45 07.9,9.89,,H,2.30406964,-0.75219804,,6.48,3.46,8.37,1.52,1.07,1.77,2.06,1.22,0.35,0.12,-0.31,-0.3,-0.23,0.18,-0.15,-0.24,0.1,0.25,0.0,-0.47,752,10.595,0.047,9.929,0.04,,0.617,0.052,T,0.69,0.05,L,,10.0187,0.0029,0.022,70.0,,9.98,10.06,,C,,,,,,1.0,,,,,,,,,,,,,473.0,B-01    3,,,0.65,F8,S,154.320987654321,3.947875029352967,5901.768262850707
H,753,,00 09 14.68,+32 28 36.0,9.33,,H,2.31118231,32.47666637,,17.75,133.54,-83.23,1.11,0.66,1.21,1.33,0.81,0.04,0.23,0.06,0.39,-0.02,-0.04,-0.03,0.41,-0.05,0.08,0.0,-0.84,753,10.355,0.034,9.438,0.024,,0.812,0.031,T,0.84,0.02,L,,9.4822,0.0022,0.018,111.0,,9.46,9.51,,C,,,,,,1.0,,,,,,,,,,,,,,B+31    3,,,0.72,G0,S,56.33802816901409,5.575991786955564,5244.756609406935
H,754,,00 09 15.63,+25 16 56.3,7.78,,H,2.31514306,25.28231728,,22.07,174.95,-146.75,1.83,1.36,2.31,1.88,1.38,0.16,0.18,0.03,-0.2,0.03,0.11,0.04,-0.09,0.08,0.16,0.0,,754,8.627,0.01,7.859,0.009,,0.68,0.015,G,0.74,0.01,H,,7.9186,0.0011,0.009,100.0,,7.9,7.94,,C,,,00093+2517,I,1.0,1.0,X,,,,,,,,,S,,,471.0,B+24    4,,,0.74,G0,S,45.31037607612143,4.4990116658082755,5670.983533865833
H,755,,00 09 16.58,+65 04 14.9,7.02,,H,2.31906353,65.07079864,,17.03,128.28,38.3,0.52,0.54,0.69,0.69,0.62,-0.17,0.14,0.27,0.16,-0.06,-0.07,-0.04,0.2,0.04,-0.17,0.0,-0.36,755,8.209,0.009,7.132,0.006,,0.932,0.008,T,0.93,0.01,L,,7.1836,0.001,0.01,132.0,,7.17,7.2,,,,,,,,1.0,,,,,,,,,,S,,,443.0,B+64    3,,,0.93,K0,S,58.71990604815032,3.1760732398130047,4912.167284243307
H,756,,00 09 18.05,-37 22 58.5,11.26,,H,2.32522728,-37.38291472,,5.08,294.26,-60.32,1.57,1.25,2.0,1.95,1.76,0.14,0.05,0.08,-0.44,0.05,0.05,0.08,-0.26,0.05,0.06,0.0,-0.64,756,,,,,,,,,,,T,,11.4004,0.0035,0.035,130.0,,11.33,11.46,,,,,,,,1.0,,,,,,,,,,,G,,,,,,0.72,,,196.85039370078738,4.789318561419597,
H,757,,00 09 18.57,-59 03 37.3,8.89,,H,2.32739226,-59.06036312,,1.97,-6.87,-12.43,0.69,0.83,1.11,0.77,0.98,-0.03,-0.1,-0.32,0.11,0.01,0.12,0.07,0.31,-0.23,-0.04,0.0,-0.82,757,10.171,0.023,8.963,0.014,,1.033,0.021,T,1.01,0.02,L,,9.0568,0.0024,0.022,145.0,,9.02,9.09,,,,,,,,1.0,,,,,,,,,,,,,497.0,,,P-59     5,0.96,G8III,1,507.6142131979695,0.36233113080796464,4664.877902396948
H,758,,00 09 19.12,-41 53 11.1,9.6,,H,2.32966922,-41.88642543,,7.75,-17.59,10.88,0.79,0.75,1.28,0.9,1.1,0.01,-0.13,-0.17,0.07,-0.1,0.18,-0.1,-0.28,0.08,0.02,1.0,-0.38,758,10.116,0.02,9.657,0.02,,0.446,0.022,T,0.52,0.02,L,,9.7051,0.0022,0.02,137.0,,9.67,9.74,,C,,,,,,1.0,,,,,,,,,,,,,495.0,,C-42    19,P-42     6,0.47,F6V,2,129.03225806451613,4.046508512531552,6644.396553608211
H,759,,00 09 19.44,+17 32 03.3,7.07,,H,2.33100682,17.53423872,,19.28,4.44,-130.47,0.61,0.52,0.79,0.65,0.58,0.43,0.21,0.01,-0.02,-0.11,-0.03,-0.06,-0.19,0.15,0.51,2.0,-0.08,759,7.85,0.007,7.143,0.007,,0.644,0.007,G,0.71,0.01,H,,7.199,0.0009,0.009,106.0,,7.18,7.22,,C,,,,,,1.0,,,,,,,,,,S,,,483.0,B+16    3,,,0.71,G2III,X,51.86721991701244,3.4955351478340604,5800.437593085512
H,760,H,00 09 19.83,+79 42 52.7,6.01,,G,2.33262025,79.71464113,A,8.56,106.17,-39.37,1.28,1.61,1.17,1.12,1.47,-0.17,-0.01,0.2,-0.11,0.0,0.0,0.0,-0.23,-0.01,-0.16,2.0,1.76,760,6.294,0.004,6.067,0.004,*,0.203,0.009,G,0.22,0.01,H,*,6.0767,0.0005,0.005,119.0,*,6.07,6.09,,D,,,00093+7943,I,1.0,2.0,C,,A,AB,22.0,0.705,0.002,0.12,0.01,S,,,431.0,B+78    1,,,0.22,A7IV,X,116.82242990654206,0.6723688233857663,8139.861558496986
H,761,H,00 09 21.02,-27 59 16.5,5.42,,H,2.3375862,-27.9879039,A,14.57,72.57,-9.99,1.28,0.91,1.34,1.68,0.82,0.01,0.05,-0.03,0.16,0.01,0.22,0.0,-0.26,0.02,0.11,2.0,1.09,761,5.932,0.005,5.486,0.004,*,0.414,0.002,G,0.48,0.0,H,*,5.51,0.0005,0.006,109.0,*,5.5,5.52,,D,,,00093-2759,I,1.0,2.0,C,,A,AB,261.0,1.433,0.003,0.06,0.01,S,,,493.0,,C-28    16,P-28     4,0.48,F3V,3,68.63417982155114,1.2372977588499499,6806.558765443766
H,762,,00 09 23.27,-41 02 39.1,9.11,,G,2.34694824,-41.04420522,,11.89,136.87,-135.22,0.73,0.81,1.31,0.8,1.01,0.04,0.02,-0.33,0.22,-0.2,0.2,-0.17,-0.25,0.21,0.05,0.0,1.67,762,10.176,0.021,9.155,0.015,,0.83,0.002,G,0.87,0.0,H,,9.2544,0.0025,0.023,148.0,,9.21,9.3,,,,,,,,1.0,,,,,,,,,,,,,494.0,,C-41    20,P-41     8,0.85,G8/K0V,2,84.10428931875526,4.485909273093457,5191.846537978043
H,763,H,00 09 23.27,+58 39 57.2,8.24,,G,2.34695373,58.66590161,*,1.42,7.72,-2.76,1.61,1.21,1.15,0.89,0.97,-0.12,0.16,0.05,-0.12,-0.07,-0.12,-0.04,-0.18,0.08,-0.06,1.0,-0.7,763,8.307,0.009,8.264,0.011,*,0.08,0.015,G,0.09,0.02,H,*,8.2559,0.0023,0.017,133.0,*,8.23,8.29,,D,,,00094+5840,H,1.0,2.0,C,,A,AB,169.0,0.258,0.008,1.37,0.11,,,,470.0,B+57    9,,,0.09,B5V,X,704.2253521126761,-0.9985582780847171,9225.6595386702
H,764,,00 09 23.88,+14 25 03.6,8.97,,H,2.34949364,14.41766587,,6.32,10.58,-8.9,0.93,0.69,1.2,0.99,0.74,0.46,0.08,-0.06,-0.04,-0.04,0.2,0.0,-0.11,0.34,0.57,0.0,0.71,764,9.474,0.017,9.005,0.016,,0.442,0.021,T,0.51,0.02,L,,9.0644,0.0019,0.015,109.0,,9.04,9.09,,C,,,,,,1.0,,,,,,,,,,S,,,,B+13    6,,,0.46,F0,S,158.2278481012658,2.973585391411927,6664.207804620363
H,765,,00 09 24.54,-45 44 49.2,3.88,,G,2.35224949,-45.74698836,,23.28,122.15,-180.13,0.78,0.62,0.98,0.86,0.79,0.04,0.14,-0.02,-0.08,-0.05,0.07,-0.04,-0.19,0.09,0.02,0.0,,765,5.187,0.003,3.993,0.002,,1.013,0.029,G,1.0,0.02,A,,4.0452,0.0004,0.005,141.0,,4.04,4.06,,,,,,,,1.0,X,,,,,,,,,S,,,496.0,,C-46    18,P-46     7,1.0,K0III,X,42.955326460481096,0.7149148798892542,4711.740843614084
H,766,,00 09 24.60,+00 04 19.5,8.59,,H,2.35250184,0.07209314,,7.58,-39.43,-39.4,1.11,0.67,1.2,1.47,0.91,0.31,-0.08,-0.28,-0.37,-0.09,0.22,-0.01,0.02,0.16,0.26,0.0,1.11,766,9.133,0.016,8.618,0.016,,0.484,0.02,T,0.56,0.02,L,,8.6986,0.0017,0.012,70.0,,8.68,8.72,,C,,,,,,1.0,,,,,,,,,,S,,,492.0,B-00    8,,,0.44,F5,S,131.92612137203167,2.988346028160267,6462.35579104865
H,767,,00 09 27.57,+46 23 16.5,7.17,,H,2.36489397,46.38790478,,4.96,11.36,-13.48,0.47,0.43,0.74,0.52,0.47,-0.09,0.14,0.11,-0.23,0.18,-0.16,0.21,0.22,0.07,-0.12,0.0,1.33,767,7.2,0.004,7.172,0.005,,0.031,0.006,T,0.05,0.01,L,,7.1895,0.0008,0.008,169.0,,7.17,7.21,,C,,,,,,1.0,,,,,,,,,,S,,,487.0,B+45   11,,,0.02,B9,S,201.61290322580646,0.6474083824509869,9754.309661638303
H,768,H,00 09 27.98,+19 06 56.5,7.94,,G,2.36659201,19.11569982,A,13.8,276.8,38.24,1.69,1.27,1.3,1.32,0.81,0.04,0.11,0.11,-0.23,0.04,-0.05,0.04,-0.09,0.01,0.36,0.0,-0.82,768,8.792,0.013,8.031,0.011,*,0.66,0.015,G,0.72,0.01,H,*,8.0805,0.001,0.014,111.0,*,8.06,8.1,,D,,,00095+1907,I,1.0,2.0,C,,A,AB,347.0,0.374,0.005,1.7,0.03,S,,,489.0,B+18    3,,,0.72,G3V,X,72.46376811594203,3.639395432006183,5742.128942309952
H,769,,00 09 28.02,+01 14 38.5,7.27,,H,2.36674758,1.24402533,,4.21,27.35,4.18,0.9,0.58,1.0,1.11,0.67,0.25,0.15,-0.18,-0.01,0.13,0.09,0.15,0.1,0.07,0.32,0.0,0.8,769,8.856,0.015,7.403,0.009,,1.22,0.015,G,1.18,0.01,H,,7.4367,0.0012,0.008,67.0,,7.42,7.46,,C,,,,,,1.0,,,,,,,,,,S,,,491.0,B+00    8,,,1.18,G5,S,237.52969121140143,0.39141047917834104,4269.855325050131
H,770,,00 09 28.21,-12 02 06.7,9.59,,G,2.36753959,-12.03518146,,1.88,-14.63,-5.77,1.12,0.74,1.4,1.76,0.8,0.39,-0.06,-0.12,-0.04,-0.02,0.04,-0.07,-0.27,0.17,0.28,0.0,-0.66,770,10.148,0.025,9.661,0.025,,0.49,0.015,G,0.56,0.02,H,,9.6961,0.002,0.018,116.0,,9.67,9.73,,,,,,,,1.0,,,,,,,,,,,,,,B-12    8,,,0.56,G0,S,531.9148936170212,0.9607892463183987,6434.592641259216
H,771,,00 09 30.42,-10 11 15.2,7.94,,H,2.3767445,-10.18755017,,2.08,6.73,3.41,0.85,0.64,1.14,1.08,0.62,0.38,-0.23,-0.21,-0.15,-0.15,0.45,-0.16,-0.4,0.36,0.43,0.0,0.57,771,9.822,0.022,8.097,0.01,,1.439,0.019,T,1.43,0.03,L,,8.0799,0.001,0.011,99.0,,8.07,8.11,,D,,,,,,1.0,,,,,,,,,,S,,,505.0,B-10    9,,,1.3,K0,S,480.7692307692307,-0.4696833251861916,3887.6256053933253
H,772,,00 09 30.70,-34 06 38.8,8.52,,H,2.377913,-34.11077214,,16.26,-16.34,-37.18,0.78,0.61,0.98,0.85,0.68,0.1,0.03,0.12,-0.35,0.0,0.1,0.02,-0.11,0.08,-0.01,0.0,0.41,772,9.369,0.014,8.597,0.011,,0.687,0.014,T,0.74,0.01,L,,8.6556,0.0016,0.018,129.0,,8.63,8.69,,,,,,,,1.0,,,,,,,,,,S,,,512.0,,C-34    26,P-34     9,0.75,G3V,3,61.500615006150056,4.575602706290247,5646.525937576086
H,773,,00 09 31.01,+19 33 33.2,7.59,,H,2.37919673,19.55922468,,5.36,21.33,-53.79,0.74,0.52,0.88,0.79,0.59,0.26,0.16,0.11,-0.01,0.17,0.01,0.18,0.16,0.13,0.34,7.0,0.23,773,8.871,0.013,7.699,0.009,,1.005,0.012,T,0.98,0.01,L,,7.7573,0.0008,0.009,114.0,,7.74,7.77,,,,,,,,1.0,,,,,,,,,,S,,,502.0,B+18    4,,,0.95,G8IV,X,186.56716417910445,1.2358239484638496,4730.765334481235
H,774,,00 09 32.22,-40 38 58.1,9.17,,H,2.38423018,-40.64947224,,1.78,35.64,11.46,0.73,0.91,1.37,0.82,1.18,0.1,0.05,-0.28,0.09,-0.17,0.15,-0.14,-0.3,0.22,0.14,1.0,1.11,774,10.471,0.024,9.269,0.015,,1.029,0.022,T,1.0,0.02,L,,9.3363,0.0018,0.023,154.0,,9.29,9.37,,,,,,,,1.0,,,,,,,,,,,,,513.0,,C-41    21,P-41     9,0.98,K1III,2,561.7977528089888,0.42210001154447063,4674.17173297854
H,775,,00 09 34.09,-66 01 47.0,8.08,,H,2.39204187,-66.02972893,,4.57,2.3,-26.4,0.66,0.67,0.82,0.74,0.73,0.11,-0.13,-0.05,-0.11,-0.02,0.13,0.0,-0.21,-0.06,0.13,0.0,1.45,775,9.451,0.015,8.199,0.009,,1.068,0.014,T,1.03,0.01,L,,8.2472,0.0014,0.016,146.0,,8.22,8.28,,C,,,,,,1.0,,,,,,,,,,S,,,525.0,,,P-66     5,1.02,K1III,1,218.8183807439825,1.3795810003492512,4585.187259968924
H,776,,00 09 34.93,-46 22 30.3,9.8,,G,2.39552418,-46.37507382,,3.03,8.32,-27.82,1.24,0.96,1.5,1.56,1.33,-0.04,0.07,-0.1,0.41,-0.07,0.18,-0.08,0.02,-0.17,-0.07,0.0,2.3,776,10.316,0.028,9.819,0.028,,0.524,0.005,G,0.6,0.01,H,,9.9161,0.0037,0.032,121.0,,9.82,9.97,,,,,,,,1.0,,,S,,,,,,,,,,523.0,,C-47    23,P-47     9,0.6,F5/F6V,2,330.03300330033005,2.2072131425115256,6282.006031517798
H,777,H,00 09 35.22,-21 22 54.7,8.92,,H,2.3967474,-21.38186598,A,8.17,-8.94,1.65,2.05,1.46,1.89,2.54,1.06,0.09,0.22,0.0,-0.16,0.2,0.09,0.18,0.03,0.06,0.05,2.0,-0.12,777,9.514,0.019,8.992,0.018,*,0.499,0.02,T,0.57,0.02,L,*,9.0294,0.0029,0.023,103.0,*,8.99,9.07,,,,,00096-2123,I,1.0,2.0,C,,A,AB,353.0,0.561,0.024,3.26,0.14,S,,,511.0,B-22   12,C-22    18,P-22     8,0.59,F5V,4,122.39902080783354,3.481110282662078,6393.427691128481
H,778,,00 09 36.29,-51 44 13.4,9.91,2.0,H,2.40120624,-51.73705907,,4.45,17.76,-7.36,0.71,0.89,1.34,0.92,1.24,-0.39,0.0,-0.03,0.15,-0.06,0.05,-0.05,0.11,-0.01,-0.42,1.0,1.3,778,10.291,0.018,9.927,0.02,,0.355,0.024,T,0.42,0.03,L,,9.9924,0.003,0.045,247.0,,9.91,10.07,,U,2.0,,,,,1.0,,,S,,,,,,,,,,524.0,,,P-52     5,0.39,F0V,2,224.7191011235955,3.1518000549046583,7129.308654643922
H,779,H,00 09 36.36,+62 40 04.1,9.42,2.0,H,2.40151993,62.66781255,*,4.76,-2.5,2.02,2.81,1.79,2.01,1.8,2.03,-0.15,0.06,0.2,0.07,0.16,0.05,0.09,0.04,0.06,-0.02,0.0,0.69,779,11.555,0.09,9.712,0.026,*,1.565,0.077,T,2.22,0.43,K,*,9.4783,0.0041,0.039,129.0,*,9.43,9.55,,U,2.0,,00096+6240,H,1.0,2.0,C,,D,AB,277.0,0.225,0.027,1.82,0.86,,G,D,,B+61    8,,,2.22,M1Ibpev comp,G,210.08403361344537,2.808034763602466,3698.287995730635
H,780,,00 09 36.44,+26 40 55.4,8.84,,H,2.40182077,26.68206689,,2.91,-12.86,-14.4,0.94,0.61,1.13,1.11,0.7,0.07,0.07,-0.01,0.01,0.0,-0.06,0.01,0.03,0.15,0.03,5.0,-2.17,780,10.304,0.028,8.975,0.016,,1.128,0.025,T,1.09,0.03,L,,9.0098,0.0017,0.014,94.0,,8.98,9.03,,C,,,00096+2641,I,1.0,1.0,,,,,,,,,,,,,,B+25    9,,,1.16,K0,S,343.64261168384877,1.1594649449295371,4455.034400111444
H,781,,00 09 36.53,+51 34 00.9,10.15,3.0,H,2.40219061,51.56692488,*,1.4,4.81,-6.45,1.69,1.75,2.33,1.85,2.02,-0.05,0.21,0.15,-0.28,0.12,0.08,0.04,-0.33,-0.01,-0.06,0.0,1.91,781,,,,,,1.5,0.51,G,3.51,0.96,Q,,9.8639,0.2283,1.023,87.0,,8.97,11.96,138.66,P,1.0,B,,,,1.0,V,,,,,,,,,,G,P,499.0,,,,3.51,M3e-M8e,G,714.2857142857143,0.8806401783911895,3793.5064935064934
H,782,,00 09 39.30,-56 11 30.4,8.37,,H,2.41376549,-56.19178561,A,3.25,64.24,-15.35,1.08,1.21,1.5,1.1,1.29,-0.23,0.26,-0.12,-0.09,0.13,0.01,0.11,0.02,-0.07,-0.12,1.0,0.79,782,9.573,0.014,8.469,0.01,A,0.952,0.013,T,0.94,0.01,L,,8.5327,0.0071,0.022,167.0,A,8.5,8.57,,C,,,00097-5612,I,1.0,2.0,C,,A,AB,11.0,10.685,0.025,2.93,0.11,S,,,537.0,,,P-56    20,0.91,G8III,1,307.69230769230774,0.9294168048943705,4861.020414578209
H,784,,00 09 41.26,+57 15 34.5,9.35,1.0,H,2.421914,57.25958655,,0.55,3.71,-1.36,0.78,0.86,1.21,0.97,1.02,-0.18,0.28,0.07,0.19,0.04,0.13,0.07,0.01,0.16,-0.18,0.0,-1.56,784,9.442,0.015,9.366,0.019,,0.075,0.023,T,0.09,0.03,L,,9.382,0.0022,0.025,150.0,,9.34,9.44,,U,,,,,,1.0,,,,,,,,,,,,,236318.0,B+56   10,,,0.2,B8,S,1818.181818181818,-1.9481865525287816,9276.681700074085
H,785,,00 09 41.33,-63 35 22.8,7.4,1.0,H,2.42218904,-63.58967752,,4.31,16.63,-45.89,0.53,0.56,0.7,0.64,0.65,-0.14,-0.03,-0.13,0.14,-0.01,-0.01,-0.01,0.02,-0.05,-0.14,1.0,1.98,785,9.455,0.016,7.604,0.007,,1.571,0.014,T,2.16,0.04,O,,7.4603,0.0022,0.021,137.0,,7.43,7.49,,U,,,00097-6335,I,1.0,1.0,,,,,,,,,,S,,,538.0,,,P-64     3,2.21,M2III,1,232.01856148491882,0.572386350803658,3689.7480645625383
H,786,H,00 09 41.61,-37 18 53.3,8.35,,G,2.42337039,-37.31481117,A,6.9,-50.81,-23.66,3.44,2.06,1.41,1.4,1.17,-0.3,0.08,0.07,-0.19,-0.04,-0.1,-0.01,-0.07,-0.03,0.06,0.0,0.61,786,8.868,0.01,8.402,0.01,*,0.437,0.009,G,0.51,0.01,H,*,8.4553,0.0017,0.019,141.0,*,8.43,8.5,,D,,,00097-3719,I,1.0,2.0,C,,A,AB,120.0,0.339,0.013,2.19,0.14,S,,,536.0,,C-38    23,P-38     8,0.51,F3/F5V,3,144.92753623188406,2.544245453686276,6689.152681342666
H,787,,00 09 43.57,-31 49 29.8,9.53,,G,2.43155816,-31.82493921,,23.86,404.05,-232.85,2.42,1.52,1.59,3.87,1.85,0.07,-0.3,-0.08,-0.77,0.08,0.42,0.09,-0.62,0.18,-0.06,0.0,1.43,787,10.831,0.052,9.619,0.029,,0.965,0.005,G,1.01,0.01,I,,9.6667,0.0024,0.024,99.0,,9.61,9.7,,C,,,,,,1.0,G,,,,,,,,,,,,520.0,,C-32    24,P-32    15,1.01,K1/K2V,3,41.911148365465216,6.418352196671615,4828.37417620967
H,788,,00 09 43.71,-03 40 42.7,9.59,,G,2.43212812,-3.67851928,,6.24,-30.02,42.56,1.31,0.86,1.42,1.43,0.91,0.25,0.06,-0.22,-0.42,0.0,0.06,0.01,-0.24,0.25,0.3,0.0,0.47,788,10.126,0.031,9.596,0.031,,0.469,0.02,G,0.54,0.02,H,,9.7019,0.0023,0.022,92.0,,9.67,9.74,,C,,,,,,1.0,,,,,,,,,,,,,518.0,B-04    4,,,0.54,F5,S,160.25641025641025,3.565922948412119,6532.910886883062
H,789,,00 09 46.32,+36 28 25.6,10.05,,H,2.44298188,36.47378127,,0.16,-22.3,-9.71,1.06,0.75,1.39,1.06,0.9,-0.06,0.25,0.0,0.44,-0.2,0.03,-0.26,0.44,-0.15,0.04,0.0,-0.03,789,10.618,0.034,10.101,0.035,,0.486,0.044,T,0.56,0.05,L,,10.155,0.0023,0.024,154.0,,10.12,10.19,,C,,,,,,1.0,,,,,,,,,,,G,,,B+35   10,,,0.64,F8,S,6250.0,-3.929400086720376,6453.072675678841
H,791,,00 09 48.45,-40 53 33.5,8.57,,H,2.45189211,-40.8926432,,13.92,135.91,-119.62,0.69,0.65,1.11,0.77,0.91,0.06,0.04,-0.21,0.35,-0.15,0.13,-0.17,-0.32,0.22,0.05,0.0,0.7,791,9.337,0.013,8.622,0.011,,0.644,0.013,T,0.71,0.01,L,,8.7028,0.0017,0.015,154.0,,8.67,8.73,,,,,,,,1.0,,,,,,,,,,S,,,547.0,,C-41    23,P-41    10,0.69,G3V,2,71.83908045977012,4.288196176372717,5800.437593085512
H,790,,00 09 48.46,+19 22 52.7,8.48,,H,2.45190918,19.38130034,,5.62,53.22,-54.95,0.92,0.56,1.04,1.05,0.62,0.14,0.04,0.09,-0.23,0.1,0.05,0.08,-0.03,0.02,0.2,2.0,0.03,790,9.176,0.015,8.576,0.014,,0.56,0.018,T,0.63,0.02,L,,8.6047,0.0016,0.015,107.0,,8.58,8.63,,C,,,,,,1.0,,,,,,,,,,S,,,517.0,B+18    5,,,0.62,G0,S,177.93594306049823,2.2286815778453057,6128.711336703474
H,792,,00 09 48.66,-06 50 28.2,8.43,,H,2.45274609,-6.84116094,,12.54,57.31,-20.57,1.02,0.68,1.23,1.32,0.69,0.25,-0.04,-0.24,-0.09,-0.19,0.43,-0.1,-0.37,0.18,0.33,0.0,0.4,792,9.556,0.019,8.513,0.013,,0.906,0.017,T,0.91,0.01,L,,8.5879,0.0022,0.016,89.0,,8.56,8.62,,,,,,,,1.0,,,,,,,,,,S,,,533.0,B-07    9,,,0.91,G5,S,79.74481658692186,3.9214876824734874,4980.386823978706
H,793,,00 09 49.97,+53 31 36.0,8.45,,H,2.45821543,53.5266575,,3.57,-17.04,-30.32,0.57,0.71,1.05,0.82,0.82,-0.55,0.23,-0.06,0.09,-0.02,-0.04,0.04,-0.1,0.08,-0.36,0.0,-0.27,793,9.661,0.013,8.553,0.009,,0.955,0.012,T,0.94,0.01,L,,8.6105,0.0013,0.019,226.0,,8.58,8.64,,,,,,,,1.0,,,,,,,,,,S,,,232118.0,B+52   11,,,0.93,G5,S,280.1120448179272,1.2133410805609657,4853.4453144401205
H,794,H,00 09 50.12,-33 47 19.3,8.84,,H,2.45885362,-33.78868219,A,17.08,-68.9,-140.78,2.36,1.62,1.86,1.49,1.17,0.1,0.21,0.06,-0.44,-0.03,-0.03,0.01,-0.24,0.1,0.01,0.0,0.45,794,9.944,0.02,8.95,0.014,*,0.833,0.003,G,0.85,0.0,H,*,8.9796,0.0017,0.019,132.0,*,8.95,9.01,,D,,,00098-3347,I,1.0,2.0,C,,A,AB,91.0,0.451,0.007,1.32,0.03,,,,546.0,,C-34    29,P-34    10,0.85,K1V,3,58.5480093676815,5.002439331764931,5183.138231701975
H,796,,00 09 51.40,+61 30 50.6,11.18,2.0,H,2.46414999,61.51404444,,1.31,-1.91,-1.87,1.31,1.53,1.92,1.9,1.87,-0.18,0.04,0.17,0.16,-0.05,-0.05,-0.05,0.0,0.17,-0.3,0.0,1.91,796,,,,,,,,,,,T,,11.291,0.0182,0.147,122.0,,11.04,11.41,3.65,P,1.0,A,,,,1.0,,,S,,,,,,,,G,,,,,,0.55,,,763.3587786259542,1.766356478278821,
H,795,H,00 09 51.62,+08 27 11.5,8.64,,G,2.46506329,8.45319673,A,14.21,56.25,-11.26,4.41,3.16,4.23,3.64,2.42,0.42,0.18,0.15,-0.05,0.19,0.13,0.15,0.12,0.14,0.45,3.0,2.87,795,9.439,0.029,8.635,0.024,*,0.716,0.024,G,0.77,0.02,H,*,8.7732,0.0032,0.022,80.0,*,8.74,8.81,,R,,,00099+0827,I,1.0,2.0,C,,A,AB,275.0,5.269,0.013,0.06,0.03,S,,,531.0,B+07    9,,,1.53,G5,S,70.37297677691765,4.40297038963735,5547.557630890965
H,797,,00 09 51.77,+11 24 58.6,8.42,,H,2.46570707,11.41627112,,4.58,41.14,-30.26,0.92,0.64,1.13,1.04,0.65,0.42,-0.11,-0.07,-0.17,0.06,0.2,0.01,-0.06,0.23,0.54,0.0,-0.86,797,8.89,0.019,8.422,0.018,,0.41,0.015,G,0.48,0.02,H,,8.5102,0.0014,0.013,96.0,,8.49,8.54,,C,,,00099+1125,I,1.0,1.0,,,,,,,,,,S,,,530.0,B+10    7,,,0.48,F5,S,218.3406113537118,1.7243273900193454,6827.435710804812
H,798,,00 09 52.10,-62 17 48.6,6.34,,G,2.46706528,-62.29683686,,7.37,17.32,17.5,0.42,0.45,0.57,0.48,0.55,-0.09,0.02,-0.19,-0.12,0.01,-0.03,0.0,0.05,-0.01,-0.03,0.0,0.39,798,6.527,0.004,6.356,0.004,,0.164,0.009,G,0.17,0.02,A,,6.3956,0.0006,0.008,137.0,,6.38,6.41,,C,,,,,,1.0,,,,,,,,,,S,,,565.0,,,P-62     9,0.17,A6V,1,135.68521031207598,0.6773374392952567,8452.510597362243
H,800,,00 09 52.42,+51 25 22.9,7.93,,H,2.46840823,51.42303822,,2.27,6.42,-7.42,0.63,0.68,1.15,0.86,0.69,-0.18,-0.02,0.34,0.3,0.18,0.1,0.09,0.08,0.19,-0.19,0.0,-1.07,800,9.621,0.015,8.071,0.008,,1.301,0.013,T,1.26,0.01,L,,8.0906,0.0015,0.015,149.0,,8.07,8.12,,,,,,,,1.0,,,,,,,,,,,,,516.0,B+50   12,,,1.25,K0,S,440.52863436123346,-0.2898707140343859,4119.650388183368
H,799,,00 09 52.46,+12 42 39.0,8.36,,H,2.46856966,12.7108424,,5.18,-6.09,-5.73,0.87,0.65,1.15,0.98,0.68,0.57,0.02,0.09,0.0,-0.1,0.16,-0.1,-0.16,0.11,0.63,1.0,-2.01,799,9.737,0.018,8.479,0.011,,1.072,0.016,T,1.04,0.01,L,,8.5304,0.0016,0.013,127.0,,8.51,8.56,,C,,,,,,1.0,,,,,,,,,,S,,,529.0,B+11    7,,,1.0,K0,S,193.05019305019306,1.9316487987261644,4576.2618171049635
H,801,,00 09 52.91,-50 16 04.0,8.32,,H,2.47045485,-50.26778193,,18.8,-95.65,-16.64,0.69,0.69,1.05,0.8,0.86,-0.1,-0.02,-0.16,0.06,0.19,-0.01,0.24,0.25,-0.07,-0.21,0.0,-1.79,801,9.017,0.01,8.368,0.009,,0.595,0.01,T,0.67,0.01,L,,8.4511,0.0017,0.02,162.0,,8.42,8.48,,,,,,,,1.0,,,,,,,,,,S,,,564.0,,C-50    22,P-50    15,0.65,G2/G3V,2,53.191489361702125,4.690789246318399,5987.189979065372
H,802,,00 09 54.99,+04 49 57.0,7.77,,H,2.4791263,4.83249243,,1.52,10.73,6.51,1.15,0.65,1.13,1.11,0.68,0.4,0.03,-0.15,-0.53,-0.24,0.04,-0.23,-0.39,0.1,0.48,0.0,-0.09,802,9.357,0.025,7.911,0.014,,1.219,0.022,T,1.18,0.02,L,,7.9364,0.0018,0.013,81.0,,7.91,7.96,,,,,,,,1.0,,,,,,,,,,S,,,543.0,B+04    8,,,1.18,G5,S,657.8947368421053,-1.320782060276139,4271.781455206042
H,803,,00 09 55.02,-02 33 40.4,6.84,1.0,H,2.47924356,-2.5612296,,2.68,3.61,-14.97,0.89,0.54,1.06,1.39,0.55,0.24,-0.06,-0.31,0.05,-0.21,0.41,-0.15,-0.28,0.27,0.06,0.0,1.51,803,9.001,0.015,7.059,0.007,,1.611,0.013,T,1.63,0.01,L,,6.9503,0.0023,0.015,78.0,,6.92,6.97,,U,,,,,,1.0,,,S,,,,,,,S,,,545.0,B-03    9,,,1.58,K2,S,373.1343283582089,-1.019326029856055,3633.844245149434
H,804,,00 09 56.38,-78 35 25.9,8.78,,H,2.48490475,-78.5905409,,8.36,21.48,-24.43,0.67,0.72,0.83,0.79,0.78,0.09,-0.11,-0.21,-0.09,-0.01,0.1,0.01,0.04,-0.11,0.18,0.0,-1.45,804,10.048,0.021,8.868,0.013,,1.011,0.019,T,0.99,0.01,L,,8.9458,0.0021,0.019,133.0,,8.92,8.98,,,,,,,,1.0,,,,,,,,,,,,,581.0,,,P-79     3,0.94,K1IV/V,1,119.61722488038279,3.3910313871950812,4716.48182136663
H,805,,00 09 56.74,-44 39 59.4,7.19,,H,2.48641063,-44.66648659,,4.44,41.82,19.12,0.56,0.51,0.79,0.71,0.64,-0.12,0.01,-0.07,0.05,-0.05,0.06,-0.06,-0.04,-0.03,-0.25,1.0,0.67,805,8.427,0.009,7.295,0.005,,0.974,0.008,T,0.96,0.01,L,,7.3583,0.001,0.011,130.0,,7.34,7.38,,C,,,,,,1.0,,,,,,,,,,S,,,563.0,,C-45    17,P-45     9,0.96,K1II,2,225.2252252252252,0.42691485057309997,4806.042931219196
H,806,,00 09 57.11,+04 09 58.0,8.5,,H,2.48796018,4.16612269,,1.7,5.81,-7.55,1.06,0.68,1.1,1.0,0.67,0.38,0.0,-0.07,-0.4,-0.16,0.01,-0.16,-0.33,0.03,0.43,0.0,-1.02,806,10.027,0.025,8.649,0.014,,1.166,0.022,T,1.13,0.02,L,,8.6632,0.0017,0.014,86.0,,8.64,8.69,,C,,,,,,1.0,,,,,,,,,,,,,544.0,B+03   10,,,1.56,K5,S,588.2352941176471,-0.34775539310863124,4376.540476528758
H,807,,00 09 57.47,+08 34 37.3,8.82,,H,2.48945297,8.57704143,,5.8,-71.6,-41.37,1.14,0.79,1.28,1.18,1.02,0.44,0.05,0.0,0.21,0.26,-0.03,0.28,0.35,-0.01,0.36,0.0,1.06,807,9.499,0.021,8.83,0.018,,0.62,0.023,T,0.69,0.02,L,,8.9488,0.0015,0.014,79.0,,8.93,8.98,,C,,,00100+0835,I,1.0,1.0,G,,,,,,,,,S,,,542.0,B+07   10,,,0.64,F8,S,172.41379310344828,2.6371399678146865,5890.322012321262
H,808,,00 09 57.59,+43 26 18.3,9.04,,H,2.48996359,43.43841927,,7.14,78.46,-25.09,0.88,0.63,1.07,1.09,0.76,-0.17,0.02,0.05,0.26,-0.11,-0.05,-0.12,0.52,-0.02,-0.12,0.0,0.79,808,9.663,0.017,9.083,0.015,,0.542,0.02,T,0.62,0.02,L,,9.1566,0.0016,0.017,147.0,,9.13,9.19,,C,,,,,,1.0,,,,,,,,,,,,,528.0,B+42   10,,,0.65,G5,S,140.0560224089636,3.308491058880872,6204.338617768767
H,809,,00 09 58.09,-65 21 25.5,7.93,,H,2.49206123,-65.35709708,,4.37,31.37,-5.49,0.58,0.59,0.77,0.62,0.61,0.06,-0.04,-0.14,-0.05,-0.01,0.16,0.01,-0.1,0.09,0.19,0.0,0.67,809,9.151,0.012,8.032,0.008,,0.964,0.011,T,0.95,0.01,L,,8.0984,0.0013,0.016,141.0,,8.07,8.13,,C,,,,,,1.0,,,,,,,,,,S,,,569.0,,,P-66     6,0.95,K0III,1,228.83295194508008,1.1324071848521093,4830.868968840553
H,810,,00 09 59.07,-25 52 29.1,7.66,,H,2.49611767,-25.87473632,,6.14,49.04,11.49,0.75,0.53,0.89,0.99,0.51,0.08,0.06,-0.08,0.1,-0.11,0.09,-0.11,-0.36,0.13,-0.02,0.0,0.07,810,7.84,0.008,7.671,0.008,,0.139,0.004,G,0.15,0.0,H,,7.706,0.0015,0.01,107.0,,7.69,7.73,,C,,,,,,1.0,,,,,,,,,,S,,,562.0,,C-26    35,P-26     9,0.15,A2V,3,162.86644951140067,1.6008418557058377,8667.295947262837
H,812,,00 10 01.64,+44 06 34.8,9.03,,H,2.5068334,44.10967471,,1.27,-3.67,-5.17,0.74,0.6,1.07,0.8,0.66,-0.1,0.14,0.04,0.04,-0.02,-0.05,-0.03,0.36,0.01,-0.05,3.0,1.4,812,10.331,0.026,9.148,0.016,,1.014,0.024,T,0.99,0.02,L,,9.1968,0.0015,0.017,156.0,,9.17,9.23,,C,,,,,,1.0,,,,,,,,,,,,,541.0,B+43   10,,,0.95,K0,S,787.4015748031495,-0.4509813952202162,4709.374122196646
H,813,,00 10 02.18,+11 08 44.9,5.54,,H,2.50910252,11.14580908,,10.04,29.73,1.64,0.82,0.48,0.86,0.82,0.47,0.19,-0.09,0.08,-0.2,0.22,0.19,0.16,0.05,0.1,0.38,0.0,1.52,813,5.455,0.003,5.53,0.003,,-0.064,0.004,T,-0.04,0.0,L,,5.5212,0.0007,0.006,76.0,,5.51,5.53,,C,,,00100+1109,I,1.0,1.0,,,,,,,,,,S,,,560.0,B+10    8,,,-0.04,B9V,X,99.60159362549801,0.5486685640450029,11000.85376399668
H,814,,00 10 02.27,-82 13 26.4,5.29,,H,2.50945435,-82.22399743,,13.45,-21.66,-20.39,0.42,0.43,0.5,0.49,0.45,0.05,0.0,-0.16,0.01,0.13,0.0,0.13,-0.05,-0.12,0.17,1.0,0.88,814,6.625,0.004,5.397,0.002,,1.049,0.002,G,0.98,0.03,E,,5.453,0.0006,0.006,127.0,,5.44,5.46,,C,,,,,,1.0,,,,,,,,,,S,,,636.0,,,P-82     4,0.98,K1/K2III,1,74.34944237918216,0.9336114216921336,4628.088711647842
H,815,,00 10 02.64,-63 17 48.0,8.13,,G,2.51101423,-63.29667598,,9.63,-49.67,-38.68,0.59,0.66,0.81,0.71,0.74,-0.14,0.02,-0.19,0.05,0.03,0.11,0.05,-0.12,-0.11,-0.11,0.0,0.08,815,8.652,0.01,8.183,0.01,,0.456,0.015,G,0.53,0.02,H,,8.2202,0.0014,0.016,143.0,,8.19,8.25,,C,,,,,,1.0,,,,,,,,,,S,,,578.0,,,P-63    10,0.53,F3V,1,103.84215991692626,3.0481314356226736,6595.421995871784
H,817,H,00 10 03.18,+46 23 25.3,7.51,2.0,H,2.51326491,46.39035323,A,7.21,10.98,-16.28,1.07,1.0,1.55,1.05,0.94,-0.04,0.12,0.13,-0.11,0.14,-0.07,0.08,0.21,-0.1,0.03,4.0,2.06,817,7.762,0.008,7.498,0.01,*,0.251,0.012,T,0.28,0.01,L,*,7.5847,0.0016,0.021,161.0,*,7.56,7.67,2.64,P,1.0,A,00101+4623,I,1.0,2.0,C,,A,AB,82.0,5.053,0.005,1.35,0.02,S,,P,556.0,B+45   16,,,0.12,A3+...,S,138.69625520110955,1.7996763235971454,7788.1976919552135
H,816,,00 10 03.20,-77 28 49.5,9.08,,H,2.51334416,-77.48041239,,1.56,19.15,-4.91,0.78,0.73,0.89,0.93,0.77,0.1,-0.05,-0.23,0.13,-0.05,0.07,-0.03,0.01,0.08,0.09,0.0,0.01,816,10.411,0.031,9.206,0.018,,1.031,0.028,T,1.0,0.02,L,,9.2501,0.0021,0.022,121.0,,9.21,9.28,,,,,,,,1.0,,,,,,,,,,,,,592.0,,,P-78     3,0.95,G8III/IV,1,641.025641025641,0.04562299177230855,4669.519943671124
H,818,,00 10 03.28,-08 58 27.1,7.1,,G,2.51367088,-8.97418208,,10.24,79.91,11.92,0.83,0.51,1.21,1.37,0.55,0.28,-0.03,-0.12,-0.03,-0.08,0.62,-0.04,-0.33,0.42,0.46,0.0,0.18,818,7.479,0.008,7.142,0.006,,0.345,0.015,G,0.4,0.02,H,,7.183,0.0008,0.007,87.0,,7.17,7.2,,C,,,,,,1.0,,,,,,,,,,S,,,561.0,B-09   13,,,0.4,F0,S,97.65625,2.1514997831990597,7187.3526857834595
H,819,,00 10 04.41,-79 00 06.6,7.88,,H,2.5183958,-79.00183917,,11.15,13.82,-3.47,0.57,0.57,0.68,0.62,0.57,0.08,-0.06,-0.21,0.04,0.02,0.07,0.04,0.0,-0.09,0.13,0.0,-2.02,819,8.429,0.009,7.936,0.008,,0.476,0.015,G,0.55,0.02,H,,7.9853,0.001,0.01,134.0,,7.96,8.01,,,,,,,,1.0,,,,,,,,,,S,,,610.0,,,P-79     4,0.55,F5V,1,89.68609865470852,3.116374336920898,6499.778878315434
H,820,,00 10 04.60,+86 01 23.0,9.4,,H,2.51916096,86.02305546,,1.08,23.08,0.9,0.77,0.85,0.93,0.84,0.84,-0.06,-0.01,0.21,-0.06,0.02,0.07,-0.01,-0.21,-0.03,-0.21,2.0,3.05,820,10.058,0.024,9.481,0.023,,0.539,0.029,T,0.61,0.03,L,,9.5167,0.0019,0.021,130.0,,9.47,9.55,,D,,,,,,1.0,,,S,,,,,,,,,,,B+85    1,,,0.61,F8,S,925.9259259259259,-0.43288122256525163,6217.139198296417
H,821,,00 10 04.76,+33 32 22.0,9.06,,H,2.5198354,33.53943767,,4.59,26.69,1.24,0.96,0.64,1.12,1.22,0.76,0.08,0.06,0.06,-0.16,-0.02,0.03,-0.01,0.34,-0.08,0.03,2.0,0.96,821,9.358,0.018,9.05,0.02,,0.293,0.025,T,0.33,0.03,L,,9.1314,0.0016,0.018,103.0,,9.1,9.16,,C,,,,,,1.0,,,,,,,,,,,,,558.0,B+32    9,,,0.36,A0,S,217.8649237472767,2.3690634276863065,7506.6428483855325
H,822,,00 10 05.24,+84 09 07.1,8.38,,H,2.52181595,84.15197251,,7.73,41.59,8.14,0.66,0.57,0.7,0.78,0.66,0.07,0.03,0.03,-0.31,-0.07,-0.02,-0.02,-0.06,0.2,-0.11,0.0,-0.33,822,8.808,0.01,8.416,0.01,,0.371,0.013,T,0.43,0.01,L,,8.4634,0.0012,0.014,125.0,,8.44,8.5,,,,,,,,1.0,,,,,,,,,,,,,486.0,B+83    1,,,0.42,F5,S,129.36610608020698,2.8208974695916256,7038.53102186324
H,823,H,00 10 05.26,+38 24 53.6,10.65,,H,2.52192137,38.41489409,*,10.83,-8.2,14.07,2.76,2.26,2.1,1.79,1.34,0.25,0.06,-0.04,0.21,-0.11,-0.03,-0.16,0.24,-0.1,-0.03,0.0,-0.25,823,11.995,0.14,10.731,0.067,*,1.077,0.121,T,1.04,0.1,L,*,10.8101,0.003,0.027,141.0,*,10.77,10.86,,C,,,00101+3825,H,1.0,2.0,C,,A,AB,314.0,0.209,0.011,0.63,0.27,,G,,,,,,1.69,K8,S,92.33610341643582,5.823142283126603,4565.15630336834
H,824,,00 10 05.49,+25 11 52.4,7.77,2.0,H,2.52286733,25.19788575,,3.13,4.16,9.1,0.73,0.5,0.9,0.81,0.58,0.16,0.1,0.0,-0.11,0.07,0.0,0.07,0.05,0.06,0.23,2.0,0.81,824,9.869,0.023,7.98,0.01,,1.603,0.021,T,2.15,0.06,O,,7.8382,0.0022,0.024,102.0,,7.81,7.88,,U,2.0,,,,,1.0,,,,,,,,,,S,,,559.0,B+24    6,,,2.18,M...,S,319.4888178913738,0.24772168773224212,3644.8840455370637
H,825,,00 10 06.66,+50 48 24.6,8.5,,H,2.52776652,50.8068353,,4.15,25.21,-3.89,0.59,0.68,1.03,0.7,0.74,-0.16,0.12,0.18,0.09,0.11,0.14,0.09,0.02,0.12,-0.18,0.0,0.44,825,9.849,0.018,8.63,0.011,,1.042,0.016,T,1.01,0.01,L,,8.6714,0.0014,0.018,184.0,,8.64,8.7,,C,,,,,,1.0,,,,,,,,,,,,,232119.0,B+50   13,,,0.99,K0,S,240.96385542168673,1.5902404835604633,4644.108498501637
H,826,,00 10 06.72,+47 18 24.6,8.61,,H,2.52801043,47.3068396,,3.05,-1.78,-1.59,0.76,0.64,1.08,0.84,0.77,-0.1,0.09,0.14,-0.34,0.15,0.1,0.21,0.42,0.07,-0.2,0.0,-0.12,826,10.111,0.023,8.746,0.012,,1.156,0.02,T,1.12,0.02,L,,8.7753,0.0016,0.016,152.0,,8.75,8.81,,C,,,,,,1.0,,,,,,,,,,,,,,,,,1.11,G5,S,327.8688524590164,1.0314991967339289,4396.914042075454
H,827,,00 10 06.74,-28 20 16.1,10.05,,H,2.52808509,-28.33779222,,6.95,13.12,-0.19,1.39,0.93,1.59,1.82,0.98,-0.02,0.12,-0.11,0.14,-0.09,0.23,-0.06,-0.23,0.12,-0.04,2.0,2.26,827,10.834,0.042,10.117,0.034,,0.7,0.02,G,0.76,0.02,H,,10.1888,0.0032,0.033,113.0,,10.13,10.23,,,,,,,,1.0,,,,,,,,,,,,,,,C-29    27,P-29    10,0.76,G0,S,143.88489208633092,4.25992402295057,5601.697844213074
H,828,,00 10 07.27,+39 38 56.2,8.71,,G,2.53029756,39.64894107,,3.6,-18.42,-20.48,0.8,0.55,1.01,0.84,0.66,0.05,0.04,0.06,0.32,-0.02,-0.03,-0.05,0.46,-0.03,0.13,0.0,-0.75,828,9.406,0.015,8.82,0.014,,0.594,0.015,G,0.66,0.01,H,,8.8509,0.0015,0.014,122.0,,8.83,8.87,,,,,,,,1.0,,,,,,,,,,,,,557.0,B+38    6,,,0.66,F0,S,277.77777777777777,1.4915125038364376,5991.135976741194
H,830,,00 10 07.88,-15 10 37.3,9.37,,H,2.53282312,-15.17703288,,4.95,10.55,-35.32,1.22,0.71,1.42,1.66,0.66,0.3,0.18,0.13,-0.06,0.1,0.25,0.03,-0.22,0.09,0.17,0.0,0.82,830,9.825,0.023,9.406,0.024,,0.409,0.027,T,0.48,0.03,L,,9.4628,0.0018,0.02,113.0,,9.42,9.49,,,,,,,,1.0,,,,,,,,,,S,,,568.0,B-15   16,,,0.54,F0V,4,202.02020202020202,2.8430259946678422,6832.676693833706
H,829,,00 10 07.99,-78 18 02.4,6.97,,H,2.53330673,-78.3006603,,3.21,8.12,-23.32,0.49,0.51,0.6,0.55,0.51,0.07,-0.06,-0.3,-0.09,0.03,0.12,0.05,0.0,0.01,0.19,0.0,-0.11,829,8.77,0.01,7.124,0.005,,1.377,0.009,T,1.35,0.01,L,,7.1179,0.0011,0.01,131.0,,7.1,7.13,,,,,,,,1.0,,,,,,,,,,S,,,626.0,,,P-78     4,1.33,K3III,1,311.5264797507788,-0.4974748379756395,3988.409772371966
H,831,H,00 10 09.28,-49 08 35.9,8.56,,H,2.53868415,-49.14331204,A,8.5,82.16,-25.58,1.85,2.22,2.9,2.27,3.4,-0.14,-0.12,-0.17,-0.23,0.01,0.04,0.05,-0.09,-0.01,-0.14,2.0,0.46,831,9.356,0.013,8.803,0.012,*,0.524,0.013,T,0.6,0.01,L,*,8.6781,0.0021,0.022,173.0,*,8.65,8.71,,D,,,00102-4909,I,1.0,2.0,C,,A,AB,265.0,0.962,0.003,0.36,0.02,S,,,577.0,,C-49    20,P-49    15,0.56,F5V,2,117.6470588235294,3.2070946285714648,6282.006031517798
H,833,,00 10 10.40,-19 59 00.8,9.47,,G,2.54331677,-19.98355516,,6.1,18.92,-9.67,1.27,0.73,1.56,1.95,0.85,0.13,-0.11,-0.09,0.1,-0.07,0.33,-0.13,-0.19,0.32,-0.03,0.0,0.0,833,10.106,0.027,9.546,0.025,,0.526,0.009,G,0.6,0.01,H,,9.5876,0.0025,0.019,86.0,,9.55,9.63,,C,,,,,,1.0,,,,,,,,,,,,,575.0,B-20    9,,,0.6,F7V,4,163.9344262295082,3.3966491750538355,6273.272881143872
H,834,,00 10 10.51,+64 38 48.2,8.11,2.0,H,2.54377402,64.64672491,,4.74,-30.17,-4.08,0.63,0.65,0.83,0.84,0.76,-0.18,0.0,0.28,0.25,-0.09,-0.14,-0.04,0.13,0.12,-0.17,0.0,0.61,834,9.488,0.017,8.282,0.011,,1.032,0.016,T,1.0,0.01,L,,8.2793,0.0043,0.047,124.0,,8.25,8.5,9.06,P,1.0,A,,,,1.0,,,,,,,,,,,,,553.0,B+63    5,,,1.02,K0,S,210.97046413502107,1.488891708370426,4667.197706522497
H,835,,00 10 13.03,+25 31 36.3,8.91,,H,2.55428058,25.52675303,,3.93,0.42,0.09,1.0,0.56,1.13,1.18,0.66,0.06,0.04,0.0,-0.25,0.07,0.1,0.05,0.08,0.01,0.1,0.0,1.45,835,9.363,0.017,8.937,0.017,,0.356,0.015,G,0.42,0.02,H,,8.9972,0.0013,0.014,109.0,,8.97,9.02,,,,,,,,1.0,,,,,,,,,,,,,573.0,B+24    7,,,0.42,F0III,X,254.4529262086514,1.8819627518771345,7123.56035660557
H,836,,00 10 14.10,+60 01 33.8,7.83,,H,2.55874804,60.0260491,,1.12,2.13,-0.9,0.58,0.62,0.83,0.77,0.73,-0.09,0.04,0.23,0.29,-0.15,-0.22,-0.07,0.12,0.06,-0.02,0.0,0.18,836,9.556,0.017,7.993,0.009,,1.311,0.015,T,1.27,0.02,L,,7.9902,0.0017,0.016,136.0,,7.97,8.02,,,,,,,,1.0,,,,,,,,,,,,,554.0,B+59    4,,,1.23,G8III,X,892.8571428571428,-1.923909886649092,4101.868539521587
H,837,,00 10 16.28,+50 53 05.6,8.95,,H,2.56783172,50.88488337,,2.74,48.26,6.1,0.67,0.72,1.18,0.77,0.71,-0.1,0.17,0.2,0.04,0.11,0.17,0.08,-0.03,0.07,-0.13,0.0,0.97,837,10.375,0.025,9.076,0.014,,1.104,0.022,T,1.07,0.02,L,,9.1223,0.002,0.022,178.0,,9.09,9.17,,C,,,,,,1.0,,,,,,,,,,,,,232120.0,B+50   14,,,1.08,K0,S,364.963503649635,1.138752814101939,4506.152751227316
H,838,,00 10 16.46,+52 15 18.5,7.2,,H,2.56856497,52.25514295,,2.98,7.42,-2.57,0.47,0.52,0.81,0.54,0.59,-0.3,0.14,0.18,-0.03,0.08,0.17,0.06,-0.06,0.02,-0.4,0.0,-0.71,838,7.143,0.004,7.206,0.006,,-0.053,0.007,T,-0.03,0.01,L,,7.1928,0.0009,0.01,154.0,,7.17,7.21,,,,,,,,1.0,,,,,,,,,,S,,,567.0,B+51   12,,,-0.03,B9,S,335.5704697986577,-0.42891867961872343,10838.442605005413
H,839,,00 10 17.90,-70 50 12.8,9.37,,G,2.57458042,-70.83688393,,5.26,11.72,-4.47,0.79,0.79,0.97,0.92,0.94,0.05,0.15,0.03,-0.01,0.1,0.08,0.1,-0.02,0.02,0.17,0.0,1.37,839,9.775,0.02,9.433,0.022,,0.411,0.015,G,0.48,0.02,H,,9.4624,0.0024,0.02,113.0,,9.43,9.5,,C,,,,,,1.0,,,,,,,,,,,,,624.0,,,P-71     2,0.48,F2/F3V,1,190.11406844106466,2.9749287207686947,6822.203449258035
H,840,,00 10 18.85,-05 14 54.7,5.84,,H,2.57853868,-5.24851713,,18.18,34.98,-29.01,0.77,0.49,0.92,1.07,0.56,0.26,0.1,-0.21,-0.05,-0.13,0.29,-0.05,-0.26,0.33,0.27,0.0,-1.19,840,7.099,0.006,5.957,0.004,,0.973,0.022,G,0.93,0.03,E,,6.0072,0.001,0.007,97.0,,6.0,6.02,,,,,,,,1.0,,,,,,,,,,S,,,587.0,B-06   11,,,0.93,K1III,S,55.005500550055004,2.137969394429743,4808.5134012449425
H,841,,00 10 19.24,+46 04 20.2,5.01,,H,2.58017518,46.07227117,,3.24,4.51,0.21,0.41,0.4,0.68,0.42,0.44,0.01,0.2,0.16,-0.22,0.16,-0.15,0.23,0.33,0.12,-0.06,1.0,1.23,841,5.507,0.002,5.074,0.002,,0.405,0.014,G,0.55,0.03,C,,5.1174,0.0003,0.004,181.0,,5.11,5.13,,,,,,,,1.0,,,,,,,,,,S,,,571.0,B+45   17,,,0.55,F2II,X,308.641975308642,-2.437274948966939,6853.728300608523
H,842,,00 10 20.57,-22 46 09.1,9.81,,H,2.58572192,-22.76918457,,3.85,-8.67,5.34,1.44,0.81,1.39,1.72,0.86,0.0,0.11,0.01,-0.48,0.14,0.12,0.17,-0.22,0.1,-0.09,5.0,-0.55,842,10.321,0.029,9.872,0.03,,0.437,0.033,T,0.51,0.04,L,,9.906,0.0022,0.023,115.0,,9.85,9.95,,,,,,,,1.0,,,,,,,,,,,,,606.0,,C-23    29,P-23     5,0.49,F3V,4,259.7402597402597,2.7373036475425048,6689.152681342666
H,843,,00 10 20.82,+18 39 01.3,9.27,,H,2.58674385,18.65036403,,2.76,14.19,5.67,0.93,0.69,1.18,1.06,0.77,0.31,0.21,-0.02,0.03,-0.01,0.08,0.06,-0.2,0.17,0.45,0.0,-0.31,843,10.66,0.042,9.406,0.024,,1.12,0.015,G,1.08,0.02,I,,9.4084,0.0018,0.014,102.0,,9.39,9.44,,C,,,,,,1.0,,,,,,,,,,,,,585.0,B+17    9,,,1.08,K0,S,362.3188405797102,1.4745454103260887,4471.937939664698
H,844,,00 10 21.33,-48 08 36.9,9.5,,H,2.58889481,-48.14358093,,7.14,-4.72,-1.03,1.04,0.92,1.38,1.11,1.15,-0.06,-0.14,0.03,-0.07,0.0,0.21,-0.03,-0.17,-0.07,-0.22,0.0,0.5,844,9.99,0.023,9.557,0.024,,0.423,0.027,T,0.49,0.03,L,,9.6005,0.0027,0.027,118.0,,9.53,9.63,,,,,,,,1.0,,,,,,,,,,S,,,621.0,,C-48    15,P-48     6,0.43,F3/F5V,2,140.0560224089636,3.7684910588808727,6760.088351010322
H,845,,00 10 22.77,-43 31 22.5,9.32,,G,2.59487992,-43.52292038,,4.82,44.95,-1.11,0.75,0.76,1.18,0.89,1.17,0.03,-0.14,0.04,0.11,-0.03,0.12,-0.02,-0.22,-0.09,0.05,0.0,1.61,845,9.881,0.02,9.407,0.02,,0.511,0.005,G,0.58,0.01,H,,9.4395,0.002,0.022,118.0,,9.4,9.48,,C,,,,,,1.0,,,,,,,,,,,,,620.0,,C-44    24,P-44    11,0.58,F5V,2,207.46887966804977,2.7352351911942483,6339.41737988136
H,846,,00 10 22.97,-13 59 02.9,8.92,,G,2.59569702,-13.98412856,,13.53,180.98,71.53,1.05,0.67,1.28,1.45,0.64,0.36,-0.09,-0.11,-0.22,-0.04,0.26,-0.08,-0.32,0.17,0.2,0.0,-0.11,846,9.657,0.018,9.027,0.016,,0.578,0.003,G,0.65,0.0,H,,9.0559,0.0019,0.019,116.0,,9.03,9.09,,C,,,,,,1.0,,,,,,,,,,S,,,603.0,B-14   11,,,0.65,G2V,4,73.90983000739098,4.576488982988115,6055.04114452875
H,847,,00 10 23.03,-11 47 09.0,8.38,,H,2.59596953,-11.78583365,,10.15,24.05,-8.04,0.89,0.56,1.04,1.34,0.57,0.34,-0.08,-0.05,-0.15,0.09,0.09,0.02,-0.19,0.07,0.17,0.0,-1.09,847,8.982,0.013,8.449,0.012,,0.508,0.013,T,0.58,0.01,L,,8.4939,0.0015,0.014,138.0,,8.47,8.52,,,,,,,,1.0,,,,,,,,,,S,,,602.0,B-12   10,,,0.55,F7V,4,98.52216748768473,3.412330211246159,6352.827420303602
H,848,,00 10 24.20,+58 29 22.2,7.74,,H,2.60083995,58.48950539,,10.35,-98.55,-10.44,0.53,0.54,0.82,0.62,0.6,-0.11,0.28,0.16,-0.05,-0.06,-0.16,0.01,-0.1,0.15,-0.16,0.0,-0.52,848,8.254,0.009,7.804,0.009,,0.473,0.015,G,0.54,0.02,H,,7.8485,0.001,0.011,136.0,,7.83,7.87,,C,,,,,,1.0,,,,,,,,,,S,,,583.0,B+57   16,,,0.54,A,S,96.61835748792271,2.8147017489646835,6513.933703222605
H,849,,00 10 24.93,-06 02 22.9,8.6,,H,2.60385459,-6.03970203,,3.27,18.39,-7.54,1.16,0.65,1.2,1.52,0.71,0.15,0.08,-0.2,-0.03,-0.1,0.2,-0.03,-0.31,0.18,0.25,0.0,-1.73,849,9.929,0.027,8.71,0.017,,1.042,0.025,T,1.01,0.02,L,,8.7618,0.0024,0.016,84.0,,8.74,8.79,,C,,,,,,1.0,,,,,,,,,,,,,600.0,B-06   12,,,1.06,K0,S,305.8103975535168,1.1727387633014308,4644.108498501637
H,850,,00 10 25.67,-30 28 44.6,9.49,,H,2.60694761,-30.47906079,,4.92,4.11,-9.27,3.2,2.27,3.74,3.78,2.34,0.11,0.03,-0.09,-0.19,0.01,0.14,0.01,-0.31,-0.03,0.05,0.0,,850,11.08,0.054,9.618,0.025,,1.232,0.047,T,1.19,0.05,L,,9.6493,0.0028,0.021,98.0,,9.61,9.7,,,,,,,,1.0,X,,,,,,,,,,,,619.0,,C-31    35,P-31    15,1.17,K2III:,3,203.2520325203252,2.949825513836802,4246.882838081114
H,851,,00 10 26.28,-14 27 08.0,8.35,,G,2.60951431,-14.45220836,,6.17,70.12,-51.75,0.9,0.59,1.02,1.17,0.56,0.27,0.04,0.01,-0.01,0.16,0.08,0.1,-0.09,-0.04,0.11,0.0,0.17,851,8.959,0.012,8.417,0.011,,0.528,0.015,G,0.6,0.02,H,,8.4646,0.0019,0.016,114.0,,8.44,8.49,,,,,,,,1.0,,,,,,,,,,S,,,604.0,B-15   18,,,0.6,F7V,4,162.07455429497568,2.301425820166209,6264.565874307395
H,852,,00 10 26.76,+28 39 10.5,7.11,2.0,H,2.61150772,28.65292193,,3.65,-5.04,-16.73,0.75,0.48,0.87,0.81,0.54,0.08,0.39,0.05,0.32,-0.03,0.04,-0.01,0.13,0.08,0.0,2.0,-1.16,852,9.145,0.016,7.347,0.008,,1.528,0.015,T,2.64,0.03,O,,7.0964,0.0048,0.054,98.0,,7.02,7.19,,U,2.0,,,,,1.0,,,S,,,,,,,S,,P,598.0,B+27    7,,,2.94,M4III:,S,273.972602739726,-0.07853567771762648,3751.871658328453
H,853,H,00 10 27.44,-73 38 58.0,9.87,,G,2.61434147,-73.64945333,A,4.11,16.06,10.97,2.85,2.57,2.38,2.97,2.47,-0.28,0.02,-0.12,0.08,-0.03,0.09,-0.02,0.02,0.09,-0.18,1.0,-0.52,853,10.488,0.031,9.954,0.03,*,0.503,0.015,G,0.58,0.02,H,*,9.9846,0.0026,0.027,123.0,*,9.93,10.04,,D,,,00105-7339,I,1.0,2.0,C,,A,AB,135.0,0.499,0.006,0.69,0.03,,,,635.0,,,P-74    10,0.58,F2V,1,243.30900243309,2.9392091093803456,6375.314140191938
H,854,,00 10 28.43,+13 35 41.9,8.98,,H,2.61845161,13.59498069,,7.48,-12.09,-8.63,1.02,0.69,1.29,1.04,0.77,0.4,0.33,0.1,0.02,0.08,0.18,0.13,0.02,0.26,0.56,0.0,-1.91,854,9.511,0.016,9.01,0.015,,0.471,0.02,T,0.54,0.02,L,,9.0833,0.0019,0.016,113.0,,9.05,9.11,,,,,,,,1.0,,,,,,,,,,S,,,,B+12    6,,,0.55,G0,S,133.68983957219248,3.3495079893223085,6523.407364544044
H,855,,00 10 29.00,+51 54 44.6,7.75,,H,2.62084078,51.9123888,,1.83,-7.91,-17.48,0.57,0.68,1.07,0.7,0.69,-0.22,0.17,0.24,0.11,0.12,0.24,0.05,0.03,0.02,-0.3,0.0,0.24,855,9.692,0.016,7.907,0.008,,1.487,0.014,T,1.51,0.02,L,,7.8742,0.0013,0.017,143.0,,7.85,7.9,,,,,,,,1.0,,,,,,,,,,,,,596.0,B+51   13,,,1.45,K0,S,546.4480874316939,-0.9377445513478531,3813.165305284706
H,856,,00 10 29.61,+15 13 54.9,8.24,,G,2.62339153,15.23192856,,12.91,-68.53,-65.05,0.86,0.55,1.06,1.05,0.61,0.34,-0.16,-0.09,-0.22,-0.08,0.25,-0.11,-0.11,0.29,0.38,0.0,0.15,856,8.813,0.011,8.286,0.01,,0.491,0.015,G,0.56,0.02,H,,8.3504,0.001,0.013,109.0,,8.33,8.37,,C,,,,,,1.0,,,,,,,,,,S,,,615.0,B+14    8,,,0.56,F6V,X,77.45933384972889,3.794631211332102,6429.990488239978
H,857,,00 10 29.66,+57 09 55.8,6.74,1.0,G,2.62358027,57.16549747,,6.52,20.1,-1.19,0.43,0.49,0.73,0.53,0.56,-0.28,0.17,0.08,0.16,-0.04,0.12,-0.03,0.09,0.16,-0.28,0.0,2.27,857,6.621,0.003,6.713,0.005,,-0.074,0.006,G,-0.05,0.01,H,,6.7149,0.0013,0.014,157.0,,6.69,6.73,,U,,,,,,1.0,,,,,,,,,,S,,,584.0,B+56   11,,,-0.05,B7IV,X,153.37423312883436,0.8112379786596016,11153.306863626529
H,858,,00 10 32.42,+33 07 51.2,6.83,,G,2.63506952,33.1308857,,4.74,-25.63,-0.52,0.63,0.43,0.76,0.75,0.51,0.09,0.23,0.08,0.03,-0.05,-0.16,-0.03,0.34,0.07,0.07,0.0,-1.48,858,8.664,0.012,6.969,0.006,,1.429,0.01,G,1.42,0.02,H,,6.9629,0.0007,0.007,115.0,,6.95,6.98,,C,,,,,,1.0,,,,,,,,,,S,,,613.0,B+32   11,,,1.42,K4III,X,210.97046413502107,0.2088917083704267,3903.520944366081
H,859,,00 10 34.24,+52 19 00.3,7.7,,H,2.64265068,52.31675606,,7.1,-0.36,-19.2,0.53,0.59,0.92,0.61,0.65,-0.31,0.23,0.16,0.08,0.06,0.19,0.02,-0.05,0.0,-0.42,1.0,-0.09,859,7.861,0.006,7.711,0.008,,0.144,0.009,T,0.16,0.01,L,,7.7548,0.0012,0.015,158.0,,7.73,7.78,,,,,,,,1.0,,,,,,,,,,S,,,595.0,B+51   14,,,0.09,A0,S,140.84507042253523,1.9562917435953766,8623.378606264407
H,860,,00 10 34.65,+59 40 24.3,6.7,,H,2.64438297,59.67341444,,1.66,7.17,-3.15,0.41,0.46,0.61,0.52,0.53,-0.18,0.02,0.16,0.29,-0.12,-0.2,-0.07,0.08,0.14,-0.16,0.0,-0.34,860,6.681,0.004,6.702,0.004,,-0.017,0.005,T,0.01,0.01,L,,6.7079,0.0007,0.009,148.0,,6.69,6.73,,,,,,,,1.0,,,,,,,,,,S,,,593.0,B+58   11,,,0.0,B1V,X,602.4096385542169,-2.199459559799725,10342.36509213163
H,861,,00 10 36.67,-41 07 06.9,8.67,,H,2.65280052,-41.11858278,,3.45,-16.12,-24.33,0.69,0.8,1.27,0.77,1.0,0.05,0.0,-0.35,0.26,-0.15,0.12,-0.12,-0.21,0.16,0.1,0.0,-0.55,861,9.987,0.018,8.774,0.011,,1.037,0.016,T,1.01,0.01,L,,8.8379,0.0016,0.021,150.0,,8.8,8.88,,C,,,,,,1.0,,,,,,,,,,,,,647.0,,C-41    26,P-41    11,1.02,K0III,2,289.8550724637681,1.359095475366371,4655.6229367768665
H,862,H,00 10 37.54,-49 16 53.0,9.94,,H,2.65641131,-49.28139379,A,13.51,15.68,-42.51,1.65,1.84,2.44,1.89,2.34,-0.19,0.03,-0.08,-0.22,0.02,0.07,0.03,-0.18,-0.04,-0.14,2.0,-0.1,862,10.851,0.035,9.989,0.026,A,,,,,,T,*,10.0818,0.0025,0.033,160.0,*,10.02,10.15,,,,,00106-4917,I,1.0,2.0,C,,B,AB,338.0,1.77,0.042,2.88,0.15,,,,648.0,,C-49    21,P-49    16,0.9,G8V,2,74.01924500370097,5.593276745110152,
H,863,,00 10 37.82,-63 38 03.5,8.73,,H,2.65757354,-63.63430723,,5.51,62.11,-9.78,0.59,0.69,0.84,0.78,0.9,-0.04,-0.11,-0.19,0.04,0.0,0.09,0.03,0.04,-0.13,-0.12,0.0,1.24,863,9.398,0.016,8.794,0.014,,0.563,0.019,T,0.64,0.02,L,,8.8563,0.0014,0.017,135.0,,8.82,8.89,,C,,,,,,1.0,,,,,,,,,,S,,,660.0,,,P-64     5,0.64,F7IV,1,181.48820326678765,2.4357579942589247,6116.299236564012
H,864,,00 10 38.10,+16 50 38.7,9.63,2.0,H,2.65873023,16.84407826,,0.66,49.08,-22.78,1.15,0.77,1.37,1.57,1.38,0.38,-0.02,-0.03,-0.2,-0.14,0.03,-0.22,-0.11,0.15,0.54,0.0,0.99,864,11.659,0.09,9.941,0.031,,1.462,0.078,T,1.72,0.17,K,,9.7355,0.011,0.103,113.0,,9.58,9.83,37.82,P,1.0,A,,,,1.0,G,,,,,,,,,,,,,B+16    5,,,1.72,M0,S,1515.1515151515152,-1.272280322290655,3851.572659250608
H,865,H,00 10 38.31,-73 13 28.0,6.66,,H,2.65962298,-73.22443438,*,15.06,121.5,18.57,0.96,0.98,0.7,0.76,0.64,0.18,-0.14,-0.08,-0.11,-0.05,0.12,-0.04,0.0,-0.05,0.16,2.0,0.28,865,7.088,0.005,6.695,0.005,*,0.372,0.006,T,0.43,0.01,L,*,6.7436,0.0013,0.011,132.0,*,6.73,6.77,,D,,,00106-7313,I,1.0,2.0,C,,A,AS,222.0,0.298,0.006,1.58,0.05,S,,,661.0,,,P-73     4,0.43,F3/F5IV+...,S,66.40106241699867,2.5491248593234097,7032.940844078744
H,866,,00 10 38.75,+56 03 22.1,8.29,,H,2.66144965,56.05613623,,5.16,5.33,-4.42,0.56,0.59,0.87,0.74,0.7,-0.22,0.04,0.17,-0.08,0.05,0.18,0.02,0.1,0.07,-0.21,0.0,-0.39,866,8.366,0.008,8.288,0.01,,0.077,0.012,T,0.09,0.01,L,,8.3257,0.0013,0.016,162.0,,8.3,8.35,,C,,,,,,1.0,,,,,,,,,,S,,,612.0,B+55   14,,,0.06,A0,S,193.7984496124031,1.8532485081360557,9256.197872384579
H,867,,00 10 39.10,+12 49 13.0,8.47,,H,2.66293453,12.82027132,,15.57,38.98,-16.72,0.88,0.62,1.17,0.95,0.66,0.52,-0.07,0.07,-0.11,-0.12,-0.03,-0.12,-0.1,0.07,0.55,0.0,-1.22,867,9.146,0.013,8.53,0.012,,0.574,0.015,T,0.65,0.01,L,,8.5981,0.0016,0.013,114.0,,8.58,8.63,,,,,,,,1.0,,,,,,,,,,S,,,631.0,B+11   10,,,0.67,G5,S,64.22607578676943,4.431443062840602,6071.247254879856
H,868,,00 10 39.27,+02 18 02.4,8.16,,H,2.66362432,2.30067277,,2.91,0.04,3.36,0.9,0.59,0.97,0.94,0.67,0.25,-0.04,-0.14,-0.14,0.17,0.0,0.14,0.05,0.0,0.46,2.0,1.51,868,9.666,0.022,8.289,0.013,,1.165,0.02,T,1.13,0.02,L,,8.3296,0.0013,0.01,73.0,,8.31,8.35,,C,,,,,,1.0,,,,,,,,,,S,,,632.0,B+01   10,,,1.17,K2,S,343.64261168384877,0.4794649449295374,4378.568915084787
H,869,,00 10 40.65,+13 13 22.8,8.97,,H,2.66937648,13.22299119,,8.77,95.83,3.92,1.09,0.72,1.49,1.35,0.8,0.5,0.14,0.11,-0.02,0.01,0.34,0.0,-0.03,0.22,0.6,2.0,-1.29,869,9.533,0.016,9.003,0.016,,0.497,0.02,T,0.57,0.02,L,,9.0767,0.0019,0.019,108.0,,9.05,9.1,,C,,,,,,1.0,,,,,,,,,,S,,,,B+12    8,,,0.52,F5,S,114.02508551881414,3.6849979668302026,6402.526225409089
H,870,,00 10 40.73,+02 03 19.8,7.51,,G,2.6697124,2.05549803,,18.2,-12.6,18.0,0.8,0.57,0.91,0.88,0.67,0.35,0.04,-0.14,0.04,0.23,-0.08,0.2,0.16,0.04,0.56,0.0,1.8,870,8.068,0.011,7.553,0.01,,0.503,0.015,G,0.58,0.02,H,,7.6161,0.0013,0.01,75.0,,7.6,7.63,,C,,,,,,1.0,,,,,,,,,,S,,,633.0,B+01   12,,,0.58,F8,S,54.94505494505494,3.8103569399253736,6375.314140191938
H,871,,00 10 42.07,+54 53 29.4,8.97,3.0,H,2.67528589,54.89149475,A,1.74,-1.9,-0.81,1.49,1.68,2.12,1.87,1.82,-0.34,0.04,0.01,0.04,0.15,-0.01,0.14,-0.12,-0.11,-0.33,10.0,0.8,871,9.848,0.017,9.112,0.015,A,0.674,0.018,T,0.73,0.01,L,,9.1126,0.0393,0.103,169.0,A,9.01,9.72,,P,1.0,A,00107+5453,I,1.0,2.0,C,,D,AB,249.0,19.214,0.04,2.2,0.29,,,D,232121.0,B+54    7,,,0.74,B7IIIe+K3III,G,574.7126436781609,0.17274624141299988,5692.1283528279655
H,872,,00 10 42.46,-54 24 01.4,8.55,,H,2.67691363,-54.40037514,,4.38,5.33,17.04,0.72,0.83,1.15,0.91,1.08,-0.25,0.06,-0.03,-0.11,0.14,0.01,0.15,-0.12,0.1,-0.26,1.0,-0.49,872,9.412,0.012,8.633,0.01,,0.692,0.012,T,0.75,0.01,L,,8.6847,0.0025,0.024,165.0,,8.65,8.73,,,,,,,,1.0,,,,,,,,,,S,,,659.0,,,P-55    16,0.74,G3V,1,228.31050228310505,1.7573705525204986,5629.193860258677
H,873,,00 10 42.75,-12 34 47.3,5.84,,G,2.67810574,-12.57980381,,15.35,149.39,-38.22,0.65,0.43,0.74,0.94,0.42,0.27,0.01,0.06,0.06,0.09,0.22,0.0,-0.2,0.05,0.08,0.0,1.86,873,7.139,0.005,5.975,0.003,,1.0,0.003,G,1.01,0.03,E,,6.0159,0.0007,0.006,131.0,,6.01,6.03,,,,,,,,1.0,,,,,,,,,,S,,,645.0,B-13   13,,,1.01,K0III,4,65.14657980456026,1.7705418990660267,4742.7381778526815
H,874,,00 10 45.14,+58 01 05.9,7.85,,H,2.68806989,58.01831644,,3.75,6.38,-3.61,0.52,0.53,0.81,0.63,0.63,-0.2,0.28,0.13,0.06,0.02,-0.03,0.07,-0.07,0.15,-0.2,1.0,-0.36,874,7.953,0.007,7.851,0.009,,0.099,0.011,T,0.11,0.01,L,,7.8907,0.0012,0.012,146.0,,7.87,7.91,,,,,,,,1.0,,,,,,,,,,S,,,628.0,B+57   21,,,0.06,B9,S,266.6666666666667,0.7201563386385939,9037.315843965765
H,875,,00 10 45.78,-38 46 07.9,8.68,,G,2.69076029,-38.76885912,,7.95,146.05,-23.46,0.77,0.63,1.08,0.98,0.95,0.06,-0.12,-0.12,-0.2,-0.07,0.27,-0.05,-0.18,0.08,0.09,0.0,1.33,875,9.368,0.013,8.731,0.012,,0.588,0.001,G,0.66,0.0,H,,8.8101,0.0016,0.018,151.0,,8.77,8.85,,C,,,,,,1.0,,,,,,,,,,S,,,657.0,,C-39    27,P-39     5,0.66,G2V,3,125.78616352201257,3.1818356432823514,6014.92985129542
H,877,,00 10 46.35,+55 20 34.2,8.05,,H,2.69311023,55.34282756,,4.86,-11.27,-8.34,0.53,0.58,0.81,0.72,0.69,-0.37,0.04,0.17,-0.13,0.14,0.23,0.09,-0.05,-0.11,-0.42,0.0,-1.13,877,9.162,0.012,8.157,0.008,,0.878,0.011,T,0.89,0.01,L,,8.2088,0.0011,0.014,172.0,,8.18,8.24,,,,,,,,1.0,,,,,,,,,,,,,629.0,B+54    8,,,0.91,G5,S,205.76131687242795,1.4831813463114676,5056.136312643496
H,876,H,00 10 46.36,+58 46 10.3,8.27,,H,2.69315961,58.7695199,*,1.62,7.58,-1.36,0.6,0.63,0.92,0.75,0.75,-0.14,0.17,0.1,-0.01,0.01,-0.06,0.06,-0.09,0.21,-0.07,0.0,-1.4,876,8.405,0.01,8.26,0.012,*,0.146,0.009,G,0.16,0.01,H,*,8.3216,0.0013,0.015,144.0,*,8.3,8.34,,C,,,00108+5846,I,1.0,2.0,C,S,A,AB,274.0,0.142,0.011,0.73,0.38,,,,627.0,B+57   22,,,0.16,B7V,X,617.283950617284,-0.6824249272868457,8605.94894555253
H,878,,00 10 46.46,-21 56 00.9,7.68,,H,2.69357223,-21.93357013,,3.48,-20.43,-10.3,1.0,0.54,1.04,1.67,0.59,0.07,0.02,-0.01,-0.24,0.19,-0.02,0.15,-0.13,0.07,-0.17,0.0,0.36,878,8.984,0.015,7.783,0.01,,1.028,0.014,T,1.0,0.01,L,,7.8522,0.0013,0.01,109.0,,7.83,7.88,,,,,,,,1.0,,,,,,,,,,S,,,655.0,B-22   17,C-22    25,P-22    12,1.01,K0III,4,287.35632183908046,0.38789621973290433,4676.501293130169
H,879,,00 10 46.72,-73 30 26.7,9.4,,H,2.69464885,-73.50742387,,9.43,49.87,-28.58,0.81,0.87,1.0,0.99,0.97,0.04,-0.14,-0.05,-0.06,0.06,0.07,0.05,0.05,-0.02,0.1,0.0,1.37,879,10.047,0.022,9.458,0.021,,0.551,0.015,G,0.62,0.01,H,,9.5227,0.0017,0.02,126.0,,9.49,9.55,,,,,,,,1.0,,,,,,,,,,,,,677.0,,,P-74    11,0.62,F5IV,1,106.04453870625663,4.272558463686642,6166.275261730199
H,880,,00 10 46.82,+37 28 25.9,7.77,,H,2.69509815,37.47386216,,8.8,49.88,16.51,0.64,0.47,0.8,0.68,0.53,0.17,-0.03,0.06,0.33,0.03,-0.18,0.0,0.48,-0.03,0.27,0.0,0.83,880,8.249,0.008,7.82,0.007,,0.405,0.01,T,0.47,0.01,L,,7.8642,0.0012,0.009,148.0,,7.85,7.89,,,,,,,,1.0,,,,,,,,,,S,,,639.0,B+36    8,,,0.48,F2,S,113.63636363636363,2.4924133607508434,6853.728300608523
H,881,,00 10 46.84,-34 51 38.6,6.89,,H,2.69516827,-34.86071198,,4.7,85.2,-1.28,0.63,0.52,0.82,0.72,0.54,0.23,-0.06,0.1,-0.43,-0.01,0.05,0.03,-0.24,-0.11,0.01,1.0,1.19,881,8.103,0.008,7.001,0.005,,0.951,0.007,T,0.94,0.01,L,,7.0479,0.0009,0.01,142.0,,7.03,7.07,,,,,00108-3452,I,1.0,1.0,,,,,,,,,,S,,,656.0,,C-35    36,P-35    12,0.93,K0III,3,212.7659574468085,0.25048928967858775,4863.551005898183
H,882,,00 10 47.19,+32 14 33.3,7.55,2.0,H,2.69663452,32.24257302,,2.46,10.51,0.99,0.73,0.47,0.87,0.77,0.52,0.11,0.27,0.12,0.14,-0.05,-0.02,-0.02,0.23,0.1,0.07,0.0,-0.84,882,9.378,0.016,7.791,0.008,,1.354,0.015,T,3.6,0.07,O,,7.2108,0.027,0.141,121.0,,7.04,7.55,,U,2.0,C,,,,1.0,,,S,,,,,,,,,,640.0,B+31    8,,,4.99,M...,S,406.5040650406504,-0.4953244644831054,4027.197818668152
H,883,H,00 10 47.41,-57 29 10.6,8.27,2.0,H,2.6975504,-57.48628559,A,7.77,-57.96,-45.65,1.67,1.94,2.24,1.84,2.19,-0.06,0.06,-0.13,0.14,0.0,0.07,0.01,0.07,-0.07,0.04,6.0,5.01,883,8.866,0.017,8.314,0.016,*,0.517,0.021,T,0.59,0.02,L,*,8.3842,0.0085,0.085,149.0,*,8.33,8.66,0.81,P,1.0,A,00108-5729,I,1.0,2.0,C,,A,AB,183.0,3.209,0.005,0.74,0.02,S,,,675.0,,,P-58     7,0.67,F6IV/V,1,128.70012870012872,2.7221050940045712,6312.77973184805
H,884,,00 10 48.13,+51 10 40.3,8.16,1.0,H,2.70055534,51.17784908,,2.91,6.16,4.79,0.61,0.7,1.17,0.84,0.76,-0.22,0.11,0.19,0.35,0.05,0.2,-0.03,0.1,0.02,-0.32,0.0,0.61,884,10.411,0.029,8.387,0.011,,1.677,0.025,T,1.7,0.03,L,,8.2695,0.0024,0.021,150.0,,8.24,8.3,,U,,,,,,1.0,,,,,,,,,,,,,232122.0,B+50   16,,,1.65,K5,S,343.64261168384877,0.4794649449295374,3545.3429391528266
H,885,,00 10 48.33,+49 00 38.7,8.07,,H,2.70138861,49.01075823,,2.95,9.48,-3.94,0.57,0.51,0.8,0.63,0.57,-0.12,0.19,0.15,-0.08,0.1,-0.01,0.11,0.19,0.1,-0.09,0.0,-1.37,885,8.05,0.007,8.072,0.009,,-0.015,0.01,T,0.01,0.01,L,,8.0789,0.001,0.01,126.0,,8.06,8.1,,,,,,,,1.0,,,,,,,,,,S,,,630.0,B+48   25,,,-0.01,B9,S,338.9830508474576,0.4191100798908156,10316.282218913633
H,886,,00 10 48.48,+30 41 08.4,7.91,,H,2.70202017,30.68565518,,4.0,0.26,-13.85,0.84,0.48,0.9,0.99,0.61,-0.06,0.25,0.04,0.32,-0.2,0.03,-0.22,0.36,-0.1,-0.02,0.0,0.25,886,7.93,0.008,7.909,0.01,,0.024,0.012,T,0.04,0.01,L,,7.9217,0.001,0.009,109.0,,7.91,7.94,,C,,,,,,1.0,G,,,,,,,,,S,,,641.0,B+29   10,,,0.02,A0,S,250.0,0.9202999566398118,9835.404627425793
H,887,,00 10 53.48,-13 54 10.1,7.71,,H,2.72283989,-13.90281571,,2.25,6.0,4.85,0.84,0.52,0.98,1.01,0.5,0.23,-0.05,0.09,-0.13,0.18,0.26,0.13,-0.14,-0.04,0.15,0.0,0.72,887,9.337,0.015,7.848,0.008,,1.253,0.013,T,1.21,0.01,L,,7.8757,0.0015,0.013,118.0,,7.85,7.9,,,,,,,,1.0,,,,,,,,,,S,,,666.0,B-14   16,,,1.16,K1/K2III,4,444.4444444444444,-0.5290874094431883,4207.297424832514
H,888,,00 10 53.99,-31 12 54.6,10.16,,H,2.72496614,-31.21515694,,4.41,78.99,-60.88,1.43,0.93,1.82,1.8,1.0,-0.02,0.01,-0.07,-0.19,0.06,0.4,0.09,-0.3,0.09,-0.01,2.0,-1.81,888,10.977,0.053,10.223,0.043,,0.689,0.054,T,0.75,0.04,L,,10.3024,0.0029,0.024,98.0,,10.25,10.35,,,,,,,,1.0,,,,,,,,,,,,,,,C-31    38,P-31    17,0.75,G2,S,226.75736961451244,3.3821929473391936,5639.5794284711465
H,889,,00 10 55.92,+48 06 37.5,8.41,,H,2.73299802,48.1104051,,16.45,168.99,0.93,0.66,0.58,0.95,0.7,0.69,-0.07,0.1,0.06,-0.19,0.14,0.06,0.16,0.29,0.05,-0.09,1.0,0.42,889,9.079,0.011,8.461,0.01,,0.575,0.013,T,0.65,0.01,L,,8.5302,0.0014,0.02,148.0,,8.49,8.56,,C,,,,,,1.0,,,,,,,,,,,,,652.0,B+47   17,,,0.65,G5,S,60.79027355623101,4.490829511429966,6067.1869856988405
H,891,,00 10 55.99,-42 15 05.8,8.88,,H,2.73329241,-42.25160366,,1.02,15.04,0.63,0.72,0.76,1.19,0.83,1.21,0.13,-0.2,-0.13,0.28,-0.11,0.08,-0.17,-0.31,0.19,0.11,0.0,1.08,891,10.402,0.03,9.02,0.016,,1.169,0.027,T,1.13,0.02,L,,9.0489,0.0016,0.015,118.0,,9.02,9.07,,C,,,,,,1.0,,,,,,,,,,,,,673.0,,C-42    26,P-42     9,1.08,K1III,2,980.3921568627451,-1.0769991411904112,4370.466973686394
H,890,,00 10 56.03,+64 57 47.5,9.64,,G,2.73345038,64.96318376,,1.44,-2.11,-2.77,0.91,0.9,1.17,1.28,1.04,-0.14,0.12,0.23,0.15,-0.06,-0.06,-0.03,0.19,0.1,-0.12,0.0,0.54,890,10.197,0.026,9.737,0.026,,0.56,0.015,G,0.63,0.01,H,,9.7696,0.0027,0.024,130.0,,9.73,9.82,,C,,,,,,1.0,,,,,,,,,,,G,,,B+64    7,,,0.63,B5,S,694.4444444444445,0.4318124604762499,6128.711336703474
H,892,,00 10 56.91,-02 04 28.2,7.93,,H,2.73712261,-2.07451183,,3.61,42.62,-20.87,1.0,0.59,1.11,1.25,0.67,0.19,0.06,-0.27,0.27,-0.12,0.06,-0.13,-0.11,0.3,-0.01,0.0,-0.56,892,9.339,0.017,8.05,0.011,,1.096,0.016,T,1.06,0.02,L,,8.0934,0.0012,0.01,83.0,,8.08,8.11,,C,,,,,,1.0,,,,,,,,,,S,,,665.0,B-02   10,,,1.04,K2,S,277.0083102493075,0.7175360095282892,4523.4674436399055
H,893,,00 10 57.96,-18 34 22.2,7.78,3.0,H,2.7414981,-18.57284278,,4.53,-19.03,-37.52,0.92,0.53,1.05,1.18,0.56,0.11,0.09,-0.05,-0.34,0.07,0.28,0.1,-0.23,0.28,0.08,2.0,-1.54,893,9.56,0.016,8.036,0.009,,1.302,0.015,T,3.1,0.04,O,,7.671,0.0108,0.155,116.0,,7.54,8.2,,U,2.0,,,,,1.0,,,S,,,,,,,S,,,672.0,B-19    7,,,2.4,M3III,4,220.7505518763797,1.0604910100641591,4117.8649572757995
H,894,,00 10 58.14,+52 26 34.0,8.9,,H,2.7422581,52.44279023,,6.25,5.7,-21.11,0.67,0.74,1.13,0.84,0.86,-0.27,0.0,0.13,-0.14,0.15,0.12,0.13,-0.16,-0.03,-0.31,0.0,-0.74,894,9.493,0.016,8.948,0.015,,0.5,0.015,G,0.57,0.02,H,,9.0139,0.0017,0.018,156.0,,8.98,9.05,,,,,,,,1.0,,,,,,,,,,,,,232123.0,B+51   16,,,0.57,F5,S,160.0,2.879400086720376,6388.888888888889
H,895,,00 11 01.41,+29 33 01.9,8.55,,H,2.75589325,29.55052263,,12.6,-30.13,-26.71,0.93,0.57,1.18,1.32,0.64,0.14,0.29,0.21,0.17,-0.01,0.3,-0.04,0.24,0.03,0.03,0.0,0.86,895,9.057,0.015,8.61,0.015,,0.435,0.017,T,0.5,0.02,L,,8.646,0.0014,0.015,109.0,,8.62,8.67,,C,,,,,,1.0,,,,,,,,,,,,,664.0,B+28   11,,,0.46,F5V,X,79.36507936507937,4.051852725587816,6699.1874132057255
H,896,,00 11 03.66,+13 45 01.8,9.15,,H,2.76524987,13.75051092,,9.37,4.9,-51.74,1.0,0.7,1.25,1.01,0.76,0.46,0.18,0.04,-0.07,0.02,0.09,0.05,0.0,0.2,0.55,0.0,-0.73,896,9.698,0.017,9.19,0.016,,0.477,0.021,T,0.55,0.02,L,,9.2521,0.0021,0.017,116.0,,9.22,9.28,,C,,,,,,1.0,,,,,,,,,,S,,,,B+12   10,,,0.56,F8,S,106.72358591248667,4.008697954438891,6495.075374721187
H,897,,00 11 04.46,-05 47 02.4,10.86,,G,2.76858844,-5.78399441,,39.19,255.86,10.17,2.17,1.14,2.29,2.73,1.4,0.27,0.04,-0.01,-0.09,-0.15,0.02,-0.14,-0.18,0.23,0.19,0.0,0.06,897,,,,,,1.418,0.018,G,1.72,0.05,I,,10.9142,0.005,0.03,90.0,,10.85,10.98,,,,,,,,1.0,,,,,,,,,,,G,,,B-06   15,,,1.72,M2,S,25.51671344730799,8.825876317390513,3921.1629150477656
H,898,,00 11 04.49,+05 12 31.3,11.55,,G,2.76870081,5.20868148,,24.32,240.97,61.14,3.33,1.8,3.25,4.55,2.87,0.34,-0.24,-0.08,-0.54,-0.18,0.28,-0.09,-0.33,-0.06,0.14,0.0,-0.14,898,,,,,,1.395,0.019,G,1.66,0.05,I,,11.6507,0.006,0.044,81.0,,11.58,11.71,,,,,,,,1.0,G,,,,,,,,,,G,,,,,,1.66,M2V:,S,41.11842105263158,8.479817853003487,3958.592946749042
H,899,,00 11 04.49,-10 52 40.3,9.08,,G,2.768724,-10.87786557,,0.9,12.57,-0.59,1.07,0.72,1.37,1.49,0.8,0.3,-0.04,-0.02,0.01,-0.04,0.43,-0.07,-0.2,0.11,0.22,0.0,1.95,899,10.517,0.035,9.172,0.018,,1.076,0.015,G,1.04,0.01,I,,9.2543,0.0021,0.019,104.0,,9.22,9.29,,,,,,,,1.0,,,S,,,,,,,,,,,B-11   19,,,1.04,G5,S,1111.111111111111,-1.1487874528033757,4567.37286638686
H,900,,00 11 05.64,+04 07 59.2,7.44,,H,2.77350337,4.1331073,,3.61,8.43,-6.03,0.87,0.55,0.94,0.89,0.64,0.31,-0.03,-0.1,-0.24,0.05,0.0,0.03,-0.01,0.01,0.46,0.0,-0.4,900,8.715,0.013,7.552,0.009,,0.998,0.012,T,0.98,0.01,L,,7.6034,0.001,0.009,88.0,,7.59,7.62,,C,,,,,,1.0,,,,,,,,,,S,,,680.0,B+03   15,,,0.98,G5,S,277.0083102493075,0.2275360095282899,4747.545240656517
H,902,,00 11 07.90,+57 35 16.5,6.68,,H,2.78289623,57.58791462,,4.43,-37.27,11.0,0.45,0.46,0.73,0.53,0.55,-0.18,0.26,0.05,0.12,0.03,-0.01,0.09,0.04,0.23,-0.15,0.0,-1.74,902,8.257,0.009,6.821,0.005,,1.212,0.008,T,1.17,0.01,L,,6.8469,0.001,0.009,156.0,,6.83,6.86,,C,,,,,,1.0,,,,,,,,,,S,,,663.0,B+56   14,,,1.16,K1III,X,225.73363431151245,-0.08798136888465269,4285.315506313204
H,903,,00 11 08.80,-87 24 51.3,8.85,,H,2.78668359,-87.41423771,,4.41,26.67,4.96,0.68,0.66,0.77,0.78,0.72,-0.01,-0.15,-0.08,-0.1,0.1,0.11,0.12,-0.11,-0.1,0.1,3.0,0.85,903,9.571,0.016,8.936,0.014,,0.585,0.016,T,0.66,0.01,L,,8.9812,0.0018,0.017,133.0,,8.95,9.01,,,,,,,,1.0,,,,,,,,,,,,,911.0,,,P-88     1,0.63,F8/G0V,1,226.75736961451244,2.072192947339193,6026.903140414548
H,904,,00 11 09.05,-07 22 34.3,8.9,,H,2.78769565,-7.37619874,,8.36,-30.28,-30.2,1.01,0.67,1.21,1.26,0.72,0.23,-0.09,-0.1,-0.18,-0.08,0.4,-0.07,-0.28,0.24,0.31,0.0,-0.53,904,9.448,0.023,8.945,0.022,,0.473,0.029,T,0.54,0.03,L,,9.0011,0.0015,0.015,91.0,,8.98,9.02,,,,,,,,1.0,,,,,,,,,,S,,,681.0,B-08   13,,,0.45,F8,S,119.61722488038279,3.5110313871950822,6513.933703222605
H,905,,00 11 09.34,+49 32 48.0,8.24,,H,2.78892638,49.5466666,,7.22,-4.96,-5.0,0.62,0.55,0.89,0.65,0.59,-0.15,0.23,0.12,-0.15,0.03,-0.04,0.03,0.1,0.06,-0.11,0.0,-0.24,905,8.428,0.009,8.236,0.01,,0.184,0.013,T,0.2,0.01,L,,8.3008,0.0017,0.012,116.0,,8.28,8.32,,C,,,00111+4933,I,1.0,1.0,,,,,,,,,,S,,,669.0,B+48   30,,,0.17,A2,S,138.50415512465375,2.532685987848195,8288.937030539451
H,906,,00 11 09.63,-03 19 16.9,6.74,,H,2.79012709,-3.32135959,,3.88,27.57,-12.04,0.8,0.5,0.89,0.96,0.57,0.25,-0.15,-0.23,-0.28,-0.06,0.26,-0.04,-0.19,0.25,0.25,0.0,-1.74,906,8.046,0.011,6.849,0.007,,1.025,0.01,T,1.0,0.01,L,,6.9117,0.0011,0.008,96.0,,6.9,6.93,,,,,,,,1.0,,,,,,,,,,S,,,688.0,B-04    7,,,0.98,G5,S,257.7319587628866,-0.315841372028963,4683.504683722548
H,907,,00 11 14.32,+06 10 49.9,10.75,,H,2.80966423,6.18052792,,4.01,-26.06,-32.49,2.07,1.14,2.07,2.13,1.23,0.41,-0.1,-0.12,-0.46,-0.23,-0.02,-0.24,-0.35,0.12,0.43,0.0,-0.65,907,12.008,0.163,11.007,0.107,,0.863,0.152,T,0.91,0.15,L,,10.8917,0.0034,0.028,81.0,,10.84,10.94,,C,,,,,,1.0,,,,,,,,,,,G,,,B+05    8,,,1.12,K0,S,249.37655860349128,3.7657218631009117,5097.730697693218
H,908,,00 11 14.75,+10 38 09.7,8.44,,H,2.8114672,10.63603546,,2.61,13.53,2.99,1.08,0.66,1.17,1.09,0.68,0.26,-0.06,0.0,-0.21,0.2,0.11,0.14,0.05,0.13,0.48,0.0,-0.55,908,10.237,0.038,8.597,0.018,,1.33,0.015,G,1.29,0.02,H,,8.5955,0.0019,0.012,68.0,,8.57,8.61,,C,,,,,,1.0,,,,,,,,,,,,,684.0,B+09   12,,,1.29,K0,S,383.1417624521073,0.5232025366914037,4068.520901170092
H,909,,00 11 15.68,+07 56 53.4,7.69,,H,2.81532971,7.94816079,,4.21,-10.76,-6.87,0.86,0.57,1.02,0.85,0.65,0.4,0.32,-0.01,0.08,0.13,-0.08,0.17,0.07,0.11,0.56,0.0,-0.3,909,9.188,0.017,7.814,0.01,,1.163,0.015,T,1.12,0.01,L,,7.8542,0.0016,0.012,88.0,,7.84,7.87,,C,,,,,,1.0,,,,,,,,,,S,,,685.0,B+07   13,,,1.11,K2,S,237.52969121140143,0.8114104791783419,4382.631716507382
H,910,,00 11 15.91,-15 28 02.4,4.89,,G,2.81628415,-15.46732287,,52.94,-84.2,-269.31,0.7,0.42,0.77,0.88,0.39,0.21,0.19,0.22,0.19,0.15,0.33,0.01,-0.15,0.01,-0.05,0.0,2.83,910,5.472,0.003,4.953,0.002,,0.487,0.012,G,0.59,0.02,A,,5.0025,0.0006,0.006,107.0,,4.99,5.01,,C,,,,,,1.0,,,,,,,,,,S,,,693.0,B-16   17,,,0.59,F5V,4,18.889308651303363,3.5089196848266466,6448.441918845357
H,911,H,00 11 17.45,-20 43 31.1,11.8,,G,2.82272582,-20.72529839,A,6.13,302.05,35.8,5.0,3.54,5.67,6.05,3.91,0.3,-0.05,0.1,0.01,0.09,0.26,0.1,0.06,0.07,0.22,4.0,0.08,911,,,,,,0.57,0.042,G,0.64,0.04,R,*,11.7583,0.0064,0.069,97.0,*,11.34,11.87,,D,,,00113-2044,I,1.0,2.0,C,,B,AB,169.0,8.568,0.045,1.77,0.14,,D,,,,,,0.64,F4,S,163.1321370309951,5.737302372592076,6087.546961754481
H,912,,00 11 17.49,-29 38 25.9,8.88,,H,2.82287739,-29.64051891,,4.78,31.87,0.78,1.16,0.65,1.23,1.56,0.75,-0.03,-0.11,-0.02,-0.14,0.04,-0.1,0.02,-0.25,0.14,-0.13,0.0,1.69,912,10.359,0.038,9.014,0.022,,1.14,0.034,T,1.1,0.04,L,,9.0494,0.0017,0.015,87.0,,9.02,9.07,,C,,,,,,1.0,,,,,,,,,,,,,695.0,,C-30    33,P-30    15,1.17,K2III,3,209.20502092050208,2.277139483060596,4429.9292249343425
H,913,H,00 11 17.84,-40 22 21.7,7.7,,H,2.82432014,-40.37268546,A,5.09,18.94,-2.2,0.8,0.88,1.26,0.79,1.1,0.13,-0.02,-0.09,0.23,-0.09,0.1,-0.1,-0.27,0.02,0.08,1.0,0.59,913,9.015,0.01,7.828,0.006,A,1.2,0.495,G,1.0,0.01,L,*,7.8624,0.0009,0.011,185.0,*,7.85,7.88,,D,,,00113-4022,I,1.0,2.0,C,,B,AB,56.0,1.263,0.038,3.71,0.13,S,,,706.0,,C-41    28,P-41    13,1.0,K0III/IV,2,196.46365422396858,1.2335889116837935,4308.727009145039
H,914,,00 11 18.10,-32 48 01.5,8.6,,H,2.82543312,-32.80041484,,15.08,-117.08,-9.72,0.88,0.71,1.1,1.05,0.71,0.03,-0.18,0.25,-0.35,0.12,0.25,0.06,-0.21,0.0,-0.03,0.0,0.64,914,9.47,0.02,8.681,0.016,,0.7,0.015,G,0.75,0.01,H,,8.7338,0.0018,0.017,125.0,,8.71,8.77,,,,,,,,1.0,,,,,,,,,,,,,705.0,,C-33    35,P-33    13,0.76,G6V,3,66.3129973474801,4.492006707668776,5601.697844213074
H,915,,00 11 19.58,-32 24 14.0,8.44,,H,2.83158469,-32.40387891,,1.58,18.74,-1.12,0.86,0.71,1.05,1.1,0.68,0.13,-0.06,0.06,-0.13,0.04,0.28,-0.01,-0.3,-0.02,-0.06,0.0,-0.03,915,8.615,0.011,8.45,0.012,,0.127,0.005,G,0.14,0.01,H,,8.4899,0.0014,0.014,108.0,,8.47,8.52,,C,,,,,,1.0,,,,,,,,,,S,,,704.0,,C-33    36,P-33    14,0.14,A3V,3,632.9113924050632,-0.5667145652278869,8774.743498609796
H,916,,00 11 20.89,+58 20 59.5,9.5,,G,2.83702751,58.3498627,,35.69,233.48,21.92,3.54,3.32,5.14,3.89,3.56,-0.14,0.3,0.12,-0.1,-0.04,-0.12,0.02,-0.1,0.14,-0.2,0.0,,916,11.145,0.057,9.599,0.023,,1.254,0.02,G,1.42,0.03,I,,9.6048,0.0022,0.022,132.0,,9.55,9.65,,,,,,,,1.0,X,,,,,,,,,,G,,,,,,1.42,K7,S,28.01905295601009,7.262732739778302,4205.4316545829715
H,917,,00 11 21.74,+50 50 35.2,9.03,,H,2.84058595,50.84310466,,0.82,48.19,-11.17,0.72,0.76,1.19,0.85,0.85,-0.09,0.17,0.26,0.09,0.16,0.17,0.12,0.15,0.05,-0.11,1.0,0.01,917,10.833,0.038,9.15,0.015,,1.406,0.032,T,1.38,0.04,L,,9.1733,0.0024,0.025,168.0,,9.14,9.22,,R,,,,,,1.0,,,S,,,,,,,,,,232126.0,B+50   19,,,1.08,K0,S,1219.5121951219512,-1.400930738081417,3940.5991560274306
H,918,,00 11 22.03,+74 29 04.5,7.15,,H,2.84178323,74.48458019,,6.06,73.95,-15.28,0.56,0.53,0.67,0.65,0.53,-0.1,0.0,0.27,-0.01,-0.05,0.12,-0.08,0.07,0.12,-0.13,0.0,-2.42,918,8.446,0.009,7.276,0.006,,1.004,0.008,T,0.98,0.01,L,,7.318,0.0012,0.011,123.0,,7.3,7.34,,,,,,,,1.0,,,,,,,,,,S,,,678.0,B+73    4,,,0.98,K0,S,165.01650165016503,1.0623631208314315,4733.15479863762
H,919,,00 11 22.30,+30 26 58.2,7.95,2.0,H,2.8428974,30.44948927,,29.35,210.73,35.26,0.91,0.49,0.95,0.98,0.53,-0.01,0.34,0.15,0.44,-0.18,0.16,-0.15,0.34,0.1,-0.06,0.0,0.02,919,8.897,0.012,8.028,0.01,,0.755,0.015,G,0.8,0.01,H,,8.0865,0.0017,0.02,108.0,,8.07,8.13,,U,2.0,C,,,,1.0,,,,,,,,,,,,,691.0,B+29   14,,,0.8,K0V,X,34.07155025553663,5.288040527918167,5420.15213524512
H,920,,00 11 24.45,+23 49 05.3,8.23,,H,2.85187794,23.81814771,,18.6,-34.12,31.52,0.75,0.49,0.91,0.8,0.56,0.21,0.23,0.11,0.05,0.1,0.01,0.11,0.09,0.05,0.25,0.0,-1.83,920,8.892,0.014,8.297,0.013,,0.581,0.015,G,0.65,0.01,H,,8.3525,0.0012,0.011,103.0,,8.33,8.37,,,,,,,,1.0,,,,,,,,,,S,,,700.0,B+23   10,,,0.65,G0,S,53.76344086021505,4.5775647210895825,6042.9474773972215
H,921,,00 11 24.45,-08 21 32.8,9.81,,G,2.85188723,-8.35911945,,4.63,10.21,23.44,1.39,0.97,1.57,1.68,0.94,0.3,-0.16,-0.21,-0.24,-0.02,0.08,-0.07,-0.31,0.22,0.28,0.0,0.74,921,10.474,0.035,9.816,0.031,,0.515,0.003,G,0.59,0.0,H,,9.9281,0.0027,0.021,88.0,,9.88,9.96,,,,,,,,1.0,,,,,,,,,,,,,702.0,B-09   22,,,0.59,G0,S,215.9827213822894,3.137904955089766,6321.63207100044
H,922,,00 11 29.29,-18 42 24.8,8.48,,G,2.87203127,-18.70689324,,11.58,72.27,-2.22,0.93,0.6,1.13,1.28,0.62,0.21,-0.05,-0.03,-0.17,0.06,0.32,0.03,-0.24,0.15,0.11,2.0,0.29,922,9.038,0.012,8.534,0.012,,0.473,0.015,G,0.54,0.02,H,,8.5848,0.002,0.016,112.0,,8.56,8.61,,C,,,,,,1.0,,,,,,,,,,S,,,718.0,B-19   10,,,0.54,F3V,4,86.35578583765113,3.7985427969570864,6513.933703222605
H,923,H,00 11 29.42,+35 55 51.9,9.33,,G,2.87258462,35.93108811,A,3.47,-5.18,-2.52,1.79,1.88,1.9,1.51,1.32,0.08,0.2,0.09,0.41,-0.05,0.04,-0.12,0.39,-0.04,0.22,0.0,0.07,923,10.522,0.032,9.483,0.021,*,0.94,0.015,G,0.93,0.01,H,*,9.5176,0.0017,0.016,133.0,*,9.49,9.54,,C,,,00115+3556,H,1.0,2.0,C,,B,AB,4.0,0.449,0.033,3.42,0.18,,,,,B+35   18,,,0.93,K0,S,288.1844380403458,2.0316473739543692,4891.572509518791
H,924,H,00 11 30.86,-49 37 45.2,8.97,,H,2.87859206,-49.62920981,A,20.86,-44.77,-36.75,1.45,1.61,2.16,1.7,1.88,-0.14,-0.04,-0.27,-0.01,0.21,-0.08,0.22,0.15,-0.08,-0.28,2.0,0.43,924,9.788,0.029,8.934,0.022,*,0.807,0.005,G,0.83,0.0,R,*,9.1157,0.0026,0.031,166.0,*,9.07,9.17,,D,,,00115-4938,I,1.0,2.0,C,,A,AB,303.0,6.606,0.013,1.93,0.05,,,,734.0,,C-50    29,P-50    18,0.83,G6/G8V,1,47.93863854266539,5.566571520452561,5259.658008992496
H,925,,00 11 30.99,-01 07 24.0,8.08,,H,2.87910532,-1.12332479,,2.54,25.38,-11.06,1.01,0.58,1.14,1.38,0.64,0.16,0.14,-0.28,-0.25,-0.15,0.34,0.01,-0.22,0.24,0.09,0.0,0.82,925,9.517,0.018,8.196,0.011,,1.122,0.017,T,1.08,0.02,L,,8.2515,0.0014,0.012,96.0,,8.23,8.28,,C,,,,,,1.0,,,,,,,,,,,,,716.0,B-01    7,,,1.11,K2,S,393.70078740157476,0.10416858309969079,4467.699431725338
H,926,,00 11 31.13,+40 23 56.3,7.47,,H,2.87971208,40.39896612,,2.26,-6.8,-5.94,0.71,0.54,0.85,0.82,0.65,-0.05,0.09,-0.02,0.45,-0.07,-0.03,-0.09,0.64,-0.13,0.02,0.0,-1.69,926,9.489,0.017,7.647,0.007,,1.532,0.015,T,1.58,0.03,L,,7.5854,0.001,0.012,136.0,,7.56,7.6,,,,,,,,1.0,,,,,,,,,,,,,711.0,B+39   21,,,1.55,K0,S,442.4778761061947,-0.759457804262996,3746.0011903569207
H,927,H,00 11 31.43,-55 44 58.8,8.34,,H,2.88096041,-55.74966102,*,4.31,38.44,-6.92,0.71,0.76,1.11,0.86,1.07,-0.17,-0.19,0.03,0.11,0.07,0.26,0.13,0.03,-0.28,-0.23,0.0,-1.12,927,8.811,0.01,8.393,0.01,*,0.409,0.011,T,0.48,0.01,L,*,8.4329,0.0019,0.018,148.0,*,8.4,8.46,,D,,,00115-5545,H,1.0,2.0,C,S,A,AB,80.0,0.168,0.008,0.8,0.3,S,,,740.0,,,P-56    29,0.47,F3V,1,232.01856148491882,1.5123863508036575,6832.676693833706
H,928,,00 11 31.54,-34 27 36.3,7.75,,H,2.88140032,-34.4600917,,4.71,23.14,-0.42,0.69,0.58,0.89,0.86,0.68,0.16,0.1,0.01,-0.25,0.02,-0.09,-0.01,-0.1,-0.16,0.1,0.0,-0.52,928,9.241,0.013,7.881,0.008,,1.152,0.012,T,1.11,0.01,L,,7.9134,0.0011,0.013,128.0,,7.89,7.94,,,,,,,,1.0,G,,,,,,,,,S,,,733.0,,C-35    41,P-35    15,1.12,K2III,3,212.31422505307856,1.1151045356444804,4405.119324533535
H,929,,00 11 32.78,-58 54 35.4,8.34,,G,2.88657321,-58.90982912,,17.0,270.7,-4.97,0.56,0.62,0.82,0.62,0.68,-0.02,-0.07,-0.16,0.02,0.14,0.06,0.16,0.14,-0.16,-0.02,0.0,0.04,929,9.106,0.012,8.435,0.01,,0.619,0.002,G,0.67,0.02,A,,8.4843,0.0014,0.017,152.0,,8.45,8.52,,,,,,,,1.0,,,,,,,,,,S,,,741.0,,C-59    14,P-59     8,0.67,G4V,X,58.8235294117647,4.49224460689137,5894.132132217435
H,930,,00 11 34.42,-27 47 59.2,5.41,,G,2.8934043,-27.7997782,,5.61,4.61,17.09,0.77,0.49,0.92,1.21,0.49,-0.02,-0.02,0.08,0.14,0.03,0.47,-0.06,-0.28,-0.09,-0.19,0.0,3.14,930,7.169,0.006,5.562,0.003,,1.346,0.001,G,1.31,0.03,E,,5.577,0.0012,0.007,98.0,,5.57,5.59,,,,,00116-2748,I,1.0,1.0,,,,,,,,,,S,,,720.0,,C-28    26,P-28     6,1.31,K2III,3,178.25311942959001,-0.845185693719193,4040.8745167029583
H,931,H,00 11 35.12,-03 04 40.8,7.56,,G,2.89634295,-3.07799719,A,9.91,150.06,-11.57,1.47,0.82,1.48,1.97,0.93,0.28,0.0,-0.19,-0.1,-0.15,0.33,-0.07,-0.09,0.15,0.12,6.0,1.31,931,8.164,0.014,7.574,0.013,*,0.551,0.015,G,0.62,0.01,H,*,7.6674,0.0012,0.01,90.0,*,7.66,7.7,,D,,,00116-0305,I,1.0,2.0,C,,A,AB,292.0,7.901,0.005,1.55,0.02,S,,,717.0,B-03   14,,,0.62,F8...,S,100.90817356205852,2.5403682724263765,6166.275261730199
H,932,,00 11 35.30,-18 36 02.4,6.93,,H,2.8970776,-18.60067836,,7.77,41.63,8.79,0.79,0.47,0.88,0.99,0.5,0.12,0.03,-0.04,-0.3,0.1,0.22,0.1,-0.18,0.11,0.06,2.0,0.5,932,8.195,0.008,7.037,0.006,,0.994,0.008,T,0.97,0.01,L,,7.0901,0.0009,0.009,111.0,,7.08,7.11,,,,,,,,1.0,,,,,,,,,,S,,,731.0,B-19   11,,,0.97,K0III,4,128.70012870012872,1.3821050940045714,4757.190284138469
H,933,,00 11 35.59,+07 07 17.4,10.03,,H,2.89828655,7.12150984,,21.87,-25.4,-7.96,21.02,15.27,24.76,22.04,14.87,0.28,0.17,-0.23,-0.15,-0.16,0.17,-0.05,-0.44,0.25,0.47,0.0,,933,11.621,0.107,10.082,0.042,,1.293,0.09,T,1.25,0.09,L,,10.1849,0.0033,0.027,89.0,,10.14,10.23,,,,,,,,1.0,X,,,,,,,,,,,G,,B+06    5,,,1.18,K2,S,45.72473708276177,6.729243915188185,4133.992294963597
H,935,,00 11 35.61,+33 40 49.1,8.69,,H,2.89839266,33.68029254,,6.73,34.26,1.81,0.97,0.58,1.13,1.29,0.7,-0.02,0.12,0.16,-0.06,0.01,0.18,0.02,0.38,0.0,-0.14,2.0,-1.1,935,8.905,0.012,8.712,0.014,,0.185,0.017,T,0.2,0.02,L,,8.7516,0.0013,0.014,110.0,,8.72,8.78,,D,,,,,,1.0,,,,,,,,,,,,,712.0,B+32   13,,,0.21,A0,S,148.5884101040119,2.8300753211198835,8280.94104658876
H,934,,00 11 35.65,-57 28 20.6,9.04,,H,2.89853096,-57.47238652,,27.46,135.23,-66.87,0.76,0.76,1.09,0.87,1.03,-0.16,0.12,-0.12,0.02,0.03,0.03,0.03,0.13,-0.09,-0.12,1.0,0.14,934,10.146,0.021,9.109,0.015,,0.891,0.02,T,0.9,0.01,L,,9.1794,0.0029,0.028,142.0,,9.14,9.22,,,,,,,,1.0,,,,,,,,,,,,,750.0,,,P-58     8,0.9,K1V,1,36.41660597232338,6.23350266450368,5020.665377025431
H,936,,00 11 35.68,-05 04 05.4,8.32,,H,2.89868324,-5.06817692,,4.04,10.61,5.35,1.02,0.6,1.09,1.28,0.65,0.11,0.06,-0.27,-0.29,-0.08,0.29,0.0,-0.31,0.19,0.24,0.0,1.04,936,9.765,0.022,8.446,0.013,,1.12,0.02,T,1.08,0.02,L,,8.4847,0.0015,0.015,99.0,,8.46,8.52,,,,,,,,1.0,,,,,,,,,,S,,,729.0,B-05   17,,,1.13,K2,S,247.5247524752475,1.3519068255530247,4471.937939664698
H,937,,00 11 36.38,-23 37 56.5,7.85,,H,2.90159981,-23.63236655,,7.57,56.05,2.62,1.0,0.56,1.06,1.07,0.56,0.05,0.2,-0.16,-0.02,-0.09,0.15,-0.03,-0.32,0.2,0.06,2.0,0.61,937,8.517,0.011,7.915,0.01,,0.561,0.001,G,0.63,0.0,H,,7.9744,0.0018,0.015,109.0,,7.95,8.01,,,,,,,,1.0,,,,,,,,,,S,,,732.0,,C-24    35,P-24    10,0.63,F7V,4,132.10039630118888,2.245479397500363,6124.567949163871
H,938,,00 11 36.73,-80 10 25.6,7.21,,H,2.90304188,-80.17376516,,4.78,-10.01,12.91,0.5,0.53,0.59,0.59,0.53,0.04,-0.02,-0.17,0.17,0.14,-0.14,0.12,0.0,0.05,0.16,1.0,-0.22,938,8.357,0.009,7.301,0.006,,0.916,0.008,T,0.91,0.01,L,,7.3685,0.0012,0.011,117.0,,7.35,7.39,,,,,,,,1.0,,,,,,,,,,S,,,783.0,,,P-80     3,0.91,G8III,1,209.20502092050208,0.6071394830605952,4953.9124101907955
H,939,,00 11 36.80,-17 58 08.1,8.98,,H,2.90334595,-17.96890292,,3.36,11.22,-6.71,1.41,0.66,1.48,1.65,0.67,0.06,0.1,0.08,-0.37,0.15,0.31,0.14,-0.22,0.18,0.08,0.0,-0.13,939,10.203,0.028,9.081,0.018,,0.966,0.026,T,0.95,0.02,L,,9.1432,0.0015,0.015,94.0,,9.12,9.18,,C,,,,,,1.0,,,,,,,,,,,,,730.0,B-18   11,,,0.94,K0IV,4,297.6190476190476,1.6116963869492213,4825.882104517954
H,940,,00 11 37.15,+58 12 42.6,7.09,2.0,H,2.90477726,58.21183567,,2.16,0.25,-2.49,0.51,0.47,0.77,0.59,0.57,-0.12,0.31,0.12,0.1,-0.04,-0.09,0.05,0.0,0.2,-0.1,0.0,0.25,940,7.259,0.006,7.117,0.007,,0.137,0.009,T,0.15,0.01,L,,7.1427,0.002,0.017,134.0,,7.11,7.17,,U,2.0,,,,,1.0,,,,,,,,,,S,,,698.0,B+57   28,,,0.11,B5II: SB,G,462.96296296296293,-1.2377312442453459,8685.001624683122
H,941,,00 11 37.27,-72 16 31.7,8.85,,H,2.90527264,-72.27547333,,8.01,12.71,-7.35,0.79,0.73,0.94,0.89,0.79,-0.07,0.19,-0.1,0.22,0.05,-0.21,0.04,0.01,0.01,0.01,0.0,-0.24,941,9.448,0.016,8.911,0.015,,0.518,0.007,G,0.59,0.01,H,,8.9651,0.0023,0.022,132.0,,8.93,9.01,,,,,,,,1.0,,,,,,,,,,,,,751.0,,,P-72     8,0.59,F6V,1,124.84394506866417,3.3681625804211874,6308.3635852182715
H,942,,00 11 37.45,+63 26 35.3,9.21,2.0,G,2.90603532,63.44314203,,0.53,5.9,-2.43,0.81,0.76,1.02,1.16,0.86,0.02,0.09,0.14,0.27,0.08,0.05,0.07,0.26,0.02,0.13,4.0,-0.21,942,9.406,0.015,9.217,0.018,,0.142,0.004,G,0.16,0.0,H,,9.2643,0.0032,0.035,131.0,,9.21,9.32,,U,2.0,,,,,1.0,,,,,,,,,,,,,,B+62   15,,,0.16,A0V,X,1886.7924528301885,-2.1686206519960542,8640.886432797874
H,943,,00 11 37.47,+10 19 42.4,8.61,,H,2.9061454,10.32845614,,20.55,-37.34,-50.44,1.12,0.67,1.21,1.15,0.73,0.26,-0.01,-0.07,-0.18,0.25,0.09,0.19,0.14,0.11,0.5,0.0,0.88,943,9.386,0.02,8.689,0.018,,0.643,0.022,T,0.71,0.02,L,,8.7423,0.0021,0.012,69.0,,8.71,8.76,,C,,,,,,1.0,,,,,,,,,,S,,,727.0,B+09   13,,,0.7,G0,S,48.661800486618,5.17405913106044,5804.124059950326
H,944,,00 11 38.06,-49 39 21.2,7.91,,H,2.90859695,-49.65588618,,7.11,26.26,-57.89,0.93,0.83,1.08,1.2,1.54,-0.28,-0.06,-0.16,-0.46,0.49,0.01,0.46,-0.3,-0.04,-0.6,0.0,-1.33,944,9.331,0.013,8.004,0.008,,1.126,0.012,T,1.09,0.01,L,,8.0736,0.0013,0.016,170.0,,8.05,8.1,,,,,,,,1.0,G,,,,,,,,,S,,,749.0,,C-50    30,P-50    19,1.07,K0p...,2,140.64697609001405,2.1693480036488317,4459.247687994496
H,945,H,00 11 38.93,+55 57 41.4,7.47,,H,2.91222169,55.96148616,A,2.14,3.52,-10.46,1.21,1.24,1.6,1.39,1.24,0.02,-0.18,0.13,-0.08,0.11,0.08,0.06,0.0,0.11,-0.29,1.0,1.14,945,7.734,0.019,7.741,0.021,A,0.2,0.495,G,0.02,0.03,L,*,7.475,0.0009,0.011,171.0,*,7.46,7.49,,D,,,00116+5558,I,1.0,2.0,C,,A,AB,211.0,1.328,0.005,0.55,0.01,S,,,709.0,B+55   15,,,0.02,B8,S,467.2897196261682,-0.8779311332540471,8163.006622936273
H,946,,00 11 39.79,+28 13 30.5,8.65,,H,2.91580225,28.22513882,,5.08,35.08,11.17,1.06,0.55,1.17,1.08,0.62,-0.08,0.37,-0.12,0.24,-0.09,0.01,-0.06,0.05,0.09,-0.07,2.0,-0.51,946,9.94,0.024,8.775,0.016,,1.0,0.022,T,0.98,0.02,L,,8.819,0.0016,0.015,99.0,,8.8,8.84,,,,,,,,1.0,,,,,,,,,,,,,,B+27   11,,,1.03,K0,S,196.85039370078738,2.1793185614195973,4742.7381778526815
H,947,H,00 11 40.76,-09 42 10.0,8.53,,G,2.9198539,-9.70277372,A,6.88,101.7,-11.0,1.76,1.18,1.58,1.77,0.96,0.45,0.11,0.06,-0.02,-0.05,0.17,-0.07,-0.27,0.05,0.34,1.0,-1.08,947,9.123,0.014,8.581,0.013,*,0.515,0.015,G,0.59,0.02,H,*,8.6364,0.0023,0.015,95.0,*,8.61,8.67,,,,,00117-0942,H,1.0,2.0,C,,B,AB,84.0,0.587,0.031,3.14,0.13,S,,,738.0,B-10   16,,,0.59,F5,S,145.34883720930233,2.7179421911775554,6321.63207100044
H,948,,00 11 41.09,-39 13 46.7,9.92,,G,2.92120675,-39.22963982,,29.15,739.96,-127.23,1.13,0.99,1.54,1.44,1.36,0.09,-0.02,-0.2,-0.22,-0.14,0.14,-0.12,-0.36,0.05,0.1,0.0,2.21,948,11.276,0.06,10.121,0.033,,1.071,0.0,G,1.13,0.0,I,,10.0836,0.0024,0.024,119.0,,10.03,10.13,,C,,,,,,1.0,,,,,,,,,,,,,,,C-39    31,P-39     6,1.13,K5V,X,34.30531732418525,7.243192795475164,4578.489747573559
H,949,,00 11 41.82,+54 20 07.9,8.09,,H,2.92427022,54.33552182,,4.25,10.23,-9.69,0.52,0.6,0.94,0.67,0.71,-0.4,0.23,-0.02,0.13,-0.06,0.03,-0.04,0.01,-0.02,-0.28,0.0,0.19,949,8.355,0.007,8.116,0.007,,0.228,0.009,T,0.25,0.01,L,,8.1629,0.0016,0.017,201.0,,8.14,8.19,,,,,,,,1.0,,,,,,,,,,S,,,710.0,B+53   16,,,0.22,B9,S,235.2941176470588,1.2319446502515579,7952.451317684548
H,950,,00 11 43.89,-35 08 00.2,5.24,,H,2.93286698,-35.13339606,,45.85,169.01,113.75,0.52,0.42,0.66,0.62,0.5,0.25,-0.08,0.05,-0.37,0.0,0.07,0.02,-0.12,0.02,0.15,0.0,-2.51,950,5.766,0.002,5.292,0.002,,0.459,0.002,T,0.53,0.0,L,,5.3425,0.0005,0.005,148.0,,5.33,5.35,,C,,,,,,1.0,,,,,,,,,,S,,,739.0,,C-35    42,P-35    16,0.52,F3/F5V,3,21.810250817884405,3.5466967000302,6580.881646344008
H,951,,00 11 44.75,+57 16 17.5,7.06,,H,2.93644202,57.27152515,,1.15,-3.17,-2.16,0.46,0.49,0.74,0.56,0.61,-0.19,0.26,0.08,0.12,0.03,0.13,0.05,0.11,0.09,-0.2,0.0,-0.6,951,7.828,0.007,7.146,0.005,,0.63,0.007,T,0.7,0.01,L,,7.1954,0.0009,0.01,160.0,,7.17,7.21,,C,,,,,,1.0,,,,,,,,,,S,,,725.0,B+56   16,,,0.68,F5Ib-II,X,869.5652173913045,-2.636510798231943,5852.509413999555
H,952,,00 11 45.78,+27 30 36.9,8.45,,G,2.94074786,27.51025579,,10.91,3.98,-27.05,0.98,0.56,1.15,1.02,0.63,0.0,0.36,-0.09,0.05,-0.01,0.02,0.02,-0.02,0.09,-0.02,2.0,1.48,952,8.979,0.014,8.481,0.013,,0.481,0.015,G,0.55,0.02,H,,8.5464,0.0016,0.013,101.0,,8.52,8.56,,C,,,,,,1.0,,,,,,,,,,S,,,737.0,B+26    6,,,0.55,F5V,X,91.6590284142988,3.6391237529417086,6476.334733465545
H,953,,00 11 47.15,-33 14 01.8,8.73,,H,2.94645767,-33.23382365,,9.29,-39.77,-121.48,0.81,0.65,1.09,0.91,0.66,0.15,0.02,0.13,-0.36,0.03,0.06,0.03,-0.26,0.03,0.03,1.0,2.34,953,9.509,0.016,8.791,0.013,,0.646,0.016,T,0.71,0.01,L,,8.8623,0.0013,0.016,136.0,,8.84,8.89,,C,,,,,,1.0,,,,,,,,,,S,,,758.0,,C-33    37,P-33    16,0.76,G3/G5V,3,107.64262648008612,3.5700785699682083,5793.079693336562
H,954,,00 11 47.55,+09 08 24.0,7.45,,H,2.9481242,9.14000705,,7.81,-32.99,-18.32,0.86,0.57,0.96,0.84,0.61,0.39,0.2,0.0,0.19,0.24,-0.08,0.26,0.18,0.04,0.5,0.0,0.31,954,8.582,0.013,7.56,0.009,,0.891,0.012,T,0.9,0.01,L,,7.6109,0.0012,0.012,81.0,,7.59,7.64,,,,,,,,1.0,,,,,,,,,,S,,,745.0,B+08   13,,,0.88,G5,S,128.04097311139566,1.9132551693865016,5020.665377025431
H,955,,00 11 48.14,-17 33 27.7,9.02,,H,2.95060084,-17.55770035,,16.48,101.2,-9.22,1.39,0.73,1.49,1.97,0.68,0.18,0.22,0.03,-0.06,0.14,0.2,0.09,-0.31,0.23,0.11,0.0,-0.33,955,9.77,0.021,9.115,0.019,,0.599,0.021,T,0.67,0.02,L,,9.1426,0.0024,0.024,93.0,,9.1,9.19,,,,,,,,1.0,,,,,,,,,,S,,,747.0,B-18   12,,,0.74,G3V,4,60.67961165048544,5.104786036805484,5971.461669160834
H,956,H,00 11 50.19,+28 25 23.7,7.51,,H,2.95912203,28.42325717,A,12.79,-96.26,37.11,1.55,0.84,1.43,1.55,0.72,0.29,0.35,0.05,0.18,-0.01,0.22,-0.02,0.18,-0.02,0.09,4.0,-0.77,956,8.095,0.009,7.572,0.009,*,0.491,0.012,T,0.56,0.01,L,*,7.6143,0.0011,0.009,107.0,*,7.6,7.63,,D,,,00118+2825,I,1.0,2.0,C,,A,AB,74.0,0.512,0.005,1.3,0.02,S,,,744.0,B+27   12,,,0.55,F5,S,78.18608287724786,3.0443527223932687,6429.990488239978
H,957,H,00 11 50.43,+66 07 34.9,7.32,,G,2.96013415,66.12634754,A,1.99,12.61,-1.12,0.83,0.83,0.98,0.85,0.84,-0.02,0.04,0.16,-0.16,-0.03,0.07,-0.03,0.14,0.08,-0.06,2.0,0.5,957,7.404,0.007,7.381,0.007,A,0.038,0.02,G,0.06,0.02,H,*,7.3145,0.0018,0.023,135.0,*,7.29,7.36,,R,,,00118+6608,I,1.0,2.0,C,,A,AB,211.0,1.534,0.009,2.11,0.04,S,,,724.0,B+65   13,,,0.57,A0,S,502.5125628140703,-1.185734617951466,9674.687625366816
H,958,,00 11 50.65,-54 12 35.4,8.17,,H,2.96104581,-54.20984615,,1.34,-40.97,-39.53,0.67,0.73,1.1,0.91,0.98,-0.3,0.04,-0.05,0.05,0.08,0.05,0.07,-0.11,0.01,-0.35,1.0,1.03,958,9.65,0.014,8.305,0.008,,1.14,0.013,T,1.1,0.01,L,,8.3411,0.0014,0.015,164.0,,8.31,8.37,,C,,,,,,1.0,,,,,,,,,,S,,,772.0,,,P-54    36,1.06,K0III,1,746.2686567164178,-1.1944760081759611,4429.9292249343425
H,959,,00 11 50.84,+50 59 21.4,9.45,,G,2.96182161,50.98927919,,4.21,-12.35,-8.42,0.76,0.9,1.44,1.05,1.07,-0.24,0.09,0.08,0.37,0.01,0.16,-0.03,0.23,-0.03,-0.28,0.0,0.96,959,9.792,0.017,9.507,0.02,,0.26,0.015,G,0.29,0.02,H,,9.534,0.0021,0.024,171.0,,9.49,9.58,,,,,,,,1.0,,,,,,,,,,,,,232130.0,B+50   26,,,0.29,A0,S,237.52969121140143,2.5714104791783408,7725.929715876616
H,960,,00 11 50.86,-19 42 11.7,9.72,,G,2.96191971,-19.70326287,,9.92,170.46,-18.03,1.34,0.8,1.46,1.91,0.86,0.16,0.15,-0.05,0.21,0.14,0.03,0.1,-0.01,-0.08,0.13,0.0,-0.26,960,10.405,0.035,9.704,0.03,,0.557,0.003,G,0.63,0.0,H,,9.8521,0.0028,0.026,91.0,,9.81,9.9,,C,,,,,,1.0,,,,,,,,,,,,,748.0,B-20   16,,P-20     4,0.63,G1V,4,100.80645161290323,4.702558360770894,6141.177790159461
H,961,,00 11 51.02,-35 32 48.5,9.34,,H,2.96256404,-35.54681427,,10.46,-62.49,-75.64,0.98,0.8,1.33,1.18,0.96,0.33,0.05,0.02,-0.48,-0.08,-0.11,-0.06,-0.31,-0.14,0.22,0.0,-0.05,961,10.219,0.022,9.437,0.018,,0.695,0.022,T,0.75,0.02,L,,9.4731,0.0023,0.023,148.0,,9.44,9.51,,C,,,,,,1.0,,,,,,,,,,,,,759.0,,C-36    37,P-36    11,0.76,G5V,3,95.60229445506693,4.437658422656277,5618.849101639487
H,962,,00 11 53.94,-11 09 53.4,8.75,,H,2.97473845,-11.16484347,,4.77,95.81,-28.06,1.07,0.66,1.28,1.61,0.71,0.31,-0.11,-0.06,0.08,0.0,0.33,-0.05,-0.17,0.06,0.09,2.0,-0.49,962,10.194,0.025,8.869,0.014,,1.125,0.022,T,1.09,0.02,L,,8.9153,0.0015,0.017,109.0,,8.89,8.94,,,,,,,,1.0,,,,,,,,,,S,,,757.0,B-11   21,,,1.02,G5,S,209.643605870021,2.142591895200569,4461.357473060969
H,963,,00 11 54.72,-33 02 14.6,9.32,,H,2.97800862,-33.0373887,,3.89,-2.32,-7.15,1.05,0.77,1.25,1.22,0.76,0.11,0.08,0.15,-0.43,0.1,0.03,0.11,-0.25,-0.04,-0.09,0.0,-1.9,963,10.099,0.022,9.409,0.019,,0.625,0.022,T,0.69,0.02,L,,9.4546,0.0021,0.021,126.0,,9.42,9.49,,,,,,,,1.0,,,,,,,,,,,,,769.0,,C-33    39,P-33    17,0.8,G3V,3,257.0694087403599,2.2697480066285394,5871.3504069152605
H,964,,00 11 54.77,-22 49 03.4,7.91,,G,2.97819202,-22.81759748,,10.93,47.47,-37.56,1.06,0.53,1.05,1.18,0.58,-0.02,0.06,-0.06,-0.48,0.09,0.14,0.12,-0.27,0.16,-0.07,2.0,0.4,964,8.327,0.01,7.948,0.009,,0.392,0.001,G,0.46,0.0,H,,8.0026,0.0013,0.012,123.0,,7.98,8.03,,,,,,,,1.0,,,,,,,,,,S,,,768.0,,C-23    37,P-23     7,0.46,F2V,4,91.49130832570907,3.103100809748514,6923.130335795766
H,965,H,00 11 55.37,-75 28 36.6,7.49,,H,2.98072156,-75.47684086,A,2.05,0.92,5.13,0.89,0.87,0.98,0.92,0.84,0.02,-0.11,-0.03,0.06,0.02,0.07,-0.01,-0.02,0.08,0.09,1.0,1.83,965,9.502,0.018,7.685,0.008,A,1.6,0.495,G,1.52,0.04,M,*,7.6203,0.0013,0.012,148.0,*,7.6,7.64,,,,,00119-7529,I,1.0,2.0,C,,D,AB,295.0,4.818,0.038,3.84,0.18,S,,D,793.0,,,P-76    11,1.52,K4III,1,487.80487804878055,-0.9512306947212288,3649.041927573727
H,966,,00 11 56.13,-42 10 19.3,6.53,,G,2.98385733,-42.17203471,,7.97,-87.8,-45.06,0.53,0.5,0.79,0.58,0.7,0.03,-0.07,-0.09,0.27,-0.06,0.07,-0.05,-0.01,-0.03,0.06,1.0,0.48,966,7.866,0.007,6.639,0.005,,1.041,0.001,G,1.01,0.02,A,,6.6963,0.0007,0.007,123.0,,6.69,6.71,,C,,,,,,1.0,,,,,,,,,,S,,,770.0,,C-42    32,P-42    10,1.01,K0III,2,125.47051442910917,1.0372916069805616,4646.406583192409
H,967,,00 11 59.03,+48 09 08.5,6.18,1.0,H,2.99596734,48.15237121,,5.93,60.54,10.39,0.46,0.42,0.7,0.46,0.45,-0.13,0.2,0.11,-0.16,0.11,0.01,0.14,0.23,0.03,-0.2,0.0,-1.46,967,8.1,0.008,6.34,0.004,,1.467,0.007,T,1.48,0.01,L,,6.3113,0.0009,0.009,155.0,,6.3,6.33,,M,,,,,,1.0,,,,,,,,,,S,,,743.0,B+47   21,,,1.44,K4III,S,168.63406408094437,0.04527346682131217,3843.8269228351464
H,968,,00 11 59.29,-00 13 46.9,8.69,,H,2.9970449,-0.22969837,,2.85,10.16,-1.16,1.3,0.66,1.26,1.59,0.73,0.26,-0.07,-0.24,-0.47,-0.15,0.23,-0.09,-0.27,0.28,0.18,0.0,-0.65,968,9.139,0.014,8.712,0.014,,0.403,0.018,T,0.47,0.02,L,,8.7875,0.0021,0.018,90.0,,8.76,8.82,,C,,,,,,1.0,,,,,,,,,,S,,,766.0,B-01    9,,,0.45,F0,S,350.8771929824561,0.9642243000425506,6864.307033006538
H,969,,00 12 01.32,+23 28 18.3,6.58,,H,3.00550041,23.47174032,,6.88,86.82,3.73,0.64,0.43,0.76,0.66,0.46,0.23,0.28,0.12,0.12,0.11,-0.02,0.14,0.16,0.12,0.25,0.0,-0.73,969,7.841,0.008,6.689,0.005,,0.99,0.007,T,0.97,0.01,L,,6.7432,0.0006,0.008,109.0,,6.73,6.76,,,,,,,,1.0,,,,,,,,,,S,,,756.0,B+22   14,,,0.97,K0III,X,145.34883720930233,0.7679421911775561,4766.876781934012
H,970,,00 12 01.39,-54 45 03.2,7.8,2.0,H,3.00581153,-54.75088612,,0.15,1.37,2.17,0.55,0.66,0.9,0.64,0.93,-0.25,-0.1,0.06,-0.05,0.12,0.2,0.15,-0.13,-0.05,-0.16,0.0,-2.0,970,9.909,0.017,7.982,0.007,,1.634,0.015,T,1.83,0.05,O,,7.892,0.0031,0.029,162.0,,7.84,7.93,,U,2.0,,,,,1.0,,,,,,,,,,S,,,790.0,,,P-55    22,1.81,M1III,1,6666.666666666667,-6.319543704721593,3602.487511338518
H,971,,00 12 01.46,+28 36 24.2,7.19,,G,3.00608084,28.60673326,,10.9,-14.96,-95.97,0.73,0.43,0.86,0.84,0.69,-0.04,0.21,-0.1,0.32,-0.13,-0.04,-0.15,0.1,-0.14,0.09,0.0,0.78,971,7.625,0.007,7.225,0.007,,0.398,0.015,G,0.46,0.02,H,,7.2794,0.0009,0.008,109.0,,7.27,7.29,,,,,,,,1.0,G,,,,,,,,,S,,,755.0,B+27   13,,,0.46,F0,S,91.74311926605503,2.3771324897031185,6890.909742467767
H,972,,00 12 01.94,+48 40 48.2,8.17,,H,3.00807432,48.68005386,,3.49,18.32,33.73,0.7,0.6,1.01,0.78,0.69,-0.17,0.18,0.1,0.07,0.12,0.0,0.12,0.35,0.06,-0.15,0.0,0.45,972,9.518,0.016,8.291,0.01,,1.048,0.015,T,1.02,0.01,L,,8.341,0.0017,0.015,140.0,,8.32,8.37,,C,,,,,,1.0,,,,,,,,,,S,,,754.0,B+47   22,,,0.97,K0,S,286.5329512893983,0.8841271347958992,4630.370121897009
H,973,,00 12 03.02,-13 48 47.3,6.56,,H,3.01259645,-13.81313737,,6.05,-3.9,-17.19,0.71,0.46,0.87,0.9,0.44,0.23,0.14,0.25,-0.14,0.16,0.36,0.07,-0.16,0.01,-0.02,0.0,1.21,973,7.928,0.009,6.671,0.005,,1.074,0.003,G,1.04,0.0,H,,6.7264,0.0008,0.009,117.0,,6.71,6.74,,C,,,,,,1.0,,,,,,,,,,S,,,780.0,B-14   19,,,1.04,K0III,4,165.28925619834712,0.4687768732623434,4571.812794777759
H,974,,00 12 03.84,+27 05 57.0,8.73,,H,3.01599223,27.09915401,,38.88,283.48,-82.45,1.05,0.62,1.22,1.62,0.7,0.02,0.02,-0.03,-0.13,0.06,0.24,0.06,-0.02,0.03,-0.06,2.0,0.44,974,10.061,0.028,8.83,0.017,,1.045,0.026,T,1.1,0.03,L,,8.8732,0.0022,0.017,105.0,,8.85,8.9,,,,,,,,1.0,,,,,,,,,,,,,,B+26    8,,,0.97,K0,S,25.720164609053494,6.678631281271185,4637.22859096697
H,975,H,00 12 05.19,-58 31 29.3,7.62,,H,3.02160438,-58.52479986,*,17.21,66.87,-150.8,0.52,0.57,0.76,0.58,0.7,-0.01,0.03,-0.15,0.1,0.18,0.0,0.19,0.27,-0.15,0.0,0.0,0.3,975,8.552,0.009,7.708,0.007,*,0.758,0.008,T,0.8,0.01,L,*,7.7719,0.0009,0.013,146.0,*,7.75,7.8,,D,,,00121-5832,I,1.0,2.0,C,S,A,AB,259.0,0.115,0.006,0.17,0.48,S,,,791.0,,,P-59    10,0.79,G5IV/V,1,58.105752469494476,3.798904351637802,5410.609470867338
H,976,,00 12 05.49,-07 05 19.2,8.66,,H,3.02287137,-7.08866665,,10.57,52.48,-22.16,1.1,0.66,1.33,1.43,0.71,0.24,-0.1,-0.21,-0.04,-0.18,0.49,-0.11,-0.3,0.27,0.32,0.0,-0.72,976,9.166,0.016,8.71,0.016,,0.43,0.021,T,0.5,0.02,L,,8.7561,0.0017,0.017,89.0,,8.73,8.78,,,,,,,,1.0,,,,,,,,,,S,,,778.0,B-07   16,,,0.48,F5,S,94.6073793755913,3.7803749365371315,6724.417656800524
H,978,,00 12 06.08,+39 02 20.1,8.2,,H,3.02532163,39.03890984,,2.97,-25.16,-26.83,0.78,0.56,0.97,0.84,0.64,-0.06,0.16,-0.01,0.39,-0.12,0.11,-0.15,0.61,-0.11,-0.03,0.0,-0.25,978,9.834,0.016,8.325,0.009,,1.269,0.014,T,1.23,0.01,L,,8.3571,0.0011,0.012,150.0,,8.33,8.39,,C,,,,,,1.0,,,,,,,,,,,,,765.0,B+38   12,,,1.21,K0,S,336.70033670033666,0.5637822465860607,4177.651386136748
H,977,,00 12 06.08,-07 42 07.2,8.96,,H,3.02534364,-7.70199823,,3.11,19.28,-4.84,1.29,0.87,1.44,1.41,0.91,0.24,-0.04,-0.21,-0.34,-0.03,0.22,0.0,-0.22,0.14,0.32,0.0,0.58,977,10.525,0.04,9.049,0.019,,1.243,0.035,T,1.2,0.03,L,,9.1202,0.0025,0.017,75.0,,9.1,9.15,,,,,,,,1.0,,,,,,,,,,,,,779.0,B-08   16,,,1.14,K0,S,321.54340836012864,1.4238019451341888,4226.050862635098
H,980,,00 12 06.84,+47 29 28.2,7.36,,H,3.02849022,47.49116017,,6.68,-13.46,-24.35,0.61,0.48,0.87,0.65,0.56,-0.16,0.15,0.08,-0.43,0.16,0.04,0.23,0.29,-0.04,-0.28,0.0,-1.33,980,8.749,0.009,7.478,0.006,,1.082,0.008,T,1.04,0.01,L,,7.5299,0.0011,0.012,149.0,,7.51,7.55,,,,,,,,1.0,,,,,,,,,,S,,,763.0,B+46   20,,,1.04,K0,S,149.70059880239523,1.4838823123777285,4554.10735604515
H,981,H,00 12 08.05,+53 37 26.1,6.87,,H,3.03354264,53.62391762,*,9.42,38.9,-12.28,0.43,0.48,0.74,0.56,0.56,-0.5,0.21,0.03,0.06,-0.06,-0.05,0.0,-0.08,0.09,-0.38,0.0,1.76,981,7.175,0.003,6.9,0.003,*,0.262,0.004,T,0.29,0.01,L,*,6.9379,0.0008,0.012,235.0,*,6.92,6.96,,D,,,00121+5337,I,1.0,2.0,C,S,A,AB,278.0,0.172,0.007,1.21,0.16,S,,,761.0,B+52   19,,,0.25,F0,S,106.15711252653928,1.7402545139643868,7712.240239070237
H,982,,00 12 08.74,+48 10 56.1,7.6,,H,3.03640453,48.18225854,,3.46,16.16,-2.94,0.58,0.5,0.87,0.6,0.56,-0.19,0.21,0.04,-0.06,0.03,-0.04,0.04,0.27,-0.05,-0.23,0.0,-1.75,982,9.306,0.013,7.74,0.007,,1.314,0.012,T,1.28,0.01,L,,7.7598,0.0015,0.014,155.0,,7.74,7.78,,,,,,,,1.0,,,,,,,,,,S,,,762.0,B+47   23,,,1.23,K0,S,289.01734104046244,0.295380493963882,4096.565208842563
H,983,,00 12 09.95,-17 56 17.6,5.29,1.0,H,3.04145374,-17.93821766,,5.33,60.48,-24.69,1.14,0.46,0.87,1.82,0.74,-0.19,0.23,-0.06,-0.7,0.39,-0.05,0.56,-0.31,0.09,-0.53,0.0,-0.09,983,7.214,0.006,5.445,0.003,,1.478,0.008,G,1.6,0.03,E,,5.4056,0.0014,0.012,95.0,,5.38,5.42,,U,2.0,,,,,1.0,G,,,,,,,,,S,,,787.0,B-18   14,,,1.6,K4III,4,187.61726078799248,-1.0763639548671389,3826.899847762993
H,984,H,00 12 10.31,+46 46 29.7,9.12,,H,3.04294341,46.77490907,*,4.88,48.58,-0.69,0.88,0.65,1.22,1.03,0.72,-0.21,0.04,0.09,-0.18,0.1,-0.08,0.13,0.3,-0.04,-0.29,0.0,-0.44,984,9.667,0.017,9.157,0.016,*,0.479,0.021,T,0.55,0.02,L,*,9.2257,0.0022,0.023,163.0,*,9.19,9.27,,C,,,00122+4647,I,1.0,2.0,C,S,A,AS,138.0,0.158,0.017,0.65,0.65,,,,764.0,B+45   23,,,0.57,F8,S,204.91803278688525,2.562099110013553,6485.69041556713
H,985,,00 12 12.92,-27 47 04.4,8.25,,G,3.05385165,-27.78455628,,9.81,56.64,6.8,1.12,0.66,1.21,1.53,0.71,0.0,-0.11,-0.08,-0.21,0.06,0.16,0.04,-0.31,0.13,-0.05,0.0,1.1,985,8.782,0.013,8.287,0.013,,0.448,0.015,G,0.52,0.02,H,,8.3658,0.0011,0.017,93.0,,8.34,8.4,,D,,,,,,1.0,,,,,,,,,,S,,,798.0,,C-28    32,P-28     7,0.52,F5V,3,101.9367991845056,3.2083450368997433,6634.538697205323
H,986,,00 12 13.85,+39 54 05.7,7.43,,H,3.05769033,39.90157203,,10.44,119.8,2.41,0.66,0.45,0.83,0.68,0.53,0.04,0.21,0.05,0.41,0.01,-0.05,-0.03,0.58,-0.07,0.11,0.0,-2.58,986,7.793,0.006,7.467,0.007,,0.335,0.003,G,0.39,0.0,H,,7.5054,0.0007,0.008,138.0,,7.49,7.52,,C,,,,,,1.0,,,,,,,,,,S,,,776.0,B+39   22,,,0.39,F0,S,95.78544061302682,2.5235024933312165,7246.43699036922
H,987,,00 12 13.94,-15 09 52.5,8.88,,H,3.05806888,-15.16459597,,1.79,0.86,-11.54,0.99,0.73,1.24,1.23,0.64,0.34,0.22,0.23,-0.03,0.09,0.15,0.0,-0.22,-0.01,0.16,0.0,1.72,987,10.214,0.038,8.989,0.022,,1.047,0.034,T,1.02,0.03,L,,9.046,0.0021,0.021,110.0,,9.0,9.08,,C,,,,,,1.0,,,,,,,,,,,,,786.0,B-15   22,,,0.96,K0III/IV,4,558.659217877095,0.14426515489946645,4632.653902636227
H,989,,00 12 15.86,+22 33 24.2,7.69,2.0,H,3.06609863,22.55671394,,2.89,19.02,8.66,0.76,0.5,0.85,0.82,0.53,0.22,0.15,0.09,0.22,0.13,-0.04,0.16,0.17,0.12,0.26,0.0,0.76,989,9.929,0.023,7.911,0.009,,1.709,0.02,T,2.39,0.05,O,,7.7254,0.0065,0.083,126.0,,7.58,7.84,,U,2.0,,,,,1.0,,,S,,,,,,,S,,P,784.0,B+21   10,,,2.52,M...,S,346.0207612456747,-0.005510786217259422,3504.0197929293963
H,990,,00 12 17.28,-50 42 01.1,8.94,,H,3.07200125,-50.70031286,,4.7,-28.64,-20.74,0.78,0.83,1.22,0.97,1.0,-0.14,-0.1,-0.18,0.13,0.19,0.02,0.19,0.12,-0.21,-0.31,0.0,-0.4,990,10.432,0.027,9.073,0.015,,1.151,0.024,T,1.11,0.02,L,,9.1081,0.0026,0.026,155.0,,9.06,9.15,,,,,,,,1.0,,,,,,,,,,,,,808.0,,C-51    32,P-51    22,1.17,K2III,2,212.7659574468085,2.3004892896785876,4407.175670342634
H,991,,00 12 18.31,-40 38 44.1,10.58,,H,3.07628651,-40.64558079,,8.64,132.25,-23.1,1.02,1.21,1.94,1.1,1.75,0.11,0.08,-0.09,0.11,-0.07,0.16,-0.07,-0.25,0.13,0.13,0.0,-1.85,991,11.285,0.052,10.638,0.047,,0.6,0.061,T,0.67,0.05,L,,10.7092,0.0033,0.034,146.0,,10.66,10.77,,C,,,,,,1.0,,,,,,,,,,,G,,,,C-41    37,P-41    19,0.7,G0,S,115.74074074074073,5.262568712394467,5967.543450190654
H,992,,00 12 19.73,-57 30 21.3,10.05,,H,3.08222761,-57.50592437,,9.1,-4.28,-19.89,0.95,1.09,1.47,1.17,1.29,-0.01,0.03,-0.28,0.14,0.11,-0.01,0.1,0.28,-0.25,0.01,0.0,1.9,992,10.836,0.04,10.122,0.034,,0.643,0.04,T,0.71,0.04,L,,10.1788,0.0031,0.036,152.0,,10.1,10.24,,,,,,,,1.0,,,,,,,,,,,,,814.0,,,P-58     9,0.76,G3/G5V,1,109.89010989010988,4.845206961605469,5804.124059950326
H,993,,00 12 22.14,-08 42 35.2,8.88,,H,3.09223756,-8.70977153,,2.01,49.01,-1.2,1.08,0.88,1.3,1.4,0.87,0.4,-0.26,-0.19,-0.08,-0.15,0.28,-0.16,-0.39,0.21,0.38,0.0,1.41,993,10.085,0.028,9.006,0.019,,0.934,0.026,T,0.93,0.02,L,,9.0369,0.0023,0.017,82.0,,9.0,9.06,,C,,,,,,1.0,,,,,,,,,,S,,,805.0,B-09   23,,,0.89,G5,S,497.51243781094536,0.3959802871024447,4907.0014099217815
H,994,,00 12 25.28,-61 36 20.7,9.0,,H,3.10531311,-61.60576322,,5.47,30.03,-25.41,0.66,0.74,0.93,0.72,0.9,-0.12,0.04,-0.13,-0.09,0.07,0.03,0.07,-0.03,-0.14,0.04,1.0,0.4,994,9.479,0.016,9.054,0.016,,0.415,0.018,T,0.48,0.02,L,,9.0936,0.0019,0.022,126.0,,9.06,9.13,,,,,,,,1.0,,,,,,,,,,,,,825.0,,,P-62    13,0.31,F3V,1,182.81535648994515,2.6899366316671545,6801.361162166721
H,995,H,00 12 26.38,+45 57 34.6,8.24,2.0,H,3.10993546,45.95960688,*,3.99,-3.21,-8.15,0.6,0.55,1.02,0.63,0.6,-0.02,0.21,0.23,-0.19,0.06,-0.18,0.16,0.39,0.13,-0.13,0.0,1.86,995,10.54,0.028,8.544,0.01,*,1.583,0.218,G,1.59,0.24,R,*,8.3578,0.003,0.03,191.0,*,8.31,8.4,,U,2.0,,00124+4558,H,1.0,2.0,C,S,A,AB,91.0,0.123,0.026,1.23,0.67,,,,794.0,B+45   24,,,1.59,K5,S,250.62656641604008,1.2448644784337413,3672.7903894487345
H,996,,00 12 28.20,+20 14 03.8,8.18,,H,3.11749211,20.23439937,,19.39,216.41,-22.17,0.82,0.55,1.0,0.95,0.7,0.29,0.09,0.07,0.02,0.06,0.04,0.08,0.05,0.16,0.46,0.0,0.64,996,8.969,0.012,8.24,0.01,,0.669,0.013,T,0.73,0.01,L,,8.3201,0.0015,0.016,116.0,,8.3,8.35,,,,,,,,1.0,,,,,,,,,,S,,,804.0,B+19   18,,,0.68,G5,S,51.57297576070139,4.617889045393527,5709.878385699596
H,997,,00 12 29.82,-56 24 48.0,9.91,,H,3.1242483,-56.41332506,,2.9,13.9,-7.13,0.95,1.22,1.53,1.01,1.41,-0.11,0.04,-0.04,-0.2,0.16,0.15,0.16,0.13,-0.16,-0.09,0.0,0.05,997,10.478,0.027,9.928,0.026,,0.521,0.028,T,0.59,0.03,L,,10.0277,0.0028,0.038,147.0,,9.94,10.08,,,,,,,,1.0,,,,,,,,,,,,,839.0,,,P-57    35,0.58,F6V,1,344.82758620689657,2.22198998949478,6295.155047096477
H,998,,00 12 29.95,+32 12 14.1,8.88,,H,3.12479109,32.20391674,,1.76,-8.65,-1.43,0.9,0.55,1.01,0.98,0.61,0.05,0.09,0.17,0.36,-0.18,-0.17,-0.13,0.24,0.22,0.01,4.0,0.48,998,8.901,0.011,8.873,0.014,,0.022,0.015,G,0.01,0.01,L,,8.8887,0.0016,0.016,117.0,,8.86,8.92,,,,,,,,1.0,,,,,,,,,,,,,803.0,B+31   12,,,0.01,A0,S,568.1818181818182,0.10756333907074911,9858.851179889065
H,999,,00 12 30.12,+14 33 49.3,8.44,2.0,H,3.1254916,14.56369614,+,24.69,321.76,-71.31,1.57,0.98,1.2,1.67,1.34,-0.2,0.32,-0.29,-0.21,-0.24,0.11,-0.3,-0.33,0.05,0.57,0.0,-0.86,999,9.378,0.015,8.538,0.012,,0.739,0.015,T,0.79,0.01,L,,8.5797,0.0037,0.031,122.0,,8.52,8.63,,U,2.0,,,,,1.0,O,,,,,,,,,,,P,,B+13   13,,,0.84,K0,S,40.50222762251924,5.402605449659661,5471.658760735893
H,1000,,00 12 30.13,-22 04 01.5,8.73,,G,3.12556151,-22.06708268,,15.32,215.67,-96.1,1.18,0.71,1.34,2.08,0.83,0.05,0.01,-0.13,-0.24,0.06,0.06,0.06,-0.28,0.26,-0.3,0.0,0.02,1000,9.614,0.02,8.841,0.016,,0.707,0.002,G,0.76,0.0,H,,8.8828,0.0025,0.017,108.0,,8.85,8.91,,C,,,,,,1.0,,,,,,,,,,,,,812.0,B-22   23,C-22    30,P-22    14,0.76,K0V+...,4,65.27415143603133,4.656293826482926,5577.87317263675
H,1001,H,00 12 30.94,-32 19 15.0,9.12,,G,3.12892949,-32.32082372,*,4.61,-11.77,20.36,1.09,0.83,1.4,1.33,0.79,0.09,0.06,0.3,-0.12,0.15,0.4,-0.01,-0.35,-0.11,-0.15,3.0,1.09,1001,9.649,0.018,9.171,0.018,*,0.471,0.015,G,0.54,0.02,H,*,9.2299,0.0024,0.02,108.0,*,9.18,9.26,,,,,00125-3219,I,1.0,2.0,C,S,A,AB,186.0,0.159,0.021,1.35,0.46,,,,824.0,,C-33    42,P-33    18,0.54,F3V,3,216.91973969631235,2.43850462694824,6523.407364544044
H,1002,,00 12 31.96,-52 20 00.2,9.23,,H,3.13317674,-52.33337574,,5.62,1.42,-52.44,0.66,0.81,1.23,0.92,1.05,-0.26,-0.1,-0.09,0.18,-0.06,0.21,-0.05,-0.07,-0.11,-0.37,0.0,-0.33,1002,10.502,0.024,9.343,0.015,,0.995,0.022,T,0.97,0.02,L,,9.3912,0.0017,0.023,209.0,,9.35,9.44,,C,,,,,,1.0,,,,,,,,,,,,,838.0,,,P-53    26,1.02,K0III,1,177.93594306049823,2.9786815778453057,4754.775147760837
H,1003,,00 12 32.82,-30 51 33.4,8.66,,G,3.13675616,-30.85929019,,21.09,-13.63,-225.06,0.94,0.68,1.23,1.32,0.8,0.05,-0.25,0.0,-0.05,0.04,0.42,0.01,-0.23,0.11,0.09,2.0,0.11,1003,9.581,0.019,8.729,0.015,,0.743,0.007,G,0.79,0.01,H,,8.8054,0.0017,0.013,95.0,,8.78,8.84,,C,,,,,,1.0,,,,,,,,,,,,,823.0,,C-31    52,P-31    23,0.79,G8/K0V,3,47.415836889521096,5.280382898697432,5458.684449122721
H,1004,,00 12 32.95,+24 38 11.1,8.88,,G,3.13729126,24.63640583,,4.78,22.18,-15.28,0.86,0.55,1.04,1.04,0.59,0.16,0.14,0.14,0.18,0.02,-0.11,0.05,0.11,0.09,0.1,0.0,1.26,1004,9.28,0.015,8.931,0.016,,0.352,0.015,G,0.41,0.02,H,,8.96,0.0012,0.016,111.0,,8.93,8.99,,C,,,,,,1.0,,,,,,,,,,,,,811.0,B+23   12,,,0.41,F0,S,209.20502092050208,2.277139483060596,7146.614357201202
H,1005,H,00 12 33.15,-11 41 34.7,8.14,,H,3.13814549,-11.69298041,*,5.39,-0.02,-1.19,2.39,1.55,1.46,1.77,0.85,0.23,-0.23,-0.2,-0.22,-0.09,0.42,-0.17,-0.33,0.36,0.54,1.0,-0.01,1005,8.564,0.01,8.191,0.011,*,0.364,0.013,T,0.43,0.01,L,*,8.2282,0.0013,0.011,109.0,*,8.21,8.25,,D,,,00126-1142,I,1.0,2.0,C,,A,AS,234.0,0.271,0.009,0.0,0.13,S,,,821.0,B-12   14,,,0.39,F0V,4,185.5287569573284,1.7979438259336948,7077.934811525072
H,1006,,00 12 33.39,+21 42 50.9,11.67,,G,3.13913761,21.71414164,,34.54,189.12,-289.73,9.87,6.11,11.74,10.07,6.93,0.26,0.31,0.08,-0.06,0.04,-0.01,0.03,-0.04,-0.03,0.41,1.0,,1006,,,,,,1.48,0.02,G,1.95,0.12,I,,11.8143,0.0065,0.053,118.0,,11.71,11.91,,,,,00126+2143,I,1.0,1.0,X,,S,,,,,,,,D,G,,,,,1.95,,,28.951939779965258,9.361611666157199,3823.8388417760084
H,1008,,00 12 33.63,+44 35 26.7,7.44,,H,3.14013701,44.59075801,,0.07,-9.17,-6.18,0.52,0.45,0.83,0.55,0.5,-0.01,0.14,0.05,-0.03,0.13,-0.13,0.13,0.36,0.02,0.03,0.0,3.08,1008,9.428,0.014,7.598,0.006,,1.522,0.012,T,1.56,0.02,L,,7.5641,0.0009,0.01,182.0,,7.55,7.58,,C,,,,,,1.0,,,,,,,,,,S,,,801.0,B+43   21,,,1.5,K0,S,14285.714285714284,-8.334509799928714,3760.7132895069894
H,1007,,00 12 33.67,-88 21 46.4,7.22,,H,3.14031225,-88.36287521,,1.73,13.92,2.64,0.54,0.48,0.6,0.61,0.52,0.04,-0.08,-0.17,-0.11,0.09,0.08,0.09,0.13,-0.19,0.11,4.0,-0.13,1007,7.272,0.005,7.219,0.006,,0.054,0.007,T,0.07,0.01,L,,7.2376,0.0012,0.01,127.0,,7.22,7.26,,C,,,,,,1.0,,,,,,,,,,S,,,1348.0,,,P-89     1,0.13,B9.5IV,1,578.0346820809249,-1.5897694843560233,9498.004504983366
H,1009,H,00 12 34.08,+44 42 26.1,6.5,,H,3.14201623,44.70724772,A,6.3,98.84,-21.64,0.58,0.51,0.82,0.59,0.51,0.02,-0.02,0.04,-0.42,0.21,-0.11,0.22,0.37,-0.08,0.05,1.0,0.42,1009,7.939,0.006,6.63,0.004,*,1.112,0.005,T,1.07,0.01,L,*,6.6694,0.0006,0.008,198.0,*,6.66,6.69,,D,,,00126+4442,H,1.0,2.0,C,,A,AB,29.0,0.832,0.008,3.04,0.03,S,,,800.0,B+43   20,,,1.06,K0,S,158.73015873015873,0.49670274726790886,4488.97682483963
H,1010,,00 12 35.14,-36 29 09.6,10.07,,H,3.14640282,-36.48600696,,2.07,29.07,-4.95,1.03,1.01,1.54,1.44,1.33,0.25,-0.04,-0.12,-0.31,-0.08,-0.03,-0.09,-0.38,0.09,0.29,0.0,-0.49,1010,10.872,0.039,10.073,0.031,,0.724,0.038,T,0.78,0.03,L,,10.2198,0.0025,0.027,163.0,,10.15,10.27,,,,,,,,1.0,,,,,,,,,,,,,,,C-37    30,P-37     7,0.75,G2,S,483.09178743961354,1.6498517272845898,5520.90428861609
H,1011,,00 12 35.79,+44 18 58.6,7.01,,H,3.14910495,44.31628232,,5.28,40.81,12.59,0.52,0.45,0.8,0.53,0.5,-0.04,0.21,0.0,0.09,0.09,-0.09,0.07,0.41,-0.04,0.02,4.0,2.0,1011,8.435,0.008,7.134,0.005,,1.106,0.007,T,1.07,0.01,L,,7.1819,0.0009,0.009,171.0,,7.17,7.2,,C,,,,,,1.0,,,S,,,,,,,S,,,802.0,B+43   22,,,1.05,K0,S,189.3939393939394,0.6231696126690611,4501.845828196409
H,1012,,00 12 36.74,-13 36 36.6,8.15,,H,3.15309368,-13.61016552,,5.91,29.92,5.33,0.74,0.57,0.96,0.97,0.5,0.28,0.07,0.18,0.04,0.12,0.39,-0.02,-0.26,0.04,0.06,0.0,0.79,1012,8.183,0.008,8.146,0.01,,0.029,0.002,G,0.05,0.0,H,,8.1622,0.0016,0.015,117.0,,8.14,8.18,,,,,,,,1.0,,,,,,,,,,S,,,822.0,B-14   23,,,0.05,A1V,4,169.20473773265653,2.0079374044062765,9777.327488903338
H,1013,,00 12 38.75,-26 51 12.0,7.95,,H,3.1614569,-26.85334216,,15.34,267.83,115.26,0.84,0.6,0.99,1.04,0.58,0.02,-0.01,0.04,-0.04,0.01,0.13,0.0,-0.29,0.07,0.01,0.0,0.2,1013,9.164,0.016,8.064,0.011,,0.945,0.0,G,0.99,0.0,I,,8.1121,0.0012,0.013,97.0,,8.09,8.15,,,,,,,,1.0,,,,,,,,,,S,,,834.0,,C-27    37,P-27     8,0.99,K1IV,3,65.1890482398957,3.879126798064811,4878.793247848482
H,1014,,00 12 38.97,+39 17 16.6,8.18,,H,3.16236754,39.28794887,,1.12,20.66,8.79,0.72,0.51,0.96,0.83,0.61,0.05,-0.03,0.02,0.22,0.04,0.02,0.01,0.61,-0.18,0.12,0.0,-1.33,1014,9.971,0.019,8.342,0.009,,1.363,0.017,T,1.33,0.02,L,,8.3248,0.0012,0.011,157.0,,8.31,8.34,,,,,,,,1.0,,,,,,,,,,,,,810.0,B+38   14,,,1.3,K0,S,892.8571428571428,-1.5739098866490924,4011.926519118532
H,1015,,00 12 39.45,+09 31 40.0,10.72,,H,3.16439337,9.52777332,,4.48,9.34,11.84,1.74,1.16,2.09,1.78,1.28,0.38,0.2,-0.04,-0.09,0.18,-0.09,0.16,0.1,-0.01,0.55,0.0,-0.29,1015,11.329,0.079,10.782,0.08,,0.565,0.072,G,0.64,0.07,R,,10.8396,0.0037,0.03,79.0,,10.79,10.91,,,,,,,,1.0,,,,,,,,,,,G,,,B+08   15,,,0.64,F8,S,223.2142857142857,3.976390069990721,6108.054515691626
H,1016,,00 12 39.63,-59 30 28.3,9.56,,H,3.16511126,-59.50786377,,7.06,-63.89,-43.6,0.85,0.98,1.25,0.95,1.18,-0.08,0.07,-0.08,-0.05,0.0,0.13,-0.03,0.2,-0.18,-0.02,0.0,-0.56,1016,10.39,0.027,9.655,0.023,,0.659,0.027,T,0.72,0.02,L,,9.6995,0.0027,0.029,144.0,,9.64,9.75,,,,,,,,1.0,,,,,,,,,,,,,858.0,,,P-60    11,0.63,F8V,1,141.643059490085,3.8040235052590194,5745.736438323962
H,1017,,00 12 39.84,-61 18 45.7,8.51,,H,3.16599894,-61.31269282,,4.18,25.75,17.18,0.64,0.73,0.96,0.71,0.86,-0.12,-0.13,-0.07,-0.08,0.09,0.25,0.15,-0.09,-0.16,-0.04,1.0,-0.71,1017,9.605,0.017,8.607,0.012,,0.873,0.015,T,0.88,0.01,L,,8.667,0.0014,0.018,135.0,,8.64,8.7,,C,,,,,,1.0,,,,,,,,,,,,,859.0,,,P-62    14,0.87,G6III,1,239.23444976076559,1.6158814088751754,5069.9209153338825
H,1018,,00 12 40.29,-01 13 37.9,7.22,,G,3.16787813,-1.22719433,,4.68,77.38,-0.42,0.85,0.51,1.06,1.21,0.59,0.29,-0.01,-0.16,-0.25,-0.07,0.48,0.01,-0.14,0.27,0.3,0.0,-0.69,1018,8.574,0.011,7.317,0.007,,1.051,0.015,G,1.02,0.01,I,,7.3771,0.0011,0.007,93.0,,7.37,7.39,,,,,,,,1.0,,,,,,,,,,S,,,820.0,B-02   19,,,1.02,K0,S,213.67521367521368,0.5712292653706195,4623.532987288598
H,1019,,00 12 40.55,-43 09 52.1,7.53,,H,3.16896301,-43.16447354,,4.24,43.06,-6.96,0.6,0.56,0.87,0.7,0.79,0.04,-0.14,0.0,0.3,0.03,0.09,0.02,0.08,-0.03,-0.01,1.0,0.68,1019,8.769,0.011,7.629,0.007,,0.98,0.01,T,0.96,0.01,L,,7.6947,0.0011,0.011,112.0,,7.67,7.72,,C,,,,,,1.0,,,,,,,,,,S,,,845.0,,C-43    30,P-43     9,0.94,K0III,2,235.84905660377356,0.666829282963664,4791.27622506509
H,1020,,00 12 41.33,+19 46 18.0,9.27,,H,3.17222053,19.77166309,,8.04,196.12,-186.46,1.12,0.67,1.34,1.2,0.86,0.25,0.12,0.09,0.03,0.01,-0.02,0.04,-0.02,0.08,0.41,0.0,-0.01,1020,10.255,0.031,9.368,0.023,,0.79,0.029,T,0.82,0.02,L,,9.4192,0.0018,0.022,114.0,,9.39,9.46,,,,,,,,1.0,,,,,,,,,,,,,819.0,B+18   12,,,0.83,G5,S,124.37810945273634,3.796280243742255,5311.003662742578
H,1021,,00 12 43.49,+65 32 42.8,10.78,,H,3.18119076,65.54522744,,3.81,3.87,-0.83,1.59,1.4,1.97,2.05,1.61,-0.01,0.22,0.17,-0.15,-0.05,0.09,-0.04,0.11,0.13,0.0,0.0,3.09,1021,11.646,0.091,10.958,0.084,,0.65,0.02,G,0.71,0.02,R,,10.9143,0.0044,0.045,130.0,,10.83,10.98,,,,,,,,1.0,,,,,,,,,,,G,,,,,,0.71,,,262.4671916010499,3.684624878378095,5778.423731066208
H,1022,,00 12 45.03,+04 58 33.0,9.85,,G,3.18764257,4.97584483,,15.9,-90.95,-219.2,1.53,0.89,1.78,1.92,0.96,0.27,-0.13,0.12,-0.19,0.11,0.39,0.04,-0.01,0.11,0.31,0.0,0.46,1022,11.161,0.069,9.963,0.039,,0.939,0.015,G,0.99,0.02,I,,9.9853,0.002,0.02,81.0,,9.94,10.02,,C,,,,,,1.0,,,,,,,,,,,,,,B+04   16,,,0.99,K0,S,62.893081761006286,5.8569856216022576,4894.13686326724
H,1023,,00 12 45.23,+57 13 39.2,7.34,,H,3.18847272,57.22755962,,2.37,2.6,-7.84,0.5,0.54,0.83,0.59,0.63,-0.28,0.16,0.05,0.14,0.0,0.07,0.04,-0.02,0.24,-0.24,0.0,1.15,1023,9.521,0.015,7.544,0.006,,1.639,0.013,T,1.66,0.01,L,,7.4436,0.0012,0.015,164.0,,7.42,7.47,,,,,,,,1.0,,,,,,,,,,S,,,809.0,B+56   19,,,1.75,K2,S,421.94092827004215,-0.7862582699494798,3595.744891704938
H,1024,,00 12 45.82,+31 18 35.0,9.55,,H,3.19089969,31.30971644,,4.23,7.67,-20.81,0.95,0.57,1.08,1.07,0.64,0.11,0.21,0.24,0.23,-0.08,-0.04,-0.05,0.3,0.09,0.08,0.0,2.82,1024,9.944,0.025,9.571,0.026,,0.353,0.034,T,0.41,0.04,L,,9.6394,0.0027,0.022,118.0,,9.6,9.67,,,,,,,,1.0,,,,,,,,,,,,,,B+30   17,,,0.28,A5,S,236.40661938534276,2.681701836875213,7140.835626793466
H,1025,,00 12 46.45,+27 06 33.1,8.19,,H,3.19355537,27.10919668,,2.79,-0.34,-22.19,1.02,0.58,1.21,1.28,0.66,0.01,0.06,0.03,-0.18,0.04,0.27,0.05,0.03,0.07,-0.04,2.0,0.63,1025,9.953,0.031,8.348,0.016,,1.345,0.027,T,1.31,0.03,L,,8.3403,0.0017,0.016,105.0,,8.32,8.37,,,,,,,,1.0,,,,,,,,,,,,,830.0,B+26   10,,,1.28,K0,S,358.42293906810033,0.4180210163679874,4042.5909236362254
H,1026,,00 12 47.96,+46 05 43.6,6.63,,H,3.19984759,46.09543717,,18.06,94.57,-13.25,0.44,0.42,0.76,0.47,0.47,0.02,0.16,0.17,-0.22,0.14,-0.24,0.2,0.34,0.01,0.01,0.0,0.76,1026,7.094,0.004,6.668,0.004,,0.402,0.005,T,0.47,0.01,L,,6.7235,0.0007,0.008,189.0,,6.71,6.74,,C,,,,,,1.0,G,,,,,,,,,S,,,818.0,B+45   26,,,0.47,F2,S,55.370985603543744,2.913588729887435,6869.609713098875
H,1027,,00 12 48.51,+15 33 37.3,8.63,,G,3.20212287,15.56037208,,4.71,22.82,16.79,0.95,0.55,1.17,1.12,0.7,0.35,0.02,-0.03,-0.04,0.0,0.13,0.0,0.1,0.17,0.44,0.0,0.61,1027,10.071,0.024,8.764,0.014,,1.1,0.015,G,1.06,0.02,H,,8.7784,0.0012,0.015,126.0,,8.75,8.81,,C,,,,,,1.0,,,,,,,,,,,,,831.0,B+14   11,,,1.06,K0,S,212.31422505307856,1.9951045356444812,4514.792642720805
H,1028,,00 12 49.55,-31 53 51.7,8.8,,H,3.20647423,-31.89768114,,6.35,114.99,36.6,1.16,0.73,1.36,1.41,0.79,-0.02,0.23,0.02,-0.21,0.07,0.18,0.08,-0.32,0.12,-0.18,2.0,-0.36,1028,9.713,0.023,8.862,0.017,,0.725,0.015,G,0.78,0.01,H,,8.9363,0.002,0.016,86.0,,8.9,8.96,,,,,,,,1.0,,,,,,,,,,S,,,856.0,,C-32    49,P-32    25,0.78,G3/G5V,3,157.48031496062993,2.813868626459879,5517.591829378902
H,1029,,00 12 49.84,-47 30 48.7,9.86,,G,3.2076578,-47.51351954,,5.72,40.55,-5.18,1.21,1.08,1.59,1.34,1.27,-0.08,-0.31,0.03,-0.06,0.06,0.06,0.07,-0.12,-0.05,-0.2,0.0,2.59,1029,10.479,0.031,9.874,0.028,,0.601,0.003,G,0.67,0.0,H,,9.9843,0.0029,0.032,106.0,,9.93,10.04,,C,,,,,,1.0,,,,,,,,,,,,,857.0,,C-48    23,P-48    10,0.67,F7/F8V,2,174.82517482517486,3.64698014396512,5963.630750076432
